[2025-11-15T17:34:02.961+0000] {processor.py:186} INFO - Started process (PID=176) to work on /opt/airflow/dags/php_dag.py
[2025-11-15T17:34:02.962+0000] {processor.py:914} INFO - Processing file /opt/airflow/dags/php_dag.py for tasks to queue
[2025-11-15T17:34:02.964+0000] {logging_mixin.py:190} INFO - [2025-11-15T17:34:02.964+0000] {dagbag.py:587} INFO - Filling up the DagBag from /opt/airflow/dags/php_dag.py
[2025-11-15T17:34:02.982+0000] {processor.py:925} INFO - DAG(s) 'rodar_script_php' retrieved from /opt/airflow/dags/php_dag.py
[2025-11-15T17:34:03.158+0000] {logging_mixin.py:190} INFO - [2025-11-15T17:34:03.157+0000] {override.py:1900} INFO - Created Permission View: can read on DAG:rodar_script_php
[2025-11-15T17:34:03.168+0000] {logging_mixin.py:190} INFO - [2025-11-15T17:34:03.168+0000] {override.py:1900} INFO - Created Permission View: can delete on DAG:rodar_script_php
[2025-11-15T17:34:03.173+0000] {logging_mixin.py:190} INFO - [2025-11-15T17:34:03.173+0000] {override.py:1900} INFO - Created Permission View: can edit on DAG:rodar_script_php
[2025-11-15T17:34:03.179+0000] {logging_mixin.py:190} INFO - [2025-11-15T17:34:03.179+0000] {override.py:1900} INFO - Created Permission View: menu access on DAG Run:rodar_script_php
[2025-11-15T17:34:03.184+0000] {logging_mixin.py:190} INFO - [2025-11-15T17:34:03.184+0000] {override.py:1900} INFO - Created Permission View: can read on DAG Run:rodar_script_php
[2025-11-15T17:34:03.191+0000] {logging_mixin.py:190} INFO - [2025-11-15T17:34:03.190+0000] {override.py:1900} INFO - Created Permission View: can delete on DAG Run:rodar_script_php
[2025-11-15T17:34:03.196+0000] {logging_mixin.py:190} INFO - [2025-11-15T17:34:03.196+0000] {override.py:1900} INFO - Created Permission View: can create on DAG Run:rodar_script_php
[2025-11-15T17:34:03.196+0000] {logging_mixin.py:190} INFO - [2025-11-15T17:34:03.196+0000] {dag.py:3229} INFO - Sync 1 DAGs
[2025-11-15T17:34:03.208+0000] {logging_mixin.py:190} INFO - [2025-11-15T17:34:03.208+0000] {dag.py:3252} INFO - Creating ORM DAG for rodar_script_php
[2025-11-15T17:34:03.217+0000] {logging_mixin.py:190} INFO - [2025-11-15T17:34:03.217+0000] {dag.py:4156} INFO - Setting next_dagrun for rodar_script_php to 2025-11-14 00:00:00+00:00, run_after=2025-11-15 00:00:00+00:00
[2025-11-15T17:34:03.230+0000] {processor.py:208} INFO - Processing /opt/airflow/dags/php_dag.py took 0.275 seconds
[2025-11-15T17:34:33.372+0000] {processor.py:186} INFO - Started process (PID=181) to work on /opt/airflow/dags/php_dag.py
[2025-11-15T17:34:33.373+0000] {processor.py:914} INFO - Processing file /opt/airflow/dags/php_dag.py for tasks to queue
[2025-11-15T17:34:33.376+0000] {logging_mixin.py:190} INFO - [2025-11-15T17:34:33.376+0000] {dagbag.py:587} INFO - Filling up the DagBag from /opt/airflow/dags/php_dag.py
[2025-11-15T17:34:33.387+0000] {processor.py:925} INFO - DAG(s) 'rodar_script_php' retrieved from /opt/airflow/dags/php_dag.py
[2025-11-15T17:34:33.413+0000] {logging_mixin.py:190} INFO - [2025-11-15T17:34:33.413+0000] {dag.py:3229} INFO - Sync 1 DAGs
[2025-11-15T17:34:33.433+0000] {logging_mixin.py:190} INFO - [2025-11-15T17:34:33.433+0000] {dag.py:4156} INFO - Setting next_dagrun for rodar_script_php to 2025-11-14 00:00:00+00:00, run_after=2025-11-15 00:00:00+00:00
[2025-11-15T17:34:33.446+0000] {processor.py:208} INFO - Processing /opt/airflow/dags/php_dag.py took 0.079 seconds
[2025-11-15T17:35:03.516+0000] {processor.py:186} INFO - Started process (PID=186) to work on /opt/airflow/dags/php_dag.py
[2025-11-15T17:35:03.517+0000] {processor.py:914} INFO - Processing file /opt/airflow/dags/php_dag.py for tasks to queue
[2025-11-15T17:35:03.521+0000] {logging_mixin.py:190} INFO - [2025-11-15T17:35:03.521+0000] {dagbag.py:587} INFO - Filling up the DagBag from /opt/airflow/dags/php_dag.py
[2025-11-15T17:35:03.531+0000] {processor.py:925} INFO - DAG(s) 'rodar_script_php' retrieved from /opt/airflow/dags/php_dag.py
[2025-11-15T17:35:03.553+0000] {logging_mixin.py:190} INFO - [2025-11-15T17:35:03.553+0000] {dag.py:3229} INFO - Sync 1 DAGs
[2025-11-15T17:35:03.572+0000] {logging_mixin.py:190} INFO - [2025-11-15T17:35:03.572+0000] {dag.py:4156} INFO - Setting next_dagrun for rodar_script_php to 2025-11-14 00:00:00+00:00, run_after=2025-11-15 00:00:00+00:00
[2025-11-15T17:35:03.585+0000] {processor.py:208} INFO - Processing /opt/airflow/dags/php_dag.py took 0.075 seconds
[2025-11-15T17:35:33.735+0000] {processor.py:186} INFO - Started process (PID=191) to work on /opt/airflow/dags/php_dag.py
[2025-11-15T17:35:33.736+0000] {processor.py:914} INFO - Processing file /opt/airflow/dags/php_dag.py for tasks to queue
[2025-11-15T17:35:33.738+0000] {logging_mixin.py:190} INFO - [2025-11-15T17:35:33.738+0000] {dagbag.py:587} INFO - Filling up the DagBag from /opt/airflow/dags/php_dag.py
[2025-11-15T17:35:33.749+0000] {processor.py:925} INFO - DAG(s) 'rodar_script_php' retrieved from /opt/airflow/dags/php_dag.py
[2025-11-15T17:35:33.774+0000] {logging_mixin.py:190} INFO - [2025-11-15T17:35:33.774+0000] {dag.py:3229} INFO - Sync 1 DAGs
[2025-11-15T17:35:33.793+0000] {logging_mixin.py:190} INFO - [2025-11-15T17:35:33.792+0000] {dag.py:4156} INFO - Setting next_dagrun for rodar_script_php to 2025-11-14 00:00:00+00:00, run_after=2025-11-15 00:00:00+00:00
[2025-11-15T17:35:33.805+0000] {processor.py:208} INFO - Processing /opt/airflow/dags/php_dag.py took 0.076 seconds
[2025-11-15T17:36:03.894+0000] {processor.py:186} INFO - Started process (PID=196) to work on /opt/airflow/dags/php_dag.py
[2025-11-15T17:36:03.895+0000] {processor.py:914} INFO - Processing file /opt/airflow/dags/php_dag.py for tasks to queue
[2025-11-15T17:36:03.897+0000] {logging_mixin.py:190} INFO - [2025-11-15T17:36:03.897+0000] {dagbag.py:587} INFO - Filling up the DagBag from /opt/airflow/dags/php_dag.py
[2025-11-15T17:36:03.908+0000] {processor.py:925} INFO - DAG(s) 'rodar_script_php' retrieved from /opt/airflow/dags/php_dag.py
[2025-11-15T17:36:03.932+0000] {logging_mixin.py:190} INFO - [2025-11-15T17:36:03.931+0000] {dag.py:3229} INFO - Sync 1 DAGs
[2025-11-15T17:36:03.949+0000] {logging_mixin.py:190} INFO - [2025-11-15T17:36:03.949+0000] {dag.py:4156} INFO - Setting next_dagrun for rodar_script_php to 2025-11-14 00:00:00+00:00, run_after=2025-11-15 00:00:00+00:00
[2025-11-15T17:36:03.963+0000] {processor.py:208} INFO - Processing /opt/airflow/dags/php_dag.py took 0.075 seconds
[2025-11-15T17:36:34.091+0000] {processor.py:186} INFO - Started process (PID=201) to work on /opt/airflow/dags/php_dag.py
[2025-11-15T17:36:34.092+0000] {processor.py:914} INFO - Processing file /opt/airflow/dags/php_dag.py for tasks to queue
[2025-11-15T17:36:34.094+0000] {logging_mixin.py:190} INFO - [2025-11-15T17:36:34.094+0000] {dagbag.py:587} INFO - Filling up the DagBag from /opt/airflow/dags/php_dag.py
[2025-11-15T17:36:34.105+0000] {processor.py:925} INFO - DAG(s) 'rodar_script_php' retrieved from /opt/airflow/dags/php_dag.py
[2025-11-15T17:36:34.127+0000] {logging_mixin.py:190} INFO - [2025-11-15T17:36:34.127+0000] {dag.py:3229} INFO - Sync 1 DAGs
[2025-11-15T17:36:34.146+0000] {logging_mixin.py:190} INFO - [2025-11-15T17:36:34.146+0000] {dag.py:4156} INFO - Setting next_dagrun for rodar_script_php to 2025-11-14 00:00:00+00:00, run_after=2025-11-15 00:00:00+00:00
[2025-11-15T17:36:34.160+0000] {processor.py:208} INFO - Processing /opt/airflow/dags/php_dag.py took 0.075 seconds
[2025-11-15T17:37:04.249+0000] {processor.py:186} INFO - Started process (PID=206) to work on /opt/airflow/dags/php_dag.py
[2025-11-15T17:37:04.250+0000] {processor.py:914} INFO - Processing file /opt/airflow/dags/php_dag.py for tasks to queue
[2025-11-15T17:37:04.252+0000] {logging_mixin.py:190} INFO - [2025-11-15T17:37:04.252+0000] {dagbag.py:587} INFO - Filling up the DagBag from /opt/airflow/dags/php_dag.py
[2025-11-15T17:37:04.262+0000] {processor.py:925} INFO - DAG(s) 'rodar_script_php' retrieved from /opt/airflow/dags/php_dag.py
[2025-11-15T17:37:04.284+0000] {logging_mixin.py:190} INFO - [2025-11-15T17:37:04.284+0000] {dag.py:3229} INFO - Sync 1 DAGs
[2025-11-15T17:37:04.301+0000] {logging_mixin.py:190} INFO - [2025-11-15T17:37:04.301+0000] {dag.py:4156} INFO - Setting next_dagrun for rodar_script_php to 2025-11-14 00:00:00+00:00, run_after=2025-11-15 00:00:00+00:00
[2025-11-15T17:37:04.314+0000] {processor.py:208} INFO - Processing /opt/airflow/dags/php_dag.py took 0.070 seconds
[2025-11-15T17:37:34.443+0000] {processor.py:186} INFO - Started process (PID=211) to work on /opt/airflow/dags/php_dag.py
[2025-11-15T17:37:34.443+0000] {processor.py:914} INFO - Processing file /opt/airflow/dags/php_dag.py for tasks to queue
[2025-11-15T17:37:34.446+0000] {logging_mixin.py:190} INFO - [2025-11-15T17:37:34.446+0000] {dagbag.py:587} INFO - Filling up the DagBag from /opt/airflow/dags/php_dag.py
[2025-11-15T17:37:34.455+0000] {processor.py:925} INFO - DAG(s) 'rodar_script_php' retrieved from /opt/airflow/dags/php_dag.py
[2025-11-15T17:37:34.478+0000] {logging_mixin.py:190} INFO - [2025-11-15T17:37:34.477+0000] {dag.py:3229} INFO - Sync 1 DAGs
[2025-11-15T17:37:34.496+0000] {logging_mixin.py:190} INFO - [2025-11-15T17:37:34.496+0000] {dag.py:4156} INFO - Setting next_dagrun for rodar_script_php to 2025-11-14 00:00:00+00:00, run_after=2025-11-15 00:00:00+00:00
[2025-11-15T17:37:34.508+0000] {processor.py:208} INFO - Processing /opt/airflow/dags/php_dag.py took 0.070 seconds
[2025-11-15T17:38:04.604+0000] {processor.py:186} INFO - Started process (PID=216) to work on /opt/airflow/dags/php_dag.py
[2025-11-15T17:38:04.605+0000] {processor.py:914} INFO - Processing file /opt/airflow/dags/php_dag.py for tasks to queue
[2025-11-15T17:38:04.608+0000] {logging_mixin.py:190} INFO - [2025-11-15T17:38:04.608+0000] {dagbag.py:587} INFO - Filling up the DagBag from /opt/airflow/dags/php_dag.py
[2025-11-15T17:38:04.618+0000] {processor.py:925} INFO - DAG(s) 'rodar_script_php' retrieved from /opt/airflow/dags/php_dag.py
[2025-11-15T17:38:04.640+0000] {logging_mixin.py:190} INFO - [2025-11-15T17:38:04.639+0000] {dag.py:3229} INFO - Sync 1 DAGs
[2025-11-15T17:38:04.658+0000] {logging_mixin.py:190} INFO - [2025-11-15T17:38:04.658+0000] {dag.py:4156} INFO - Setting next_dagrun for rodar_script_php to 2025-11-14 00:00:00+00:00, run_after=2025-11-15 00:00:00+00:00
[2025-11-15T17:38:04.671+0000] {processor.py:208} INFO - Processing /opt/airflow/dags/php_dag.py took 0.072 seconds
[2025-11-15T17:38:34.794+0000] {processor.py:186} INFO - Started process (PID=221) to work on /opt/airflow/dags/php_dag.py
[2025-11-15T17:38:34.795+0000] {processor.py:914} INFO - Processing file /opt/airflow/dags/php_dag.py for tasks to queue
[2025-11-15T17:38:34.797+0000] {logging_mixin.py:190} INFO - [2025-11-15T17:38:34.796+0000] {dagbag.py:587} INFO - Filling up the DagBag from /opt/airflow/dags/php_dag.py
[2025-11-15T17:38:34.807+0000] {processor.py:925} INFO - DAG(s) 'rodar_script_php' retrieved from /opt/airflow/dags/php_dag.py
[2025-11-15T17:38:34.829+0000] {logging_mixin.py:190} INFO - [2025-11-15T17:38:34.828+0000] {dag.py:3229} INFO - Sync 1 DAGs
[2025-11-15T17:38:34.847+0000] {logging_mixin.py:190} INFO - [2025-11-15T17:38:34.847+0000] {dag.py:4156} INFO - Setting next_dagrun for rodar_script_php to 2025-11-14 00:00:00+00:00, run_after=2025-11-15 00:00:00+00:00
[2025-11-15T17:38:34.860+0000] {processor.py:208} INFO - Processing /opt/airflow/dags/php_dag.py took 0.070 seconds
[2025-11-15T17:39:04.963+0000] {processor.py:186} INFO - Started process (PID=226) to work on /opt/airflow/dags/php_dag.py
[2025-11-15T17:39:04.964+0000] {processor.py:914} INFO - Processing file /opt/airflow/dags/php_dag.py for tasks to queue
[2025-11-15T17:39:04.966+0000] {logging_mixin.py:190} INFO - [2025-11-15T17:39:04.966+0000] {dagbag.py:587} INFO - Filling up the DagBag from /opt/airflow/dags/php_dag.py
[2025-11-15T17:39:04.977+0000] {processor.py:925} INFO - DAG(s) 'rodar_script_php' retrieved from /opt/airflow/dags/php_dag.py
[2025-11-15T17:39:04.998+0000] {logging_mixin.py:190} INFO - [2025-11-15T17:39:04.998+0000] {dag.py:3229} INFO - Sync 1 DAGs
[2025-11-15T17:39:05.021+0000] {logging_mixin.py:190} INFO - [2025-11-15T17:39:05.021+0000] {dag.py:4156} INFO - Setting next_dagrun for rodar_script_php to 2025-11-14 00:00:00+00:00, run_after=2025-11-15 00:00:00+00:00
[2025-11-15T17:39:05.181+0000] {processor.py:208} INFO - Processing /opt/airflow/dags/php_dag.py took 0.224 seconds
[2025-11-15T17:39:35.324+0000] {processor.py:186} INFO - Started process (PID=231) to work on /opt/airflow/dags/php_dag.py
[2025-11-15T17:39:35.325+0000] {processor.py:914} INFO - Processing file /opt/airflow/dags/php_dag.py for tasks to queue
[2025-11-15T17:39:35.328+0000] {logging_mixin.py:190} INFO - [2025-11-15T17:39:35.327+0000] {dagbag.py:587} INFO - Filling up the DagBag from /opt/airflow/dags/php_dag.py
[2025-11-15T17:39:35.341+0000] {processor.py:925} INFO - DAG(s) 'rodar_script_php' retrieved from /opt/airflow/dags/php_dag.py
[2025-11-15T17:39:35.366+0000] {logging_mixin.py:190} INFO - [2025-11-15T17:39:35.366+0000] {dag.py:3229} INFO - Sync 1 DAGs
[2025-11-15T17:39:35.533+0000] {logging_mixin.py:190} INFO - [2025-11-15T17:39:35.532+0000] {dag.py:4156} INFO - Setting next_dagrun for rodar_script_php to 2025-11-14 00:00:00+00:00, run_after=2025-11-15 00:00:00+00:00
[2025-11-15T17:39:35.545+0000] {processor.py:208} INFO - Processing /opt/airflow/dags/php_dag.py took 0.227 seconds
[2025-11-15T17:40:05.697+0000] {processor.py:186} INFO - Started process (PID=236) to work on /opt/airflow/dags/php_dag.py
[2025-11-15T17:40:05.699+0000] {processor.py:914} INFO - Processing file /opt/airflow/dags/php_dag.py for tasks to queue
[2025-11-15T17:40:05.700+0000] {logging_mixin.py:190} INFO - [2025-11-15T17:40:05.700+0000] {dagbag.py:587} INFO - Filling up the DagBag from /opt/airflow/dags/php_dag.py
[2025-11-15T17:40:05.710+0000] {processor.py:925} INFO - DAG(s) 'rodar_script_php' retrieved from /opt/airflow/dags/php_dag.py
[2025-11-15T17:40:05.733+0000] {logging_mixin.py:190} INFO - [2025-11-15T17:40:05.733+0000] {dag.py:3229} INFO - Sync 1 DAGs
[2025-11-15T17:40:05.753+0000] {logging_mixin.py:190} INFO - [2025-11-15T17:40:05.753+0000] {dag.py:4156} INFO - Setting next_dagrun for rodar_script_php to 2025-11-14 00:00:00+00:00, run_after=2025-11-15 00:00:00+00:00
[2025-11-15T17:40:05.769+0000] {processor.py:208} INFO - Processing /opt/airflow/dags/php_dag.py took 0.076 seconds
[2025-11-15T17:40:35.847+0000] {processor.py:186} INFO - Started process (PID=241) to work on /opt/airflow/dags/php_dag.py
[2025-11-15T17:40:35.848+0000] {processor.py:914} INFO - Processing file /opt/airflow/dags/php_dag.py for tasks to queue
[2025-11-15T17:40:35.850+0000] {logging_mixin.py:190} INFO - [2025-11-15T17:40:35.850+0000] {dagbag.py:587} INFO - Filling up the DagBag from /opt/airflow/dags/php_dag.py
[2025-11-15T17:40:35.860+0000] {processor.py:925} INFO - DAG(s) 'rodar_script_php' retrieved from /opt/airflow/dags/php_dag.py
[2025-11-15T17:40:35.885+0000] {logging_mixin.py:190} INFO - [2025-11-15T17:40:35.885+0000] {dag.py:3229} INFO - Sync 1 DAGs
[2025-11-15T17:40:35.905+0000] {logging_mixin.py:190} INFO - [2025-11-15T17:40:35.905+0000] {dag.py:4156} INFO - Setting next_dagrun for rodar_script_php to 2025-11-14 00:00:00+00:00, run_after=2025-11-15 00:00:00+00:00
[2025-11-15T17:40:35.921+0000] {processor.py:208} INFO - Processing /opt/airflow/dags/php_dag.py took 0.079 seconds
[2025-11-15T17:41:06.053+0000] {processor.py:186} INFO - Started process (PID=246) to work on /opt/airflow/dags/php_dag.py
[2025-11-15T17:41:06.060+0000] {processor.py:914} INFO - Processing file /opt/airflow/dags/php_dag.py for tasks to queue
[2025-11-15T17:41:06.062+0000] {logging_mixin.py:190} INFO - [2025-11-15T17:41:06.062+0000] {dagbag.py:587} INFO - Filling up the DagBag from /opt/airflow/dags/php_dag.py
[2025-11-15T17:41:06.073+0000] {processor.py:925} INFO - DAG(s) 'rodar_script_php' retrieved from /opt/airflow/dags/php_dag.py
[2025-11-15T17:41:06.095+0000] {logging_mixin.py:190} INFO - [2025-11-15T17:41:06.095+0000] {dag.py:3229} INFO - Sync 1 DAGs
[2025-11-15T17:41:06.113+0000] {logging_mixin.py:190} INFO - [2025-11-15T17:41:06.113+0000] {dag.py:4156} INFO - Setting next_dagrun for rodar_script_php to 2025-11-14 00:00:00+00:00, run_after=2025-11-15 00:00:00+00:00
[2025-11-15T17:41:06.126+0000] {processor.py:208} INFO - Processing /opt/airflow/dags/php_dag.py took 0.079 seconds
[2025-11-15T17:41:36.220+0000] {processor.py:186} INFO - Started process (PID=251) to work on /opt/airflow/dags/php_dag.py
[2025-11-15T17:41:36.227+0000] {processor.py:914} INFO - Processing file /opt/airflow/dags/php_dag.py for tasks to queue
[2025-11-15T17:41:36.229+0000] {logging_mixin.py:190} INFO - [2025-11-15T17:41:36.229+0000] {dagbag.py:587} INFO - Filling up the DagBag from /opt/airflow/dags/php_dag.py
[2025-11-15T17:41:36.239+0000] {processor.py:925} INFO - DAG(s) 'rodar_script_php' retrieved from /opt/airflow/dags/php_dag.py
[2025-11-15T17:41:36.262+0000] {logging_mixin.py:190} INFO - [2025-11-15T17:41:36.261+0000] {dag.py:3229} INFO - Sync 1 DAGs
[2025-11-15T17:41:36.281+0000] {logging_mixin.py:190} INFO - [2025-11-15T17:41:36.280+0000] {dag.py:4156} INFO - Setting next_dagrun for rodar_script_php to 2025-11-14 00:00:00+00:00, run_after=2025-11-15 00:00:00+00:00
[2025-11-15T17:41:36.295+0000] {processor.py:208} INFO - Processing /opt/airflow/dags/php_dag.py took 0.080 seconds
[2025-11-15T17:42:06.417+0000] {processor.py:186} INFO - Started process (PID=256) to work on /opt/airflow/dags/php_dag.py
[2025-11-15T17:42:06.417+0000] {processor.py:914} INFO - Processing file /opt/airflow/dags/php_dag.py for tasks to queue
[2025-11-15T17:42:06.420+0000] {logging_mixin.py:190} INFO - [2025-11-15T17:42:06.419+0000] {dagbag.py:587} INFO - Filling up the DagBag from /opt/airflow/dags/php_dag.py
[2025-11-15T17:42:06.430+0000] {processor.py:925} INFO - DAG(s) 'rodar_script_php' retrieved from /opt/airflow/dags/php_dag.py
[2025-11-15T17:42:06.451+0000] {logging_mixin.py:190} INFO - [2025-11-15T17:42:06.451+0000] {dag.py:3229} INFO - Sync 1 DAGs
[2025-11-15T17:42:06.615+0000] {logging_mixin.py:190} INFO - [2025-11-15T17:42:06.615+0000] {dag.py:4156} INFO - Setting next_dagrun for rodar_script_php to 2025-11-14 00:00:00+00:00, run_after=2025-11-15 00:00:00+00:00
[2025-11-15T17:42:06.627+0000] {processor.py:208} INFO - Processing /opt/airflow/dags/php_dag.py took 0.216 seconds
[2025-11-15T17:42:36.777+0000] {processor.py:186} INFO - Started process (PID=261) to work on /opt/airflow/dags/php_dag.py
[2025-11-15T17:42:36.784+0000] {processor.py:914} INFO - Processing file /opt/airflow/dags/php_dag.py for tasks to queue
[2025-11-15T17:42:36.787+0000] {logging_mixin.py:190} INFO - [2025-11-15T17:42:36.786+0000] {dagbag.py:587} INFO - Filling up the DagBag from /opt/airflow/dags/php_dag.py
[2025-11-15T17:42:36.796+0000] {processor.py:925} INFO - DAG(s) 'rodar_script_php' retrieved from /opt/airflow/dags/php_dag.py
[2025-11-15T17:42:36.820+0000] {logging_mixin.py:190} INFO - [2025-11-15T17:42:36.820+0000] {dag.py:3229} INFO - Sync 1 DAGs
[2025-11-15T17:42:36.989+0000] {logging_mixin.py:190} INFO - [2025-11-15T17:42:36.989+0000] {dag.py:4156} INFO - Setting next_dagrun for rodar_script_php to 2025-11-14 00:00:00+00:00, run_after=2025-11-15 00:00:00+00:00
[2025-11-15T17:42:37.002+0000] {processor.py:208} INFO - Processing /opt/airflow/dags/php_dag.py took 0.229 seconds
[2025-11-15T17:43:07.149+0000] {processor.py:186} INFO - Started process (PID=266) to work on /opt/airflow/dags/php_dag.py
[2025-11-15T17:43:07.150+0000] {processor.py:914} INFO - Processing file /opt/airflow/dags/php_dag.py for tasks to queue
[2025-11-15T17:43:07.152+0000] {logging_mixin.py:190} INFO - [2025-11-15T17:43:07.152+0000] {dagbag.py:587} INFO - Filling up the DagBag from /opt/airflow/dags/php_dag.py
[2025-11-15T17:43:07.163+0000] {processor.py:925} INFO - DAG(s) 'rodar_script_php' retrieved from /opt/airflow/dags/php_dag.py
[2025-11-15T17:43:07.185+0000] {logging_mixin.py:190} INFO - [2025-11-15T17:43:07.185+0000] {dag.py:3229} INFO - Sync 1 DAGs
[2025-11-15T17:43:07.203+0000] {logging_mixin.py:190} INFO - [2025-11-15T17:43:07.203+0000] {dag.py:4156} INFO - Setting next_dagrun for rodar_script_php to 2025-11-14 00:00:00+00:00, run_after=2025-11-15 00:00:00+00:00
[2025-11-15T17:43:07.216+0000] {processor.py:208} INFO - Processing /opt/airflow/dags/php_dag.py took 0.073 seconds
[2025-11-15T17:43:37.298+0000] {processor.py:186} INFO - Started process (PID=271) to work on /opt/airflow/dags/php_dag.py
[2025-11-15T17:43:37.298+0000] {processor.py:914} INFO - Processing file /opt/airflow/dags/php_dag.py for tasks to queue
[2025-11-15T17:43:37.300+0000] {logging_mixin.py:190} INFO - [2025-11-15T17:43:37.300+0000] {dagbag.py:587} INFO - Filling up the DagBag from /opt/airflow/dags/php_dag.py
[2025-11-15T17:43:37.311+0000] {processor.py:925} INFO - DAG(s) 'rodar_script_php' retrieved from /opt/airflow/dags/php_dag.py
[2025-11-15T17:43:37.335+0000] {logging_mixin.py:190} INFO - [2025-11-15T17:43:37.334+0000] {dag.py:3229} INFO - Sync 1 DAGs
[2025-11-15T17:43:37.355+0000] {logging_mixin.py:190} INFO - [2025-11-15T17:43:37.354+0000] {dag.py:4156} INFO - Setting next_dagrun for rodar_script_php to 2025-11-14 00:00:00+00:00, run_after=2025-11-15 00:00:00+00:00
[2025-11-15T17:43:37.367+0000] {processor.py:208} INFO - Processing /opt/airflow/dags/php_dag.py took 0.074 seconds
[2025-11-15T17:44:07.507+0000] {processor.py:186} INFO - Started process (PID=276) to work on /opt/airflow/dags/php_dag.py
[2025-11-15T17:44:07.508+0000] {processor.py:914} INFO - Processing file /opt/airflow/dags/php_dag.py for tasks to queue
[2025-11-15T17:44:07.510+0000] {logging_mixin.py:190} INFO - [2025-11-15T17:44:07.509+0000] {dagbag.py:587} INFO - Filling up the DagBag from /opt/airflow/dags/php_dag.py
[2025-11-15T17:44:07.519+0000] {processor.py:925} INFO - DAG(s) 'rodar_script_php' retrieved from /opt/airflow/dags/php_dag.py
[2025-11-15T17:44:07.541+0000] {logging_mixin.py:190} INFO - [2025-11-15T17:44:07.541+0000] {dag.py:3229} INFO - Sync 1 DAGs
[2025-11-15T17:44:07.560+0000] {logging_mixin.py:190} INFO - [2025-11-15T17:44:07.560+0000] {dag.py:4156} INFO - Setting next_dagrun for rodar_script_php to 2025-11-14 00:00:00+00:00, run_after=2025-11-15 00:00:00+00:00
[2025-11-15T17:44:07.572+0000] {processor.py:208} INFO - Processing /opt/airflow/dags/php_dag.py took 0.070 seconds
[2025-11-15T17:44:37.662+0000] {processor.py:186} INFO - Started process (PID=281) to work on /opt/airflow/dags/php_dag.py
[2025-11-15T17:44:37.662+0000] {processor.py:914} INFO - Processing file /opt/airflow/dags/php_dag.py for tasks to queue
[2025-11-15T17:44:37.664+0000] {logging_mixin.py:190} INFO - [2025-11-15T17:44:37.664+0000] {dagbag.py:587} INFO - Filling up the DagBag from /opt/airflow/dags/php_dag.py
[2025-11-15T17:44:37.677+0000] {processor.py:925} INFO - DAG(s) 'rodar_script_php' retrieved from /opt/airflow/dags/php_dag.py
[2025-11-15T17:44:37.699+0000] {logging_mixin.py:190} INFO - [2025-11-15T17:44:37.699+0000] {dag.py:3229} INFO - Sync 1 DAGs
[2025-11-15T17:44:37.717+0000] {logging_mixin.py:190} INFO - [2025-11-15T17:44:37.716+0000] {dag.py:4156} INFO - Setting next_dagrun for rodar_script_php to 2025-11-14 00:00:00+00:00, run_after=2025-11-15 00:00:00+00:00
[2025-11-15T17:44:37.863+0000] {processor.py:208} INFO - Processing /opt/airflow/dags/php_dag.py took 0.208 seconds
[2025-11-15T17:45:08.011+0000] {processor.py:186} INFO - Started process (PID=286) to work on /opt/airflow/dags/php_dag.py
[2025-11-15T17:45:08.012+0000] {processor.py:914} INFO - Processing file /opt/airflow/dags/php_dag.py for tasks to queue
[2025-11-15T17:45:08.014+0000] {logging_mixin.py:190} INFO - [2025-11-15T17:45:08.014+0000] {dagbag.py:587} INFO - Filling up the DagBag from /opt/airflow/dags/php_dag.py
[2025-11-15T17:45:08.024+0000] {processor.py:925} INFO - DAG(s) 'rodar_script_php' retrieved from /opt/airflow/dags/php_dag.py
[2025-11-15T17:45:08.043+0000] {logging_mixin.py:190} INFO - [2025-11-15T17:45:08.043+0000] {dag.py:3229} INFO - Sync 1 DAGs
[2025-11-15T17:45:08.193+0000] {logging_mixin.py:190} INFO - [2025-11-15T17:45:08.193+0000] {dag.py:4156} INFO - Setting next_dagrun for rodar_script_php to 2025-11-14 00:00:00+00:00, run_after=2025-11-15 00:00:00+00:00
[2025-11-15T17:45:08.205+0000] {processor.py:208} INFO - Processing /opt/airflow/dags/php_dag.py took 0.200 seconds
[2025-11-15T17:45:38.352+0000] {processor.py:186} INFO - Started process (PID=291) to work on /opt/airflow/dags/php_dag.py
[2025-11-15T17:45:38.353+0000] {processor.py:914} INFO - Processing file /opt/airflow/dags/php_dag.py for tasks to queue
[2025-11-15T17:45:38.354+0000] {logging_mixin.py:190} INFO - [2025-11-15T17:45:38.354+0000] {dagbag.py:587} INFO - Filling up the DagBag from /opt/airflow/dags/php_dag.py
[2025-11-15T17:45:38.363+0000] {processor.py:925} INFO - DAG(s) 'rodar_script_php' retrieved from /opt/airflow/dags/php_dag.py
[2025-11-15T17:45:38.384+0000] {logging_mixin.py:190} INFO - [2025-11-15T17:45:38.384+0000] {dag.py:3229} INFO - Sync 1 DAGs
[2025-11-15T17:45:38.401+0000] {logging_mixin.py:190} INFO - [2025-11-15T17:45:38.400+0000] {dag.py:4156} INFO - Setting next_dagrun for rodar_script_php to 2025-11-14 00:00:00+00:00, run_after=2025-11-15 00:00:00+00:00
[2025-11-15T17:45:38.414+0000] {processor.py:208} INFO - Processing /opt/airflow/dags/php_dag.py took 0.066 seconds
[2025-11-15T17:46:08.502+0000] {processor.py:186} INFO - Started process (PID=296) to work on /opt/airflow/dags/php_dag.py
[2025-11-15T17:46:08.503+0000] {processor.py:914} INFO - Processing file /opt/airflow/dags/php_dag.py for tasks to queue
[2025-11-15T17:46:08.505+0000] {logging_mixin.py:190} INFO - [2025-11-15T17:46:08.505+0000] {dagbag.py:587} INFO - Filling up the DagBag from /opt/airflow/dags/php_dag.py
[2025-11-15T17:46:08.514+0000] {processor.py:925} INFO - DAG(s) 'rodar_script_php' retrieved from /opt/airflow/dags/php_dag.py
[2025-11-15T17:46:08.534+0000] {logging_mixin.py:190} INFO - [2025-11-15T17:46:08.534+0000] {dag.py:3229} INFO - Sync 1 DAGs
[2025-11-15T17:46:08.551+0000] {logging_mixin.py:190} INFO - [2025-11-15T17:46:08.551+0000] {dag.py:4156} INFO - Setting next_dagrun for rodar_script_php to 2025-11-14 00:00:00+00:00, run_after=2025-11-15 00:00:00+00:00
[2025-11-15T17:46:08.564+0000] {processor.py:208} INFO - Processing /opt/airflow/dags/php_dag.py took 0.066 seconds
[2025-11-15T17:46:38.712+0000] {processor.py:186} INFO - Started process (PID=301) to work on /opt/airflow/dags/php_dag.py
[2025-11-15T17:46:38.712+0000] {processor.py:914} INFO - Processing file /opt/airflow/dags/php_dag.py for tasks to queue
[2025-11-15T17:46:38.714+0000] {logging_mixin.py:190} INFO - [2025-11-15T17:46:38.714+0000] {dagbag.py:587} INFO - Filling up the DagBag from /opt/airflow/dags/php_dag.py
[2025-11-15T17:46:38.724+0000] {processor.py:925} INFO - DAG(s) 'rodar_script_php' retrieved from /opt/airflow/dags/php_dag.py
[2025-11-15T17:46:38.742+0000] {logging_mixin.py:190} INFO - [2025-11-15T17:46:38.742+0000] {dag.py:3229} INFO - Sync 1 DAGs
[2025-11-15T17:46:38.760+0000] {logging_mixin.py:190} INFO - [2025-11-15T17:46:38.759+0000] {dag.py:4156} INFO - Setting next_dagrun for rodar_script_php to 2025-11-14 00:00:00+00:00, run_after=2025-11-15 00:00:00+00:00
[2025-11-15T17:46:38.771+0000] {processor.py:208} INFO - Processing /opt/airflow/dags/php_dag.py took 0.065 seconds
[2025-11-15T17:47:08.874+0000] {processor.py:186} INFO - Started process (PID=306) to work on /opt/airflow/dags/php_dag.py
[2025-11-15T17:47:08.874+0000] {processor.py:914} INFO - Processing file /opt/airflow/dags/php_dag.py for tasks to queue
[2025-11-15T17:47:08.877+0000] {logging_mixin.py:190} INFO - [2025-11-15T17:47:08.876+0000] {dagbag.py:587} INFO - Filling up the DagBag from /opt/airflow/dags/php_dag.py
[2025-11-15T17:47:08.886+0000] {processor.py:925} INFO - DAG(s) 'rodar_script_php' retrieved from /opt/airflow/dags/php_dag.py
[2025-11-15T17:47:08.907+0000] {logging_mixin.py:190} INFO - [2025-11-15T17:47:08.907+0000] {dag.py:3229} INFO - Sync 1 DAGs
[2025-11-15T17:47:08.924+0000] {logging_mixin.py:190} INFO - [2025-11-15T17:47:08.924+0000] {dag.py:4156} INFO - Setting next_dagrun for rodar_script_php to 2025-11-14 00:00:00+00:00, run_after=2025-11-15 00:00:00+00:00
[2025-11-15T17:47:08.937+0000] {processor.py:208} INFO - Processing /opt/airflow/dags/php_dag.py took 0.068 seconds
[2025-11-15T17:47:39.057+0000] {processor.py:186} INFO - Started process (PID=311) to work on /opt/airflow/dags/php_dag.py
[2025-11-15T17:47:39.064+0000] {processor.py:914} INFO - Processing file /opt/airflow/dags/php_dag.py for tasks to queue
[2025-11-15T17:47:39.066+0000] {logging_mixin.py:190} INFO - [2025-11-15T17:47:39.066+0000] {dagbag.py:587} INFO - Filling up the DagBag from /opt/airflow/dags/php_dag.py
[2025-11-15T17:47:39.075+0000] {processor.py:925} INFO - DAG(s) 'rodar_script_php' retrieved from /opt/airflow/dags/php_dag.py
[2025-11-15T17:47:39.094+0000] {logging_mixin.py:190} INFO - [2025-11-15T17:47:39.094+0000] {dag.py:3229} INFO - Sync 1 DAGs
[2025-11-15T17:47:39.114+0000] {logging_mixin.py:190} INFO - [2025-11-15T17:47:39.114+0000] {dag.py:4156} INFO - Setting next_dagrun for rodar_script_php to 2025-11-14 00:00:00+00:00, run_after=2025-11-15 00:00:00+00:00
[2025-11-15T17:47:39.270+0000] {processor.py:208} INFO - Processing /opt/airflow/dags/php_dag.py took 0.217 seconds
[2025-11-15T17:48:09.423+0000] {processor.py:186} INFO - Started process (PID=316) to work on /opt/airflow/dags/php_dag.py
[2025-11-15T17:48:09.425+0000] {processor.py:914} INFO - Processing file /opt/airflow/dags/php_dag.py for tasks to queue
[2025-11-15T17:48:09.428+0000] {logging_mixin.py:190} INFO - [2025-11-15T17:48:09.427+0000] {dagbag.py:587} INFO - Filling up the DagBag from /opt/airflow/dags/php_dag.py
[2025-11-15T17:48:09.439+0000] {processor.py:925} INFO - DAG(s) 'rodar_script_php' retrieved from /opt/airflow/dags/php_dag.py
[2025-11-15T17:48:09.458+0000] {logging_mixin.py:190} INFO - [2025-11-15T17:48:09.458+0000] {dag.py:3229} INFO - Sync 1 DAGs
[2025-11-15T17:48:09.625+0000] {logging_mixin.py:190} INFO - [2025-11-15T17:48:09.625+0000] {dag.py:4156} INFO - Setting next_dagrun for rodar_script_php to 2025-11-14 00:00:00+00:00, run_after=2025-11-15 00:00:00+00:00
[2025-11-15T17:48:09.637+0000] {processor.py:208} INFO - Processing /opt/airflow/dags/php_dag.py took 0.220 seconds
[2025-11-15T17:48:39.790+0000] {processor.py:186} INFO - Started process (PID=321) to work on /opt/airflow/dags/php_dag.py
[2025-11-15T17:48:39.798+0000] {processor.py:914} INFO - Processing file /opt/airflow/dags/php_dag.py for tasks to queue
[2025-11-15T17:48:39.800+0000] {logging_mixin.py:190} INFO - [2025-11-15T17:48:39.800+0000] {dagbag.py:587} INFO - Filling up the DagBag from /opt/airflow/dags/php_dag.py
[2025-11-15T17:48:39.809+0000] {processor.py:925} INFO - DAG(s) 'rodar_script_php' retrieved from /opt/airflow/dags/php_dag.py
[2025-11-15T17:48:39.830+0000] {logging_mixin.py:190} INFO - [2025-11-15T17:48:39.830+0000] {dag.py:3229} INFO - Sync 1 DAGs
[2025-11-15T17:48:39.849+0000] {logging_mixin.py:190} INFO - [2025-11-15T17:48:39.849+0000] {dag.py:4156} INFO - Setting next_dagrun for rodar_script_php to 2025-11-14 00:00:00+00:00, run_after=2025-11-15 00:00:00+00:00
[2025-11-15T17:48:39.861+0000] {processor.py:208} INFO - Processing /opt/airflow/dags/php_dag.py took 0.076 seconds
[2025-11-15T17:49:09.955+0000] {processor.py:186} INFO - Started process (PID=326) to work on /opt/airflow/dags/php_dag.py
[2025-11-15T17:49:09.962+0000] {processor.py:914} INFO - Processing file /opt/airflow/dags/php_dag.py for tasks to queue
[2025-11-15T17:49:09.964+0000] {logging_mixin.py:190} INFO - [2025-11-15T17:49:09.964+0000] {dagbag.py:587} INFO - Filling up the DagBag from /opt/airflow/dags/php_dag.py
[2025-11-15T17:49:09.973+0000] {processor.py:925} INFO - DAG(s) 'rodar_script_php' retrieved from /opt/airflow/dags/php_dag.py
[2025-11-15T17:49:09.993+0000] {logging_mixin.py:190} INFO - [2025-11-15T17:49:09.993+0000] {dag.py:3229} INFO - Sync 1 DAGs
[2025-11-15T17:49:10.010+0000] {logging_mixin.py:190} INFO - [2025-11-15T17:49:10.010+0000] {dag.py:4156} INFO - Setting next_dagrun for rodar_script_php to 2025-11-14 00:00:00+00:00, run_after=2025-11-15 00:00:00+00:00
[2025-11-15T17:49:10.023+0000] {processor.py:208} INFO - Processing /opt/airflow/dags/php_dag.py took 0.072 seconds
[2025-11-15T17:49:40.139+0000] {processor.py:186} INFO - Started process (PID=331) to work on /opt/airflow/dags/php_dag.py
[2025-11-15T17:49:40.139+0000] {processor.py:914} INFO - Processing file /opt/airflow/dags/php_dag.py for tasks to queue
[2025-11-15T17:49:40.141+0000] {logging_mixin.py:190} INFO - [2025-11-15T17:49:40.141+0000] {dagbag.py:587} INFO - Filling up the DagBag from /opt/airflow/dags/php_dag.py
[2025-11-15T17:49:40.150+0000] {processor.py:925} INFO - DAG(s) 'rodar_script_php' retrieved from /opt/airflow/dags/php_dag.py
[2025-11-15T17:49:40.171+0000] {logging_mixin.py:190} INFO - [2025-11-15T17:49:40.171+0000] {dag.py:3229} INFO - Sync 1 DAGs
[2025-11-15T17:49:40.190+0000] {logging_mixin.py:190} INFO - [2025-11-15T17:49:40.189+0000] {dag.py:4156} INFO - Setting next_dagrun for rodar_script_php to 2025-11-14 00:00:00+00:00, run_after=2025-11-15 00:00:00+00:00
[2025-11-15T17:49:40.203+0000] {processor.py:208} INFO - Processing /opt/airflow/dags/php_dag.py took 0.069 seconds
[2025-11-15T17:50:10.311+0000] {processor.py:186} INFO - Started process (PID=336) to work on /opt/airflow/dags/php_dag.py
[2025-11-15T17:50:10.312+0000] {processor.py:914} INFO - Processing file /opt/airflow/dags/php_dag.py for tasks to queue
[2025-11-15T17:50:10.314+0000] {logging_mixin.py:190} INFO - [2025-11-15T17:50:10.314+0000] {dagbag.py:587} INFO - Filling up the DagBag from /opt/airflow/dags/php_dag.py
[2025-11-15T17:50:10.323+0000] {processor.py:925} INFO - DAG(s) 'rodar_script_php' retrieved from /opt/airflow/dags/php_dag.py
[2025-11-15T17:50:10.343+0000] {logging_mixin.py:190} INFO - [2025-11-15T17:50:10.342+0000] {dag.py:3229} INFO - Sync 1 DAGs
[2025-11-15T17:50:10.360+0000] {logging_mixin.py:190} INFO - [2025-11-15T17:50:10.360+0000] {dag.py:4156} INFO - Setting next_dagrun for rodar_script_php to 2025-11-14 00:00:00+00:00, run_after=2025-11-15 00:00:00+00:00
[2025-11-15T17:50:10.376+0000] {processor.py:208} INFO - Processing /opt/airflow/dags/php_dag.py took 0.070 seconds
[2025-11-15T17:50:40.499+0000] {processor.py:186} INFO - Started process (PID=341) to work on /opt/airflow/dags/php_dag.py
[2025-11-15T17:50:40.500+0000] {processor.py:914} INFO - Processing file /opt/airflow/dags/php_dag.py for tasks to queue
[2025-11-15T17:50:40.502+0000] {logging_mixin.py:190} INFO - [2025-11-15T17:50:40.502+0000] {dagbag.py:587} INFO - Filling up the DagBag from /opt/airflow/dags/php_dag.py
[2025-11-15T17:50:40.512+0000] {processor.py:925} INFO - DAG(s) 'rodar_script_php' retrieved from /opt/airflow/dags/php_dag.py
[2025-11-15T17:50:40.530+0000] {logging_mixin.py:190} INFO - [2025-11-15T17:50:40.530+0000] {dag.py:3229} INFO - Sync 1 DAGs
[2025-11-15T17:50:40.690+0000] {logging_mixin.py:190} INFO - [2025-11-15T17:50:40.690+0000] {dag.py:4156} INFO - Setting next_dagrun for rodar_script_php to 2025-11-14 00:00:00+00:00, run_after=2025-11-15 00:00:00+00:00
[2025-11-15T17:50:40.704+0000] {processor.py:208} INFO - Processing /opt/airflow/dags/php_dag.py took 0.210 seconds
[2025-11-15T17:51:10.855+0000] {processor.py:186} INFO - Started process (PID=346) to work on /opt/airflow/dags/php_dag.py
[2025-11-15T17:51:10.856+0000] {processor.py:914} INFO - Processing file /opt/airflow/dags/php_dag.py for tasks to queue
[2025-11-15T17:51:10.858+0000] {logging_mixin.py:190} INFO - [2025-11-15T17:51:10.858+0000] {dagbag.py:587} INFO - Filling up the DagBag from /opt/airflow/dags/php_dag.py
[2025-11-15T17:51:10.867+0000] {processor.py:925} INFO - DAG(s) 'rodar_script_php' retrieved from /opt/airflow/dags/php_dag.py
[2025-11-15T17:51:10.886+0000] {logging_mixin.py:190} INFO - [2025-11-15T17:51:10.886+0000] {dag.py:3229} INFO - Sync 1 DAGs
[2025-11-15T17:51:11.052+0000] {logging_mixin.py:190} INFO - [2025-11-15T17:51:11.052+0000] {dag.py:4156} INFO - Setting next_dagrun for rodar_script_php to 2025-11-14 00:00:00+00:00, run_after=2025-11-15 00:00:00+00:00
[2025-11-15T17:51:11.064+0000] {processor.py:208} INFO - Processing /opt/airflow/dags/php_dag.py took 0.214 seconds
[2025-11-15T17:51:41.212+0000] {processor.py:186} INFO - Started process (PID=351) to work on /opt/airflow/dags/php_dag.py
[2025-11-15T17:51:41.212+0000] {processor.py:914} INFO - Processing file /opt/airflow/dags/php_dag.py for tasks to queue
[2025-11-15T17:51:41.214+0000] {logging_mixin.py:190} INFO - [2025-11-15T17:51:41.214+0000] {dagbag.py:587} INFO - Filling up the DagBag from /opt/airflow/dags/php_dag.py
[2025-11-15T17:51:41.223+0000] {processor.py:925} INFO - DAG(s) 'rodar_script_php' retrieved from /opt/airflow/dags/php_dag.py
[2025-11-15T17:51:41.244+0000] {logging_mixin.py:190} INFO - [2025-11-15T17:51:41.244+0000] {dag.py:3229} INFO - Sync 1 DAGs
[2025-11-15T17:51:41.261+0000] {logging_mixin.py:190} INFO - [2025-11-15T17:51:41.261+0000] {dag.py:4156} INFO - Setting next_dagrun for rodar_script_php to 2025-11-14 00:00:00+00:00, run_after=2025-11-15 00:00:00+00:00
[2025-11-15T17:51:41.275+0000] {processor.py:208} INFO - Processing /opt/airflow/dags/php_dag.py took 0.068 seconds
[2025-11-15T17:52:11.364+0000] {processor.py:186} INFO - Started process (PID=356) to work on /opt/airflow/dags/php_dag.py
[2025-11-15T17:52:11.365+0000] {processor.py:914} INFO - Processing file /opt/airflow/dags/php_dag.py for tasks to queue
[2025-11-15T17:52:11.367+0000] {logging_mixin.py:190} INFO - [2025-11-15T17:52:11.366+0000] {dagbag.py:587} INFO - Filling up the DagBag from /opt/airflow/dags/php_dag.py
[2025-11-15T17:52:11.376+0000] {processor.py:925} INFO - DAG(s) 'rodar_script_php' retrieved from /opt/airflow/dags/php_dag.py
[2025-11-15T17:52:11.395+0000] {logging_mixin.py:190} INFO - [2025-11-15T17:52:11.395+0000] {dag.py:3229} INFO - Sync 1 DAGs
[2025-11-15T17:52:11.412+0000] {logging_mixin.py:190} INFO - [2025-11-15T17:52:11.412+0000] {dag.py:4156} INFO - Setting next_dagrun for rodar_script_php to 2025-11-14 00:00:00+00:00, run_after=2025-11-15 00:00:00+00:00
[2025-11-15T17:52:11.426+0000] {processor.py:208} INFO - Processing /opt/airflow/dags/php_dag.py took 0.067 seconds
[2025-11-15T17:52:41.554+0000] {processor.py:186} INFO - Started process (PID=361) to work on /opt/airflow/dags/php_dag.py
[2025-11-15T17:52:41.554+0000] {processor.py:914} INFO - Processing file /opt/airflow/dags/php_dag.py for tasks to queue
[2025-11-15T17:52:41.556+0000] {logging_mixin.py:190} INFO - [2025-11-15T17:52:41.556+0000] {dagbag.py:587} INFO - Filling up the DagBag from /opt/airflow/dags/php_dag.py
[2025-11-15T17:52:41.565+0000] {processor.py:925} INFO - DAG(s) 'rodar_script_php' retrieved from /opt/airflow/dags/php_dag.py
[2025-11-15T17:52:41.585+0000] {logging_mixin.py:190} INFO - [2025-11-15T17:52:41.585+0000] {dag.py:3229} INFO - Sync 1 DAGs
[2025-11-15T17:52:41.602+0000] {logging_mixin.py:190} INFO - [2025-11-15T17:52:41.602+0000] {dag.py:4156} INFO - Setting next_dagrun for rodar_script_php to 2025-11-14 00:00:00+00:00, run_after=2025-11-15 00:00:00+00:00
[2025-11-15T17:52:41.614+0000] {processor.py:208} INFO - Processing /opt/airflow/dags/php_dag.py took 0.065 seconds
[2025-11-15T17:53:11.711+0000] {processor.py:186} INFO - Started process (PID=366) to work on /opt/airflow/dags/php_dag.py
[2025-11-15T17:53:11.712+0000] {processor.py:914} INFO - Processing file /opt/airflow/dags/php_dag.py for tasks to queue
[2025-11-15T17:53:11.714+0000] {logging_mixin.py:190} INFO - [2025-11-15T17:53:11.714+0000] {dagbag.py:587} INFO - Filling up the DagBag from /opt/airflow/dags/php_dag.py
[2025-11-15T17:53:11.724+0000] {processor.py:925} INFO - DAG(s) 'rodar_script_php' retrieved from /opt/airflow/dags/php_dag.py
[2025-11-15T17:53:11.744+0000] {logging_mixin.py:190} INFO - [2025-11-15T17:53:11.744+0000] {dag.py:3229} INFO - Sync 1 DAGs
[2025-11-15T17:53:11.762+0000] {logging_mixin.py:190} INFO - [2025-11-15T17:53:11.762+0000] {dag.py:4156} INFO - Setting next_dagrun for rodar_script_php to 2025-11-14 00:00:00+00:00, run_after=2025-11-15 00:00:00+00:00
[2025-11-15T17:53:11.919+0000] {processor.py:208} INFO - Processing /opt/airflow/dags/php_dag.py took 0.212 seconds
[2025-11-15T17:53:42.061+0000] {processor.py:186} INFO - Started process (PID=371) to work on /opt/airflow/dags/php_dag.py
[2025-11-15T17:53:42.068+0000] {processor.py:914} INFO - Processing file /opt/airflow/dags/php_dag.py for tasks to queue
[2025-11-15T17:53:42.072+0000] {logging_mixin.py:190} INFO - [2025-11-15T17:53:42.071+0000] {dagbag.py:587} INFO - Filling up the DagBag from /opt/airflow/dags/php_dag.py
[2025-11-15T17:53:42.083+0000] {processor.py:925} INFO - DAG(s) 'rodar_script_php' retrieved from /opt/airflow/dags/php_dag.py
[2025-11-15T17:53:42.108+0000] {logging_mixin.py:190} INFO - [2025-11-15T17:53:42.107+0000] {dag.py:3229} INFO - Sync 1 DAGs
[2025-11-15T17:53:42.284+0000] {logging_mixin.py:190} INFO - [2025-11-15T17:53:42.284+0000] {dag.py:4156} INFO - Setting next_dagrun for rodar_script_php to 2025-11-14 00:00:00+00:00, run_after=2025-11-15 00:00:00+00:00
[2025-11-15T17:53:42.305+0000] {processor.py:208} INFO - Processing /opt/airflow/dags/php_dag.py took 0.250 seconds
[2025-11-15T17:54:12.454+0000] {processor.py:186} INFO - Started process (PID=376) to work on /opt/airflow/dags/php_dag.py
[2025-11-15T17:54:12.455+0000] {processor.py:914} INFO - Processing file /opt/airflow/dags/php_dag.py for tasks to queue
[2025-11-15T17:54:12.458+0000] {logging_mixin.py:190} INFO - [2025-11-15T17:54:12.458+0000] {dagbag.py:587} INFO - Filling up the DagBag from /opt/airflow/dags/php_dag.py
[2025-11-15T17:54:12.467+0000] {processor.py:925} INFO - DAG(s) 'rodar_script_php' retrieved from /opt/airflow/dags/php_dag.py
[2025-11-15T17:54:12.488+0000] {logging_mixin.py:190} INFO - [2025-11-15T17:54:12.488+0000] {dag.py:3229} INFO - Sync 1 DAGs
[2025-11-15T17:54:12.649+0000] {logging_mixin.py:190} INFO - [2025-11-15T17:54:12.649+0000] {dag.py:4156} INFO - Setting next_dagrun for rodar_script_php to 2025-11-14 00:00:00+00:00, run_after=2025-11-15 00:00:00+00:00
[2025-11-15T17:54:12.661+0000] {processor.py:208} INFO - Processing /opt/airflow/dags/php_dag.py took 0.212 seconds
[2025-11-15T17:54:42.819+0000] {processor.py:186} INFO - Started process (PID=381) to work on /opt/airflow/dags/php_dag.py
[2025-11-15T17:54:42.826+0000] {processor.py:914} INFO - Processing file /opt/airflow/dags/php_dag.py for tasks to queue
[2025-11-15T17:54:42.828+0000] {logging_mixin.py:190} INFO - [2025-11-15T17:54:42.828+0000] {dagbag.py:587} INFO - Filling up the DagBag from /opt/airflow/dags/php_dag.py
[2025-11-15T17:54:42.837+0000] {processor.py:925} INFO - DAG(s) 'rodar_script_php' retrieved from /opt/airflow/dags/php_dag.py
[2025-11-15T17:54:42.859+0000] {logging_mixin.py:190} INFO - [2025-11-15T17:54:42.858+0000] {dag.py:3229} INFO - Sync 1 DAGs
[2025-11-15T17:54:42.877+0000] {logging_mixin.py:190} INFO - [2025-11-15T17:54:42.877+0000] {dag.py:4156} INFO - Setting next_dagrun for rodar_script_php to 2025-11-14 00:00:00+00:00, run_after=2025-11-15 00:00:00+00:00
[2025-11-15T17:54:42.890+0000] {processor.py:208} INFO - Processing /opt/airflow/dags/php_dag.py took 0.076 seconds
[2025-11-15T17:55:12.971+0000] {processor.py:186} INFO - Started process (PID=386) to work on /opt/airflow/dags/php_dag.py
[2025-11-15T17:55:12.978+0000] {processor.py:914} INFO - Processing file /opt/airflow/dags/php_dag.py for tasks to queue
[2025-11-15T17:55:12.981+0000] {logging_mixin.py:190} INFO - [2025-11-15T17:55:12.981+0000] {dagbag.py:587} INFO - Filling up the DagBag from /opt/airflow/dags/php_dag.py
[2025-11-15T17:55:12.990+0000] {processor.py:925} INFO - DAG(s) 'rodar_script_php' retrieved from /opt/airflow/dags/php_dag.py
[2025-11-15T17:55:13.011+0000] {logging_mixin.py:190} INFO - [2025-11-15T17:55:13.010+0000] {dag.py:3229} INFO - Sync 1 DAGs
[2025-11-15T17:55:13.028+0000] {logging_mixin.py:190} INFO - [2025-11-15T17:55:13.028+0000] {dag.py:4156} INFO - Setting next_dagrun for rodar_script_php to 2025-11-14 00:00:00+00:00, run_after=2025-11-15 00:00:00+00:00
[2025-11-15T17:55:13.041+0000] {processor.py:208} INFO - Processing /opt/airflow/dags/php_dag.py took 0.076 seconds
[2025-11-15T17:55:43.173+0000] {processor.py:186} INFO - Started process (PID=391) to work on /opt/airflow/dags/php_dag.py
[2025-11-15T17:55:43.174+0000] {processor.py:914} INFO - Processing file /opt/airflow/dags/php_dag.py for tasks to queue
[2025-11-15T17:55:43.176+0000] {logging_mixin.py:190} INFO - [2025-11-15T17:55:43.176+0000] {dagbag.py:587} INFO - Filling up the DagBag from /opt/airflow/dags/php_dag.py
[2025-11-15T17:55:43.186+0000] {processor.py:925} INFO - DAG(s) 'rodar_script_php' retrieved from /opt/airflow/dags/php_dag.py
[2025-11-15T17:55:43.205+0000] {logging_mixin.py:190} INFO - [2025-11-15T17:55:43.205+0000] {dag.py:3229} INFO - Sync 1 DAGs
[2025-11-15T17:55:43.224+0000] {logging_mixin.py:190} INFO - [2025-11-15T17:55:43.223+0000] {dag.py:4156} INFO - Setting next_dagrun for rodar_script_php to 2025-11-14 00:00:00+00:00, run_after=2025-11-15 00:00:00+00:00
[2025-11-15T17:55:43.239+0000] {processor.py:208} INFO - Processing /opt/airflow/dags/php_dag.py took 0.071 seconds
[2025-11-15T17:56:13.340+0000] {processor.py:186} INFO - Started process (PID=396) to work on /opt/airflow/dags/php_dag.py
[2025-11-15T17:56:13.341+0000] {processor.py:914} INFO - Processing file /opt/airflow/dags/php_dag.py for tasks to queue
[2025-11-15T17:56:13.342+0000] {logging_mixin.py:190} INFO - [2025-11-15T17:56:13.342+0000] {dagbag.py:587} INFO - Filling up the DagBag from /opt/airflow/dags/php_dag.py
[2025-11-15T17:56:13.351+0000] {processor.py:925} INFO - DAG(s) 'rodar_script_php' retrieved from /opt/airflow/dags/php_dag.py
[2025-11-15T17:56:13.370+0000] {logging_mixin.py:190} INFO - [2025-11-15T17:56:13.370+0000] {dag.py:3229} INFO - Sync 1 DAGs
[2025-11-15T17:56:13.390+0000] {logging_mixin.py:190} INFO - [2025-11-15T17:56:13.390+0000] {dag.py:4156} INFO - Setting next_dagrun for rodar_script_php to 2025-11-14 00:00:00+00:00, run_after=2025-11-15 00:00:00+00:00
[2025-11-15T17:56:13.550+0000] {processor.py:208} INFO - Processing /opt/airflow/dags/php_dag.py took 0.215 seconds
[2025-11-15T17:56:43.697+0000] {processor.py:186} INFO - Started process (PID=401) to work on /opt/airflow/dags/php_dag.py
[2025-11-15T17:56:43.704+0000] {processor.py:914} INFO - Processing file /opt/airflow/dags/php_dag.py for tasks to queue
[2025-11-15T17:56:43.706+0000] {logging_mixin.py:190} INFO - [2025-11-15T17:56:43.706+0000] {dagbag.py:587} INFO - Filling up the DagBag from /opt/airflow/dags/php_dag.py
[2025-11-15T17:56:43.716+0000] {processor.py:925} INFO - DAG(s) 'rodar_script_php' retrieved from /opt/airflow/dags/php_dag.py
[2025-11-15T17:56:43.737+0000] {logging_mixin.py:190} INFO - [2025-11-15T17:56:43.737+0000] {dag.py:3229} INFO - Sync 1 DAGs
[2025-11-15T17:56:43.903+0000] {logging_mixin.py:190} INFO - [2025-11-15T17:56:43.903+0000] {dag.py:4156} INFO - Setting next_dagrun for rodar_script_php to 2025-11-14 00:00:00+00:00, run_after=2025-11-15 00:00:00+00:00
[2025-11-15T17:56:43.915+0000] {processor.py:208} INFO - Processing /opt/airflow/dags/php_dag.py took 0.224 seconds
[2025-11-15T17:57:14.056+0000] {processor.py:186} INFO - Started process (PID=406) to work on /opt/airflow/dags/php_dag.py
[2025-11-15T17:57:14.063+0000] {processor.py:914} INFO - Processing file /opt/airflow/dags/php_dag.py for tasks to queue
[2025-11-15T17:57:14.065+0000] {logging_mixin.py:190} INFO - [2025-11-15T17:57:14.065+0000] {dagbag.py:587} INFO - Filling up the DagBag from /opt/airflow/dags/php_dag.py
[2025-11-15T17:57:14.075+0000] {processor.py:925} INFO - DAG(s) 'rodar_script_php' retrieved from /opt/airflow/dags/php_dag.py
[2025-11-15T17:57:14.095+0000] {logging_mixin.py:190} INFO - [2025-11-15T17:57:14.095+0000] {dag.py:3229} INFO - Sync 1 DAGs
[2025-11-15T17:57:14.256+0000] {logging_mixin.py:190} INFO - [2025-11-15T17:57:14.256+0000] {dag.py:4156} INFO - Setting next_dagrun for rodar_script_php to 2025-11-14 00:00:00+00:00, run_after=2025-11-15 00:00:00+00:00
[2025-11-15T17:57:14.273+0000] {processor.py:208} INFO - Processing /opt/airflow/dags/php_dag.py took 0.222 seconds
[2025-11-15T17:57:44.421+0000] {processor.py:186} INFO - Started process (PID=411) to work on /opt/airflow/dags/php_dag.py
[2025-11-15T17:57:44.422+0000] {processor.py:914} INFO - Processing file /opt/airflow/dags/php_dag.py for tasks to queue
[2025-11-15T17:57:44.424+0000] {logging_mixin.py:190} INFO - [2025-11-15T17:57:44.424+0000] {dagbag.py:587} INFO - Filling up the DagBag from /opt/airflow/dags/php_dag.py
[2025-11-15T17:57:44.433+0000] {processor.py:925} INFO - DAG(s) 'rodar_script_php' retrieved from /opt/airflow/dags/php_dag.py
[2025-11-15T17:57:44.452+0000] {logging_mixin.py:190} INFO - [2025-11-15T17:57:44.452+0000] {dag.py:3229} INFO - Sync 1 DAGs
[2025-11-15T17:57:44.475+0000] {logging_mixin.py:190} INFO - [2025-11-15T17:57:44.474+0000] {dag.py:4156} INFO - Setting next_dagrun for rodar_script_php to 2025-11-14 00:00:00+00:00, run_after=2025-11-15 00:00:00+00:00
[2025-11-15T17:57:44.487+0000] {processor.py:208} INFO - Processing /opt/airflow/dags/php_dag.py took 0.071 seconds
[2025-11-15T17:58:14.578+0000] {processor.py:186} INFO - Started process (PID=416) to work on /opt/airflow/dags/php_dag.py
[2025-11-15T17:58:14.578+0000] {processor.py:914} INFO - Processing file /opt/airflow/dags/php_dag.py for tasks to queue
[2025-11-15T17:58:14.580+0000] {logging_mixin.py:190} INFO - [2025-11-15T17:58:14.580+0000] {dagbag.py:587} INFO - Filling up the DagBag from /opt/airflow/dags/php_dag.py
[2025-11-15T17:58:14.591+0000] {processor.py:925} INFO - DAG(s) 'rodar_script_php' retrieved from /opt/airflow/dags/php_dag.py
[2025-11-15T17:58:14.611+0000] {logging_mixin.py:190} INFO - [2025-11-15T17:58:14.611+0000] {dag.py:3229} INFO - Sync 1 DAGs
[2025-11-15T17:58:14.629+0000] {logging_mixin.py:190} INFO - [2025-11-15T17:58:14.629+0000] {dag.py:4156} INFO - Setting next_dagrun for rodar_script_php to 2025-11-14 00:00:00+00:00, run_after=2025-11-15 00:00:00+00:00
[2025-11-15T17:58:14.642+0000] {processor.py:208} INFO - Processing /opt/airflow/dags/php_dag.py took 0.068 seconds
[2025-11-15T17:58:44.791+0000] {processor.py:186} INFO - Started process (PID=421) to work on /opt/airflow/dags/php_dag.py
[2025-11-15T17:58:44.792+0000] {processor.py:914} INFO - Processing file /opt/airflow/dags/php_dag.py for tasks to queue
[2025-11-15T17:58:44.794+0000] {logging_mixin.py:190} INFO - [2025-11-15T17:58:44.794+0000] {dagbag.py:587} INFO - Filling up the DagBag from /opt/airflow/dags/php_dag.py
[2025-11-15T17:58:44.803+0000] {processor.py:925} INFO - DAG(s) 'rodar_script_php' retrieved from /opt/airflow/dags/php_dag.py
[2025-11-15T17:58:44.822+0000] {logging_mixin.py:190} INFO - [2025-11-15T17:58:44.822+0000] {dag.py:3229} INFO - Sync 1 DAGs
[2025-11-15T17:58:44.841+0000] {logging_mixin.py:190} INFO - [2025-11-15T17:58:44.840+0000] {dag.py:4156} INFO - Setting next_dagrun for rodar_script_php to 2025-11-14 00:00:00+00:00, run_after=2025-11-15 00:00:00+00:00
[2025-11-15T17:58:44.855+0000] {processor.py:208} INFO - Processing /opt/airflow/dags/php_dag.py took 0.068 seconds
[2025-11-15T17:59:14.952+0000] {processor.py:186} INFO - Started process (PID=426) to work on /opt/airflow/dags/php_dag.py
[2025-11-15T17:59:14.952+0000] {processor.py:914} INFO - Processing file /opt/airflow/dags/php_dag.py for tasks to queue
[2025-11-15T17:59:14.954+0000] {logging_mixin.py:190} INFO - [2025-11-15T17:59:14.954+0000] {dagbag.py:587} INFO - Filling up the DagBag from /opt/airflow/dags/php_dag.py
[2025-11-15T17:59:14.963+0000] {processor.py:925} INFO - DAG(s) 'rodar_script_php' retrieved from /opt/airflow/dags/php_dag.py
[2025-11-15T17:59:14.982+0000] {logging_mixin.py:190} INFO - [2025-11-15T17:59:14.982+0000] {dag.py:3229} INFO - Sync 1 DAGs
[2025-11-15T17:59:15.150+0000] {logging_mixin.py:190} INFO - [2025-11-15T17:59:15.150+0000] {dag.py:4156} INFO - Setting next_dagrun for rodar_script_php to 2025-11-14 00:00:00+00:00, run_after=2025-11-15 00:00:00+00:00
[2025-11-15T17:59:15.161+0000] {processor.py:208} INFO - Processing /opt/airflow/dags/php_dag.py took 0.215 seconds
[2025-11-15T17:59:45.305+0000] {processor.py:186} INFO - Started process (PID=431) to work on /opt/airflow/dags/php_dag.py
[2025-11-15T17:59:45.306+0000] {processor.py:914} INFO - Processing file /opt/airflow/dags/php_dag.py for tasks to queue
[2025-11-15T17:59:45.307+0000] {logging_mixin.py:190} INFO - [2025-11-15T17:59:45.307+0000] {dagbag.py:587} INFO - Filling up the DagBag from /opt/airflow/dags/php_dag.py
[2025-11-15T17:59:45.317+0000] {processor.py:925} INFO - DAG(s) 'rodar_script_php' retrieved from /opt/airflow/dags/php_dag.py
[2025-11-15T17:59:45.337+0000] {logging_mixin.py:190} INFO - [2025-11-15T17:59:45.337+0000] {dag.py:3229} INFO - Sync 1 DAGs
[2025-11-15T17:59:45.500+0000] {logging_mixin.py:190} INFO - [2025-11-15T17:59:45.500+0000] {dag.py:4156} INFO - Setting next_dagrun for rodar_script_php to 2025-11-14 00:00:00+00:00, run_after=2025-11-15 00:00:00+00:00
[2025-11-15T17:59:45.512+0000] {processor.py:208} INFO - Processing /opt/airflow/dags/php_dag.py took 0.212 seconds
[2025-11-15T18:00:15.668+0000] {processor.py:186} INFO - Started process (PID=436) to work on /opt/airflow/dags/php_dag.py
[2025-11-15T18:00:15.669+0000] {processor.py:914} INFO - Processing file /opt/airflow/dags/php_dag.py for tasks to queue
[2025-11-15T18:00:15.671+0000] {logging_mixin.py:190} INFO - [2025-11-15T18:00:15.671+0000] {dagbag.py:587} INFO - Filling up the DagBag from /opt/airflow/dags/php_dag.py
[2025-11-15T18:00:15.680+0000] {processor.py:925} INFO - DAG(s) 'rodar_script_php' retrieved from /opt/airflow/dags/php_dag.py
[2025-11-15T18:00:15.700+0000] {logging_mixin.py:190} INFO - [2025-11-15T18:00:15.700+0000] {dag.py:3229} INFO - Sync 1 DAGs
[2025-11-15T18:00:15.719+0000] {logging_mixin.py:190} INFO - [2025-11-15T18:00:15.719+0000] {dag.py:4156} INFO - Setting next_dagrun for rodar_script_php to 2025-11-14 00:00:00+00:00, run_after=2025-11-15 00:00:00+00:00
[2025-11-15T18:00:15.732+0000] {processor.py:208} INFO - Processing /opt/airflow/dags/php_dag.py took 0.069 seconds
[2025-11-15T18:00:45.819+0000] {processor.py:186} INFO - Started process (PID=441) to work on /opt/airflow/dags/php_dag.py
[2025-11-15T18:00:45.819+0000] {processor.py:914} INFO - Processing file /opt/airflow/dags/php_dag.py for tasks to queue
[2025-11-15T18:00:45.821+0000] {logging_mixin.py:190} INFO - [2025-11-15T18:00:45.821+0000] {dagbag.py:587} INFO - Filling up the DagBag from /opt/airflow/dags/php_dag.py
[2025-11-15T18:00:45.832+0000] {processor.py:925} INFO - DAG(s) 'rodar_script_php' retrieved from /opt/airflow/dags/php_dag.py
[2025-11-15T18:00:45.854+0000] {logging_mixin.py:190} INFO - [2025-11-15T18:00:45.854+0000] {dag.py:3229} INFO - Sync 1 DAGs
[2025-11-15T18:00:45.873+0000] {logging_mixin.py:190} INFO - [2025-11-15T18:00:45.872+0000] {dag.py:4156} INFO - Setting next_dagrun for rodar_script_php to 2025-11-14 00:00:00+00:00, run_after=2025-11-15 00:00:00+00:00
[2025-11-15T18:00:45.886+0000] {processor.py:208} INFO - Processing /opt/airflow/dags/php_dag.py took 0.072 seconds
[2025-11-15T18:01:16.055+0000] {processor.py:186} INFO - Started process (PID=446) to work on /opt/airflow/dags/php_dag.py
[2025-11-15T18:01:16.056+0000] {processor.py:914} INFO - Processing file /opt/airflow/dags/php_dag.py for tasks to queue
[2025-11-15T18:01:16.058+0000] {logging_mixin.py:190} INFO - [2025-11-15T18:01:16.058+0000] {dagbag.py:587} INFO - Filling up the DagBag from /opt/airflow/dags/php_dag.py
[2025-11-15T18:01:16.070+0000] {processor.py:925} INFO - DAG(s) 'rodar_script_php' retrieved from /opt/airflow/dags/php_dag.py
[2025-11-15T18:01:16.098+0000] {logging_mixin.py:190} INFO - [2025-11-15T18:01:16.097+0000] {dag.py:3229} INFO - Sync 1 DAGs
[2025-11-15T18:01:16.120+0000] {logging_mixin.py:190} INFO - [2025-11-15T18:01:16.120+0000] {dag.py:4156} INFO - Setting next_dagrun for rodar_script_php to 2025-11-14 00:00:00+00:00, run_after=2025-11-15 00:00:00+00:00
[2025-11-15T18:01:16.133+0000] {processor.py:208} INFO - Processing /opt/airflow/dags/php_dag.py took 0.084 seconds
[2025-11-15T18:01:46.214+0000] {processor.py:186} INFO - Started process (PID=451) to work on /opt/airflow/dags/php_dag.py
[2025-11-15T18:01:46.215+0000] {processor.py:914} INFO - Processing file /opt/airflow/dags/php_dag.py for tasks to queue
[2025-11-15T18:01:46.217+0000] {logging_mixin.py:190} INFO - [2025-11-15T18:01:46.217+0000] {dagbag.py:587} INFO - Filling up the DagBag from /opt/airflow/dags/php_dag.py
[2025-11-15T18:01:46.226+0000] {processor.py:925} INFO - DAG(s) 'rodar_script_php' retrieved from /opt/airflow/dags/php_dag.py
[2025-11-15T18:01:46.246+0000] {logging_mixin.py:190} INFO - [2025-11-15T18:01:46.246+0000] {dag.py:3229} INFO - Sync 1 DAGs
[2025-11-15T18:01:46.265+0000] {logging_mixin.py:190} INFO - [2025-11-15T18:01:46.265+0000] {dag.py:4156} INFO - Setting next_dagrun for rodar_script_php to 2025-11-14 00:00:00+00:00, run_after=2025-11-15 00:00:00+00:00
[2025-11-15T18:01:46.422+0000] {processor.py:208} INFO - Processing /opt/airflow/dags/php_dag.py took 0.212 seconds
[2025-11-15T18:02:16.564+0000] {processor.py:186} INFO - Started process (PID=456) to work on /opt/airflow/dags/php_dag.py
[2025-11-15T18:02:16.565+0000] {processor.py:914} INFO - Processing file /opt/airflow/dags/php_dag.py for tasks to queue
[2025-11-15T18:02:16.567+0000] {logging_mixin.py:190} INFO - [2025-11-15T18:02:16.567+0000] {dagbag.py:587} INFO - Filling up the DagBag from /opt/airflow/dags/php_dag.py
[2025-11-15T18:02:16.576+0000] {processor.py:925} INFO - DAG(s) 'rodar_script_php' retrieved from /opt/airflow/dags/php_dag.py
[2025-11-15T18:02:16.597+0000] {logging_mixin.py:190} INFO - [2025-11-15T18:02:16.597+0000] {dag.py:3229} INFO - Sync 1 DAGs
[2025-11-15T18:02:16.761+0000] {logging_mixin.py:190} INFO - [2025-11-15T18:02:16.760+0000] {dag.py:4156} INFO - Setting next_dagrun for rodar_script_php to 2025-11-14 00:00:00+00:00, run_after=2025-11-15 00:00:00+00:00
[2025-11-15T18:02:16.774+0000] {processor.py:208} INFO - Processing /opt/airflow/dags/php_dag.py took 0.214 seconds
[2025-11-15T18:02:46.937+0000] {processor.py:186} INFO - Started process (PID=461) to work on /opt/airflow/dags/php_dag.py
[2025-11-15T18:02:46.937+0000] {processor.py:914} INFO - Processing file /opt/airflow/dags/php_dag.py for tasks to queue
[2025-11-15T18:02:46.939+0000] {logging_mixin.py:190} INFO - [2025-11-15T18:02:46.939+0000] {dagbag.py:587} INFO - Filling up the DagBag from /opt/airflow/dags/php_dag.py
[2025-11-15T18:02:46.949+0000] {processor.py:925} INFO - DAG(s) 'rodar_script_php' retrieved from /opt/airflow/dags/php_dag.py
[2025-11-15T18:02:46.970+0000] {logging_mixin.py:190} INFO - [2025-11-15T18:02:46.969+0000] {dag.py:3229} INFO - Sync 1 DAGs
[2025-11-15T18:02:47.132+0000] {logging_mixin.py:190} INFO - [2025-11-15T18:02:47.132+0000] {dag.py:4156} INFO - Setting next_dagrun for rodar_script_php to 2025-11-14 00:00:00+00:00, run_after=2025-11-15 00:00:00+00:00
[2025-11-15T18:02:47.144+0000] {processor.py:208} INFO - Processing /opt/airflow/dags/php_dag.py took 0.212 seconds
[2025-11-15T18:03:17.287+0000] {processor.py:186} INFO - Started process (PID=466) to work on /opt/airflow/dags/php_dag.py
[2025-11-15T18:03:17.288+0000] {processor.py:914} INFO - Processing file /opt/airflow/dags/php_dag.py for tasks to queue
[2025-11-15T18:03:17.291+0000] {logging_mixin.py:190} INFO - [2025-11-15T18:03:17.290+0000] {dagbag.py:587} INFO - Filling up the DagBag from /opt/airflow/dags/php_dag.py
[2025-11-15T18:03:17.301+0000] {processor.py:925} INFO - DAG(s) 'rodar_script_php' retrieved from /opt/airflow/dags/php_dag.py
[2025-11-15T18:03:17.320+0000] {logging_mixin.py:190} INFO - [2025-11-15T18:03:17.320+0000] {dag.py:3229} INFO - Sync 1 DAGs
[2025-11-15T18:03:17.339+0000] {logging_mixin.py:190} INFO - [2025-11-15T18:03:17.339+0000] {dag.py:4156} INFO - Setting next_dagrun for rodar_script_php to 2025-11-14 00:00:00+00:00, run_after=2025-11-15 00:00:00+00:00
[2025-11-15T18:03:17.352+0000] {processor.py:208} INFO - Processing /opt/airflow/dags/php_dag.py took 0.069 seconds
[2025-11-15T18:03:47.442+0000] {processor.py:186} INFO - Started process (PID=471) to work on /opt/airflow/dags/php_dag.py
[2025-11-15T18:03:47.444+0000] {processor.py:914} INFO - Processing file /opt/airflow/dags/php_dag.py for tasks to queue
[2025-11-15T18:03:47.446+0000] {logging_mixin.py:190} INFO - [2025-11-15T18:03:47.446+0000] {dagbag.py:587} INFO - Filling up the DagBag from /opt/airflow/dags/php_dag.py
[2025-11-15T18:03:47.456+0000] {processor.py:925} INFO - DAG(s) 'rodar_script_php' retrieved from /opt/airflow/dags/php_dag.py
[2025-11-15T18:03:47.476+0000] {logging_mixin.py:190} INFO - [2025-11-15T18:03:47.475+0000] {dag.py:3229} INFO - Sync 1 DAGs
[2025-11-15T18:03:47.495+0000] {logging_mixin.py:190} INFO - [2025-11-15T18:03:47.495+0000] {dag.py:4156} INFO - Setting next_dagrun for rodar_script_php to 2025-11-14 00:00:00+00:00, run_after=2025-11-15 00:00:00+00:00
[2025-11-15T18:03:47.509+0000] {processor.py:208} INFO - Processing /opt/airflow/dags/php_dag.py took 0.072 seconds
[2025-11-15T18:04:17.651+0000] {processor.py:186} INFO - Started process (PID=476) to work on /opt/airflow/dags/php_dag.py
[2025-11-15T18:04:17.652+0000] {processor.py:914} INFO - Processing file /opt/airflow/dags/php_dag.py for tasks to queue
[2025-11-15T18:04:17.653+0000] {logging_mixin.py:190} INFO - [2025-11-15T18:04:17.653+0000] {dagbag.py:587} INFO - Filling up the DagBag from /opt/airflow/dags/php_dag.py
[2025-11-15T18:04:17.662+0000] {processor.py:925} INFO - DAG(s) 'rodar_script_php' retrieved from /opt/airflow/dags/php_dag.py
[2025-11-15T18:04:17.681+0000] {logging_mixin.py:190} INFO - [2025-11-15T18:04:17.681+0000] {dag.py:3229} INFO - Sync 1 DAGs
[2025-11-15T18:04:17.702+0000] {logging_mixin.py:190} INFO - [2025-11-15T18:04:17.701+0000] {dag.py:4156} INFO - Setting next_dagrun for rodar_script_php to 2025-11-14 00:00:00+00:00, run_after=2025-11-15 00:00:00+00:00
[2025-11-15T18:04:17.715+0000] {processor.py:208} INFO - Processing /opt/airflow/dags/php_dag.py took 0.069 seconds
[2025-11-15T18:04:47.802+0000] {processor.py:186} INFO - Started process (PID=481) to work on /opt/airflow/dags/php_dag.py
[2025-11-15T18:04:47.803+0000] {processor.py:914} INFO - Processing file /opt/airflow/dags/php_dag.py for tasks to queue
[2025-11-15T18:04:47.805+0000] {logging_mixin.py:190} INFO - [2025-11-15T18:04:47.804+0000] {dagbag.py:587} INFO - Filling up the DagBag from /opt/airflow/dags/php_dag.py
[2025-11-15T18:04:47.814+0000] {processor.py:925} INFO - DAG(s) 'rodar_script_php' retrieved from /opt/airflow/dags/php_dag.py
[2025-11-15T18:04:47.836+0000] {logging_mixin.py:190} INFO - [2025-11-15T18:04:47.836+0000] {dag.py:3229} INFO - Sync 1 DAGs
[2025-11-15T18:04:47.856+0000] {logging_mixin.py:190} INFO - [2025-11-15T18:04:47.855+0000] {dag.py:4156} INFO - Setting next_dagrun for rodar_script_php to 2025-11-14 00:00:00+00:00, run_after=2025-11-15 00:00:00+00:00
[2025-11-15T18:04:48.013+0000] {processor.py:208} INFO - Processing /opt/airflow/dags/php_dag.py took 0.215 seconds
[2025-11-15T18:05:18.151+0000] {processor.py:186} INFO - Started process (PID=486) to work on /opt/airflow/dags/php_dag.py
[2025-11-15T18:05:18.152+0000] {processor.py:914} INFO - Processing file /opt/airflow/dags/php_dag.py for tasks to queue
[2025-11-15T18:05:18.153+0000] {logging_mixin.py:190} INFO - [2025-11-15T18:05:18.153+0000] {dagbag.py:587} INFO - Filling up the DagBag from /opt/airflow/dags/php_dag.py
[2025-11-15T18:05:18.164+0000] {processor.py:925} INFO - DAG(s) 'rodar_script_php' retrieved from /opt/airflow/dags/php_dag.py
[2025-11-15T18:05:18.186+0000] {logging_mixin.py:190} INFO - [2025-11-15T18:05:18.186+0000] {dag.py:3229} INFO - Sync 1 DAGs
[2025-11-15T18:05:18.354+0000] {logging_mixin.py:190} INFO - [2025-11-15T18:05:18.353+0000] {dag.py:4156} INFO - Setting next_dagrun for rodar_script_php to 2025-11-14 00:00:00+00:00, run_after=2025-11-15 00:00:00+00:00
[2025-11-15T18:05:18.364+0000] {processor.py:208} INFO - Processing /opt/airflow/dags/php_dag.py took 0.219 seconds
[2025-11-15T18:05:48.514+0000] {processor.py:186} INFO - Started process (PID=491) to work on /opt/airflow/dags/php_dag.py
[2025-11-15T18:05:48.515+0000] {processor.py:914} INFO - Processing file /opt/airflow/dags/php_dag.py for tasks to queue
[2025-11-15T18:05:48.516+0000] {logging_mixin.py:190} INFO - [2025-11-15T18:05:48.516+0000] {dagbag.py:587} INFO - Filling up the DagBag from /opt/airflow/dags/php_dag.py
[2025-11-15T18:05:48.526+0000] {processor.py:925} INFO - DAG(s) 'rodar_script_php' retrieved from /opt/airflow/dags/php_dag.py
[2025-11-15T18:05:48.546+0000] {logging_mixin.py:190} INFO - [2025-11-15T18:05:48.546+0000] {dag.py:3229} INFO - Sync 1 DAGs
[2025-11-15T18:05:48.707+0000] {logging_mixin.py:190} INFO - [2025-11-15T18:05:48.707+0000] {dag.py:4156} INFO - Setting next_dagrun for rodar_script_php to 2025-11-14 00:00:00+00:00, run_after=2025-11-15 00:00:00+00:00
[2025-11-15T18:05:48.718+0000] {processor.py:208} INFO - Processing /opt/airflow/dags/php_dag.py took 0.208 seconds
[2025-11-15T18:06:18.869+0000] {processor.py:186} INFO - Started process (PID=496) to work on /opt/airflow/dags/php_dag.py
[2025-11-15T18:06:18.876+0000] {processor.py:914} INFO - Processing file /opt/airflow/dags/php_dag.py for tasks to queue
[2025-11-15T18:06:18.878+0000] {logging_mixin.py:190} INFO - [2025-11-15T18:06:18.878+0000] {dagbag.py:587} INFO - Filling up the DagBag from /opt/airflow/dags/php_dag.py
[2025-11-15T18:06:18.886+0000] {processor.py:925} INFO - DAG(s) 'rodar_script_php' retrieved from /opt/airflow/dags/php_dag.py
[2025-11-15T18:06:18.907+0000] {logging_mixin.py:190} INFO - [2025-11-15T18:06:18.907+0000] {dag.py:3229} INFO - Sync 1 DAGs
[2025-11-15T18:06:18.927+0000] {logging_mixin.py:190} INFO - [2025-11-15T18:06:18.927+0000] {dag.py:4156} INFO - Setting next_dagrun for rodar_script_php to 2025-11-14 00:00:00+00:00, run_after=2025-11-15 00:00:00+00:00
[2025-11-15T18:06:18.941+0000] {processor.py:208} INFO - Processing /opt/airflow/dags/php_dag.py took 0.077 seconds
[2025-11-15T18:06:49.017+0000] {processor.py:186} INFO - Started process (PID=501) to work on /opt/airflow/dags/php_dag.py
[2025-11-15T18:06:49.018+0000] {processor.py:914} INFO - Processing file /opt/airflow/dags/php_dag.py for tasks to queue
[2025-11-15T18:06:49.020+0000] {logging_mixin.py:190} INFO - [2025-11-15T18:06:49.019+0000] {dagbag.py:587} INFO - Filling up the DagBag from /opt/airflow/dags/php_dag.py
[2025-11-15T18:06:49.029+0000] {processor.py:925} INFO - DAG(s) 'rodar_script_php' retrieved from /opt/airflow/dags/php_dag.py
[2025-11-15T18:06:49.050+0000] {logging_mixin.py:190} INFO - [2025-11-15T18:06:49.050+0000] {dag.py:3229} INFO - Sync 1 DAGs
[2025-11-15T18:06:49.069+0000] {logging_mixin.py:190} INFO - [2025-11-15T18:06:49.069+0000] {dag.py:4156} INFO - Setting next_dagrun for rodar_script_php to 2025-11-14 00:00:00+00:00, run_after=2025-11-15 00:00:00+00:00
[2025-11-15T18:06:49.082+0000] {processor.py:208} INFO - Processing /opt/airflow/dags/php_dag.py took 0.069 seconds
[2025-11-15T18:07:19.238+0000] {processor.py:186} INFO - Started process (PID=506) to work on /opt/airflow/dags/php_dag.py
[2025-11-15T18:07:19.239+0000] {processor.py:914} INFO - Processing file /opt/airflow/dags/php_dag.py for tasks to queue
[2025-11-15T18:07:19.241+0000] {logging_mixin.py:190} INFO - [2025-11-15T18:07:19.240+0000] {dagbag.py:587} INFO - Filling up the DagBag from /opt/airflow/dags/php_dag.py
[2025-11-15T18:07:19.250+0000] {processor.py:925} INFO - DAG(s) 'rodar_script_php' retrieved from /opt/airflow/dags/php_dag.py
[2025-11-15T18:07:19.269+0000] {logging_mixin.py:190} INFO - [2025-11-15T18:07:19.269+0000] {dag.py:3229} INFO - Sync 1 DAGs
[2025-11-15T18:07:19.290+0000] {logging_mixin.py:190} INFO - [2025-11-15T18:07:19.289+0000] {dag.py:4156} INFO - Setting next_dagrun for rodar_script_php to 2025-11-14 00:00:00+00:00, run_after=2025-11-15 00:00:00+00:00
[2025-11-15T18:07:19.303+0000] {processor.py:208} INFO - Processing /opt/airflow/dags/php_dag.py took 0.070 seconds
[2025-11-15T18:07:49.386+0000] {processor.py:186} INFO - Started process (PID=511) to work on /opt/airflow/dags/php_dag.py
[2025-11-15T18:07:49.387+0000] {processor.py:914} INFO - Processing file /opt/airflow/dags/php_dag.py for tasks to queue
[2025-11-15T18:07:49.389+0000] {logging_mixin.py:190} INFO - [2025-11-15T18:07:49.388+0000] {dagbag.py:587} INFO - Filling up the DagBag from /opt/airflow/dags/php_dag.py
[2025-11-15T18:07:49.397+0000] {processor.py:925} INFO - DAG(s) 'rodar_script_php' retrieved from /opt/airflow/dags/php_dag.py
[2025-11-15T18:07:49.417+0000] {logging_mixin.py:190} INFO - [2025-11-15T18:07:49.417+0000] {dag.py:3229} INFO - Sync 1 DAGs
[2025-11-15T18:07:49.585+0000] {logging_mixin.py:190} INFO - [2025-11-15T18:07:49.585+0000] {dag.py:4156} INFO - Setting next_dagrun for rodar_script_php to 2025-11-14 00:00:00+00:00, run_after=2025-11-15 00:00:00+00:00
[2025-11-15T18:07:49.597+0000] {processor.py:208} INFO - Processing /opt/airflow/dags/php_dag.py took 0.216 seconds
[2025-11-15T18:08:19.746+0000] {processor.py:186} INFO - Started process (PID=516) to work on /opt/airflow/dags/php_dag.py
[2025-11-15T18:08:19.747+0000] {processor.py:914} INFO - Processing file /opt/airflow/dags/php_dag.py for tasks to queue
[2025-11-15T18:08:19.750+0000] {logging_mixin.py:190} INFO - [2025-11-15T18:08:19.749+0000] {dagbag.py:587} INFO - Filling up the DagBag from /opt/airflow/dags/php_dag.py
[2025-11-15T18:08:19.758+0000] {processor.py:925} INFO - DAG(s) 'rodar_script_php' retrieved from /opt/airflow/dags/php_dag.py
[2025-11-15T18:08:19.780+0000] {logging_mixin.py:190} INFO - [2025-11-15T18:08:19.780+0000] {dag.py:3229} INFO - Sync 1 DAGs
[2025-11-15T18:08:19.944+0000] {logging_mixin.py:190} INFO - [2025-11-15T18:08:19.943+0000] {dag.py:4156} INFO - Setting next_dagrun for rodar_script_php to 2025-11-14 00:00:00+00:00, run_after=2025-11-15 00:00:00+00:00
[2025-11-15T18:08:19.955+0000] {processor.py:208} INFO - Processing /opt/airflow/dags/php_dag.py took 0.214 seconds
[2025-11-15T18:08:50.100+0000] {processor.py:186} INFO - Started process (PID=521) to work on /opt/airflow/dags/php_dag.py
[2025-11-15T18:08:50.101+0000] {processor.py:914} INFO - Processing file /opt/airflow/dags/php_dag.py for tasks to queue
[2025-11-15T18:08:50.103+0000] {logging_mixin.py:190} INFO - [2025-11-15T18:08:50.102+0000] {dagbag.py:587} INFO - Filling up the DagBag from /opt/airflow/dags/php_dag.py
[2025-11-15T18:08:50.112+0000] {processor.py:925} INFO - DAG(s) 'rodar_script_php' retrieved from /opt/airflow/dags/php_dag.py
[2025-11-15T18:08:50.277+0000] {logging_mixin.py:190} INFO - [2025-11-15T18:08:50.277+0000] {dag.py:3229} INFO - Sync 1 DAGs
[2025-11-15T18:08:50.294+0000] {logging_mixin.py:190} INFO - [2025-11-15T18:08:50.294+0000] {dag.py:4156} INFO - Setting next_dagrun for rodar_script_php to 2025-11-14 00:00:00+00:00, run_after=2025-11-15 00:00:00+00:00
[2025-11-15T18:08:50.305+0000] {processor.py:208} INFO - Processing /opt/airflow/dags/php_dag.py took 0.212 seconds
[2025-11-15T18:09:20.462+0000] {processor.py:186} INFO - Started process (PID=526) to work on /opt/airflow/dags/php_dag.py
[2025-11-15T18:09:20.462+0000] {processor.py:914} INFO - Processing file /opt/airflow/dags/php_dag.py for tasks to queue
[2025-11-15T18:09:20.464+0000] {logging_mixin.py:190} INFO - [2025-11-15T18:09:20.464+0000] {dagbag.py:587} INFO - Filling up the DagBag from /opt/airflow/dags/php_dag.py
[2025-11-15T18:09:20.474+0000] {processor.py:925} INFO - DAG(s) 'rodar_script_php' retrieved from /opt/airflow/dags/php_dag.py
[2025-11-15T18:09:20.495+0000] {logging_mixin.py:190} INFO - [2025-11-15T18:09:20.495+0000] {dag.py:3229} INFO - Sync 1 DAGs
[2025-11-15T18:09:20.515+0000] {logging_mixin.py:190} INFO - [2025-11-15T18:09:20.515+0000] {dag.py:4156} INFO - Setting next_dagrun for rodar_script_php to 2025-11-14 00:00:00+00:00, run_after=2025-11-15 00:00:00+00:00
[2025-11-15T18:09:20.529+0000] {processor.py:208} INFO - Processing /opt/airflow/dags/php_dag.py took 0.072 seconds
[2025-11-15T18:09:50.611+0000] {processor.py:186} INFO - Started process (PID=531) to work on /opt/airflow/dags/php_dag.py
[2025-11-15T18:09:50.618+0000] {processor.py:914} INFO - Processing file /opt/airflow/dags/php_dag.py for tasks to queue
[2025-11-15T18:09:50.621+0000] {logging_mixin.py:190} INFO - [2025-11-15T18:09:50.620+0000] {dagbag.py:587} INFO - Filling up the DagBag from /opt/airflow/dags/php_dag.py
[2025-11-15T18:09:50.630+0000] {processor.py:925} INFO - DAG(s) 'rodar_script_php' retrieved from /opt/airflow/dags/php_dag.py
[2025-11-15T18:09:50.652+0000] {logging_mixin.py:190} INFO - [2025-11-15T18:09:50.652+0000] {dag.py:3229} INFO - Sync 1 DAGs
[2025-11-15T18:09:50.670+0000] {logging_mixin.py:190} INFO - [2025-11-15T18:09:50.670+0000] {dag.py:4156} INFO - Setting next_dagrun for rodar_script_php to 2025-11-14 00:00:00+00:00, run_after=2025-11-15 00:00:00+00:00
[2025-11-15T18:09:50.685+0000] {processor.py:208} INFO - Processing /opt/airflow/dags/php_dag.py took 0.079 seconds
[2025-11-15T18:10:20.807+0000] {processor.py:186} INFO - Started process (PID=536) to work on /opt/airflow/dags/php_dag.py
[2025-11-15T18:10:20.807+0000] {processor.py:914} INFO - Processing file /opt/airflow/dags/php_dag.py for tasks to queue
[2025-11-15T18:10:20.809+0000] {logging_mixin.py:190} INFO - [2025-11-15T18:10:20.809+0000] {dagbag.py:587} INFO - Filling up the DagBag from /opt/airflow/dags/php_dag.py
[2025-11-15T18:10:20.819+0000] {processor.py:925} INFO - DAG(s) 'rodar_script_php' retrieved from /opt/airflow/dags/php_dag.py
[2025-11-15T18:10:20.840+0000] {logging_mixin.py:190} INFO - [2025-11-15T18:10:20.840+0000] {dag.py:3229} INFO - Sync 1 DAGs
[2025-11-15T18:10:20.858+0000] {logging_mixin.py:190} INFO - [2025-11-15T18:10:20.858+0000] {dag.py:4156} INFO - Setting next_dagrun for rodar_script_php to 2025-11-14 00:00:00+00:00, run_after=2025-11-15 00:00:00+00:00
[2025-11-15T18:10:21.016+0000] {processor.py:208} INFO - Processing /opt/airflow/dags/php_dag.py took 0.214 seconds
[2025-11-15T18:10:51.156+0000] {processor.py:186} INFO - Started process (PID=541) to work on /opt/airflow/dags/php_dag.py
[2025-11-15T18:10:51.157+0000] {processor.py:914} INFO - Processing file /opt/airflow/dags/php_dag.py for tasks to queue
[2025-11-15T18:10:51.159+0000] {logging_mixin.py:190} INFO - [2025-11-15T18:10:51.158+0000] {dagbag.py:587} INFO - Filling up the DagBag from /opt/airflow/dags/php_dag.py
[2025-11-15T18:10:51.169+0000] {processor.py:925} INFO - DAG(s) 'rodar_script_php' retrieved from /opt/airflow/dags/php_dag.py
[2025-11-15T18:10:51.188+0000] {logging_mixin.py:190} INFO - [2025-11-15T18:10:51.188+0000] {dag.py:3229} INFO - Sync 1 DAGs
[2025-11-15T18:10:51.354+0000] {logging_mixin.py:190} INFO - [2025-11-15T18:10:51.353+0000] {dag.py:4156} INFO - Setting next_dagrun for rodar_script_php to 2025-11-14 00:00:00+00:00, run_after=2025-11-15 00:00:00+00:00
[2025-11-15T18:10:51.365+0000] {processor.py:208} INFO - Processing /opt/airflow/dags/php_dag.py took 0.214 seconds
[2025-11-15T18:11:21.514+0000] {processor.py:186} INFO - Started process (PID=546) to work on /opt/airflow/dags/php_dag.py
[2025-11-15T18:11:21.515+0000] {processor.py:914} INFO - Processing file /opt/airflow/dags/php_dag.py for tasks to queue
[2025-11-15T18:11:21.517+0000] {logging_mixin.py:190} INFO - [2025-11-15T18:11:21.517+0000] {dagbag.py:587} INFO - Filling up the DagBag from /opt/airflow/dags/php_dag.py
[2025-11-15T18:11:21.527+0000] {processor.py:925} INFO - DAG(s) 'rodar_script_php' retrieved from /opt/airflow/dags/php_dag.py
[2025-11-15T18:11:21.548+0000] {logging_mixin.py:190} INFO - [2025-11-15T18:11:21.548+0000] {dag.py:3229} INFO - Sync 1 DAGs
[2025-11-15T18:11:21.713+0000] {logging_mixin.py:190} INFO - [2025-11-15T18:11:21.713+0000] {dag.py:4156} INFO - Setting next_dagrun for rodar_script_php to 2025-11-14 00:00:00+00:00, run_after=2025-11-15 00:00:00+00:00
[2025-11-15T18:11:21.724+0000] {processor.py:208} INFO - Processing /opt/airflow/dags/php_dag.py took 0.215 seconds
[2025-11-15T18:11:51.875+0000] {processor.py:186} INFO - Started process (PID=551) to work on /opt/airflow/dags/php_dag.py
[2025-11-15T18:11:51.876+0000] {processor.py:914} INFO - Processing file /opt/airflow/dags/php_dag.py for tasks to queue
[2025-11-15T18:11:51.878+0000] {logging_mixin.py:190} INFO - [2025-11-15T18:11:51.878+0000] {dagbag.py:587} INFO - Filling up the DagBag from /opt/airflow/dags/php_dag.py
[2025-11-15T18:11:51.888+0000] {processor.py:925} INFO - DAG(s) 'rodar_script_php' retrieved from /opt/airflow/dags/php_dag.py
[2025-11-15T18:11:51.909+0000] {logging_mixin.py:190} INFO - [2025-11-15T18:11:51.908+0000] {dag.py:3229} INFO - Sync 1 DAGs
[2025-11-15T18:11:51.927+0000] {logging_mixin.py:190} INFO - [2025-11-15T18:11:51.927+0000] {dag.py:4156} INFO - Setting next_dagrun for rodar_script_php to 2025-11-14 00:00:00+00:00, run_after=2025-11-15 00:00:00+00:00
[2025-11-15T18:11:51.939+0000] {processor.py:208} INFO - Processing /opt/airflow/dags/php_dag.py took 0.069 seconds
[2025-11-15T18:12:22.029+0000] {processor.py:186} INFO - Started process (PID=556) to work on /opt/airflow/dags/php_dag.py
[2025-11-15T18:12:22.030+0000] {processor.py:914} INFO - Processing file /opt/airflow/dags/php_dag.py for tasks to queue
[2025-11-15T18:12:22.031+0000] {logging_mixin.py:190} INFO - [2025-11-15T18:12:22.031+0000] {dagbag.py:587} INFO - Filling up the DagBag from /opt/airflow/dags/php_dag.py
[2025-11-15T18:12:22.042+0000] {processor.py:925} INFO - DAG(s) 'rodar_script_php' retrieved from /opt/airflow/dags/php_dag.py
[2025-11-15T18:12:22.060+0000] {logging_mixin.py:190} INFO - [2025-11-15T18:12:22.060+0000] {dag.py:3229} INFO - Sync 1 DAGs
[2025-11-15T18:12:22.079+0000] {logging_mixin.py:190} INFO - [2025-11-15T18:12:22.079+0000] {dag.py:4156} INFO - Setting next_dagrun for rodar_script_php to 2025-11-14 00:00:00+00:00, run_after=2025-11-15 00:00:00+00:00
[2025-11-15T18:12:22.093+0000] {processor.py:208} INFO - Processing /opt/airflow/dags/php_dag.py took 0.068 seconds
[2025-11-15T18:12:52.210+0000] {processor.py:186} INFO - Started process (PID=561) to work on /opt/airflow/dags/php_dag.py
[2025-11-15T18:12:52.211+0000] {processor.py:914} INFO - Processing file /opt/airflow/dags/php_dag.py for tasks to queue
[2025-11-15T18:12:52.214+0000] {logging_mixin.py:190} INFO - [2025-11-15T18:12:52.213+0000] {dagbag.py:587} INFO - Filling up the DagBag from /opt/airflow/dags/php_dag.py
[2025-11-15T18:12:52.222+0000] {processor.py:925} INFO - DAG(s) 'rodar_script_php' retrieved from /opt/airflow/dags/php_dag.py
[2025-11-15T18:12:52.243+0000] {logging_mixin.py:190} INFO - [2025-11-15T18:12:52.243+0000] {dag.py:3229} INFO - Sync 1 DAGs
[2025-11-15T18:12:52.261+0000] {logging_mixin.py:190} INFO - [2025-11-15T18:12:52.261+0000] {dag.py:4156} INFO - Setting next_dagrun for rodar_script_php to 2025-11-14 00:00:00+00:00, run_after=2025-11-15 00:00:00+00:00
[2025-11-15T18:12:52.274+0000] {processor.py:208} INFO - Processing /opt/airflow/dags/php_dag.py took 0.069 seconds
[2025-11-15T18:13:22.376+0000] {processor.py:186} INFO - Started process (PID=566) to work on /opt/airflow/dags/php_dag.py
[2025-11-15T18:13:22.376+0000] {processor.py:914} INFO - Processing file /opt/airflow/dags/php_dag.py for tasks to queue
[2025-11-15T18:13:22.378+0000] {logging_mixin.py:190} INFO - [2025-11-15T18:13:22.378+0000] {dagbag.py:587} INFO - Filling up the DagBag from /opt/airflow/dags/php_dag.py
[2025-11-15T18:13:22.388+0000] {processor.py:925} INFO - DAG(s) 'rodar_script_php' retrieved from /opt/airflow/dags/php_dag.py
[2025-11-15T18:13:22.407+0000] {logging_mixin.py:190} INFO - [2025-11-15T18:13:22.407+0000] {dag.py:3229} INFO - Sync 1 DAGs
[2025-11-15T18:13:22.428+0000] {logging_mixin.py:190} INFO - [2025-11-15T18:13:22.427+0000] {dag.py:4156} INFO - Setting next_dagrun for rodar_script_php to 2025-11-14 00:00:00+00:00, run_after=2025-11-15 00:00:00+00:00
[2025-11-15T18:13:22.589+0000] {processor.py:208} INFO - Processing /opt/airflow/dags/php_dag.py took 0.219 seconds
[2025-11-15T18:13:52.743+0000] {processor.py:186} INFO - Started process (PID=571) to work on /opt/airflow/dags/php_dag.py
[2025-11-15T18:13:52.744+0000] {processor.py:914} INFO - Processing file /opt/airflow/dags/php_dag.py for tasks to queue
[2025-11-15T18:13:52.746+0000] {logging_mixin.py:190} INFO - [2025-11-15T18:13:52.746+0000] {dagbag.py:587} INFO - Filling up the DagBag from /opt/airflow/dags/php_dag.py
[2025-11-15T18:13:52.756+0000] {processor.py:925} INFO - DAG(s) 'rodar_script_php' retrieved from /opt/airflow/dags/php_dag.py
[2025-11-15T18:13:52.777+0000] {logging_mixin.py:190} INFO - [2025-11-15T18:13:52.777+0000] {dag.py:3229} INFO - Sync 1 DAGs
[2025-11-15T18:13:52.953+0000] {logging_mixin.py:190} INFO - [2025-11-15T18:13:52.952+0000] {dag.py:4156} INFO - Setting next_dagrun for rodar_script_php to 2025-11-14 00:00:00+00:00, run_after=2025-11-15 00:00:00+00:00
[2025-11-15T18:13:52.966+0000] {processor.py:208} INFO - Processing /opt/airflow/dags/php_dag.py took 0.228 seconds
[2025-11-15T18:14:23.123+0000] {processor.py:186} INFO - Started process (PID=576) to work on /opt/airflow/dags/php_dag.py
[2025-11-15T18:14:23.125+0000] {processor.py:914} INFO - Processing file /opt/airflow/dags/php_dag.py for tasks to queue
[2025-11-15T18:14:23.126+0000] {logging_mixin.py:190} INFO - [2025-11-15T18:14:23.126+0000] {dagbag.py:587} INFO - Filling up the DagBag from /opt/airflow/dags/php_dag.py
[2025-11-15T18:14:23.135+0000] {processor.py:925} INFO - DAG(s) 'rodar_script_php' retrieved from /opt/airflow/dags/php_dag.py
[2025-11-15T18:14:23.158+0000] {logging_mixin.py:190} INFO - [2025-11-15T18:14:23.158+0000] {dag.py:3229} INFO - Sync 1 DAGs
[2025-11-15T18:14:23.322+0000] {logging_mixin.py:190} INFO - [2025-11-15T18:14:23.322+0000] {dag.py:4156} INFO - Setting next_dagrun for rodar_script_php to 2025-11-14 00:00:00+00:00, run_after=2025-11-15 00:00:00+00:00
[2025-11-15T18:14:23.334+0000] {processor.py:208} INFO - Processing /opt/airflow/dags/php_dag.py took 0.215 seconds
[2025-11-15T18:14:53.491+0000] {processor.py:186} INFO - Started process (PID=581) to work on /opt/airflow/dags/php_dag.py
[2025-11-15T18:14:53.493+0000] {processor.py:914} INFO - Processing file /opt/airflow/dags/php_dag.py for tasks to queue
[2025-11-15T18:14:53.495+0000] {logging_mixin.py:190} INFO - [2025-11-15T18:14:53.495+0000] {dagbag.py:587} INFO - Filling up the DagBag from /opt/airflow/dags/php_dag.py
[2025-11-15T18:14:53.507+0000] {processor.py:925} INFO - DAG(s) 'rodar_script_php' retrieved from /opt/airflow/dags/php_dag.py
[2025-11-15T18:14:53.527+0000] {logging_mixin.py:190} INFO - [2025-11-15T18:14:53.527+0000] {dag.py:3229} INFO - Sync 1 DAGs
[2025-11-15T18:14:53.545+0000] {logging_mixin.py:190} INFO - [2025-11-15T18:14:53.545+0000] {dag.py:4156} INFO - Setting next_dagrun for rodar_script_php to 2025-11-14 00:00:00+00:00, run_after=2025-11-15 00:00:00+00:00
[2025-11-15T18:14:53.559+0000] {processor.py:208} INFO - Processing /opt/airflow/dags/php_dag.py took 0.074 seconds
[2025-11-15T18:15:23.652+0000] {processor.py:186} INFO - Started process (PID=586) to work on /opt/airflow/dags/php_dag.py
[2025-11-15T18:15:23.653+0000] {processor.py:914} INFO - Processing file /opt/airflow/dags/php_dag.py for tasks to queue
[2025-11-15T18:15:23.655+0000] {logging_mixin.py:190} INFO - [2025-11-15T18:15:23.654+0000] {dagbag.py:587} INFO - Filling up the DagBag from /opt/airflow/dags/php_dag.py
[2025-11-15T18:15:23.664+0000] {processor.py:925} INFO - DAG(s) 'rodar_script_php' retrieved from /opt/airflow/dags/php_dag.py
[2025-11-15T18:15:23.684+0000] {logging_mixin.py:190} INFO - [2025-11-15T18:15:23.684+0000] {dag.py:3229} INFO - Sync 1 DAGs
[2025-11-15T18:15:23.703+0000] {logging_mixin.py:190} INFO - [2025-11-15T18:15:23.703+0000] {dag.py:4156} INFO - Setting next_dagrun for rodar_script_php to 2025-11-14 00:00:00+00:00, run_after=2025-11-15 00:00:00+00:00
[2025-11-15T18:15:23.716+0000] {processor.py:208} INFO - Processing /opt/airflow/dags/php_dag.py took 0.069 seconds
[2025-11-15T18:15:53.860+0000] {processor.py:186} INFO - Started process (PID=591) to work on /opt/airflow/dags/php_dag.py
[2025-11-15T18:15:53.860+0000] {processor.py:914} INFO - Processing file /opt/airflow/dags/php_dag.py for tasks to queue
[2025-11-15T18:15:53.862+0000] {logging_mixin.py:190} INFO - [2025-11-15T18:15:53.862+0000] {dagbag.py:587} INFO - Filling up the DagBag from /opt/airflow/dags/php_dag.py
[2025-11-15T18:15:53.872+0000] {processor.py:925} INFO - DAG(s) 'rodar_script_php' retrieved from /opt/airflow/dags/php_dag.py
[2025-11-15T18:15:53.891+0000] {logging_mixin.py:190} INFO - [2025-11-15T18:15:53.891+0000] {dag.py:3229} INFO - Sync 1 DAGs
[2025-11-15T18:15:53.912+0000] {logging_mixin.py:190} INFO - [2025-11-15T18:15:53.912+0000] {dag.py:4156} INFO - Setting next_dagrun for rodar_script_php to 2025-11-14 00:00:00+00:00, run_after=2025-11-15 00:00:00+00:00
[2025-11-15T18:15:53.925+0000] {processor.py:208} INFO - Processing /opt/airflow/dags/php_dag.py took 0.070 seconds
[2025-11-15T18:16:24.028+0000] {processor.py:186} INFO - Started process (PID=596) to work on /opt/airflow/dags/php_dag.py
[2025-11-15T18:16:24.029+0000] {processor.py:914} INFO - Processing file /opt/airflow/dags/php_dag.py for tasks to queue
[2025-11-15T18:16:24.031+0000] {logging_mixin.py:190} INFO - [2025-11-15T18:16:24.031+0000] {dagbag.py:587} INFO - Filling up the DagBag from /opt/airflow/dags/php_dag.py
[2025-11-15T18:16:24.041+0000] {processor.py:925} INFO - DAG(s) 'rodar_script_php' retrieved from /opt/airflow/dags/php_dag.py
[2025-11-15T18:16:24.062+0000] {logging_mixin.py:190} INFO - [2025-11-15T18:16:24.061+0000] {dag.py:3229} INFO - Sync 1 DAGs
[2025-11-15T18:16:24.234+0000] {logging_mixin.py:190} INFO - [2025-11-15T18:16:24.234+0000] {dag.py:4156} INFO - Setting next_dagrun for rodar_script_php to 2025-11-14 00:00:00+00:00, run_after=2025-11-15 00:00:00+00:00
[2025-11-15T18:16:24.247+0000] {processor.py:208} INFO - Processing /opt/airflow/dags/php_dag.py took 0.224 seconds
[2025-11-15T18:16:54.391+0000] {processor.py:186} INFO - Started process (PID=601) to work on /opt/airflow/dags/php_dag.py
[2025-11-15T18:16:54.393+0000] {processor.py:914} INFO - Processing file /opt/airflow/dags/php_dag.py for tasks to queue
[2025-11-15T18:16:54.396+0000] {logging_mixin.py:190} INFO - [2025-11-15T18:16:54.395+0000] {dagbag.py:587} INFO - Filling up the DagBag from /opt/airflow/dags/php_dag.py
[2025-11-15T18:16:54.405+0000] {processor.py:925} INFO - DAG(s) 'rodar_script_php' retrieved from /opt/airflow/dags/php_dag.py
[2025-11-15T18:16:54.425+0000] {logging_mixin.py:190} INFO - [2025-11-15T18:16:54.425+0000] {dag.py:3229} INFO - Sync 1 DAGs
[2025-11-15T18:16:54.591+0000] {logging_mixin.py:190} INFO - [2025-11-15T18:16:54.591+0000] {dag.py:4156} INFO - Setting next_dagrun for rodar_script_php to 2025-11-14 00:00:00+00:00, run_after=2025-11-15 00:00:00+00:00
[2025-11-15T18:16:54.603+0000] {processor.py:208} INFO - Processing /opt/airflow/dags/php_dag.py took 0.217 seconds
[2025-11-15T18:17:24.749+0000] {processor.py:186} INFO - Started process (PID=606) to work on /opt/airflow/dags/php_dag.py
[2025-11-15T18:17:24.750+0000] {processor.py:914} INFO - Processing file /opt/airflow/dags/php_dag.py for tasks to queue
[2025-11-15T18:17:24.751+0000] {logging_mixin.py:190} INFO - [2025-11-15T18:17:24.751+0000] {dagbag.py:587} INFO - Filling up the DagBag from /opt/airflow/dags/php_dag.py
[2025-11-15T18:17:24.762+0000] {processor.py:925} INFO - DAG(s) 'rodar_script_php' retrieved from /opt/airflow/dags/php_dag.py
[2025-11-15T18:17:24.933+0000] {logging_mixin.py:190} INFO - [2025-11-15T18:17:24.933+0000] {dag.py:3229} INFO - Sync 1 DAGs
[2025-11-15T18:17:24.949+0000] {logging_mixin.py:190} INFO - [2025-11-15T18:17:24.948+0000] {dag.py:4156} INFO - Setting next_dagrun for rodar_script_php to 2025-11-14 00:00:00+00:00, run_after=2025-11-15 00:00:00+00:00
[2025-11-15T18:17:24.960+0000] {processor.py:208} INFO - Processing /opt/airflow/dags/php_dag.py took 0.217 seconds
[2025-11-15T18:17:55.112+0000] {processor.py:186} INFO - Started process (PID=611) to work on /opt/airflow/dags/php_dag.py
[2025-11-15T18:17:55.112+0000] {processor.py:914} INFO - Processing file /opt/airflow/dags/php_dag.py for tasks to queue
[2025-11-15T18:17:55.114+0000] {logging_mixin.py:190} INFO - [2025-11-15T18:17:55.114+0000] {dagbag.py:587} INFO - Filling up the DagBag from /opt/airflow/dags/php_dag.py
[2025-11-15T18:17:55.124+0000] {processor.py:925} INFO - DAG(s) 'rodar_script_php' retrieved from /opt/airflow/dags/php_dag.py
[2025-11-15T18:17:55.144+0000] {logging_mixin.py:190} INFO - [2025-11-15T18:17:55.144+0000] {dag.py:3229} INFO - Sync 1 DAGs
[2025-11-15T18:17:55.163+0000] {logging_mixin.py:190} INFO - [2025-11-15T18:17:55.163+0000] {dag.py:4156} INFO - Setting next_dagrun for rodar_script_php to 2025-11-14 00:00:00+00:00, run_after=2025-11-15 00:00:00+00:00
[2025-11-15T18:17:55.177+0000] {processor.py:208} INFO - Processing /opt/airflow/dags/php_dag.py took 0.071 seconds
[2025-11-15T18:18:25.255+0000] {processor.py:186} INFO - Started process (PID=616) to work on /opt/airflow/dags/php_dag.py
[2025-11-15T18:18:25.255+0000] {processor.py:914} INFO - Processing file /opt/airflow/dags/php_dag.py for tasks to queue
[2025-11-15T18:18:25.257+0000] {logging_mixin.py:190} INFO - [2025-11-15T18:18:25.257+0000] {dagbag.py:587} INFO - Filling up the DagBag from /opt/airflow/dags/php_dag.py
[2025-11-15T18:18:25.266+0000] {processor.py:925} INFO - DAG(s) 'rodar_script_php' retrieved from /opt/airflow/dags/php_dag.py
[2025-11-15T18:18:25.288+0000] {logging_mixin.py:190} INFO - [2025-11-15T18:18:25.288+0000] {dag.py:3229} INFO - Sync 1 DAGs
[2025-11-15T18:18:25.307+0000] {logging_mixin.py:190} INFO - [2025-11-15T18:18:25.307+0000] {dag.py:4156} INFO - Setting next_dagrun for rodar_script_php to 2025-11-14 00:00:00+00:00, run_after=2025-11-15 00:00:00+00:00
[2025-11-15T18:18:25.320+0000] {processor.py:208} INFO - Processing /opt/airflow/dags/php_dag.py took 0.071 seconds
[2025-11-15T18:18:55.476+0000] {processor.py:186} INFO - Started process (PID=621) to work on /opt/airflow/dags/php_dag.py
[2025-11-15T18:18:55.477+0000] {processor.py:914} INFO - Processing file /opt/airflow/dags/php_dag.py for tasks to queue
[2025-11-15T18:18:55.479+0000] {logging_mixin.py:190} INFO - [2025-11-15T18:18:55.478+0000] {dagbag.py:587} INFO - Filling up the DagBag from /opt/airflow/dags/php_dag.py
[2025-11-15T18:18:55.489+0000] {processor.py:925} INFO - DAG(s) 'rodar_script_php' retrieved from /opt/airflow/dags/php_dag.py
[2025-11-15T18:18:55.509+0000] {logging_mixin.py:190} INFO - [2025-11-15T18:18:55.509+0000] {dag.py:3229} INFO - Sync 1 DAGs
[2025-11-15T18:18:55.529+0000] {logging_mixin.py:190} INFO - [2025-11-15T18:18:55.529+0000] {dag.py:4156} INFO - Setting next_dagrun for rodar_script_php to 2025-11-14 00:00:00+00:00, run_after=2025-11-15 00:00:00+00:00
[2025-11-15T18:18:55.690+0000] {processor.py:208} INFO - Processing /opt/airflow/dags/php_dag.py took 0.219 seconds
[2025-11-15T18:19:25.825+0000] {processor.py:186} INFO - Started process (PID=626) to work on /opt/airflow/dags/php_dag.py
[2025-11-15T18:19:25.826+0000] {processor.py:914} INFO - Processing file /opt/airflow/dags/php_dag.py for tasks to queue
[2025-11-15T18:19:25.828+0000] {logging_mixin.py:190} INFO - [2025-11-15T18:19:25.828+0000] {dagbag.py:587} INFO - Filling up the DagBag from /opt/airflow/dags/php_dag.py
[2025-11-15T18:19:25.837+0000] {processor.py:925} INFO - DAG(s) 'rodar_script_php' retrieved from /opt/airflow/dags/php_dag.py
[2025-11-15T18:19:25.859+0000] {logging_mixin.py:190} INFO - [2025-11-15T18:19:25.859+0000] {dag.py:3229} INFO - Sync 1 DAGs
[2025-11-15T18:19:26.027+0000] {logging_mixin.py:190} INFO - [2025-11-15T18:19:26.026+0000] {dag.py:4156} INFO - Setting next_dagrun for rodar_script_php to 2025-11-14 00:00:00+00:00, run_after=2025-11-15 00:00:00+00:00
[2025-11-15T18:19:26.038+0000] {processor.py:208} INFO - Processing /opt/airflow/dags/php_dag.py took 0.218 seconds
[2025-11-15T18:19:56.185+0000] {processor.py:186} INFO - Started process (PID=631) to work on /opt/airflow/dags/php_dag.py
[2025-11-15T18:19:56.186+0000] {processor.py:914} INFO - Processing file /opt/airflow/dags/php_dag.py for tasks to queue
[2025-11-15T18:19:56.188+0000] {logging_mixin.py:190} INFO - [2025-11-15T18:19:56.188+0000] {dagbag.py:587} INFO - Filling up the DagBag from /opt/airflow/dags/php_dag.py
[2025-11-15T18:19:56.198+0000] {processor.py:925} INFO - DAG(s) 'rodar_script_php' retrieved from /opt/airflow/dags/php_dag.py
[2025-11-15T18:19:56.220+0000] {logging_mixin.py:190} INFO - [2025-11-15T18:19:56.220+0000] {dag.py:3229} INFO - Sync 1 DAGs
[2025-11-15T18:19:56.389+0000] {logging_mixin.py:190} INFO - [2025-11-15T18:19:56.389+0000] {dag.py:4156} INFO - Setting next_dagrun for rodar_script_php to 2025-11-14 00:00:00+00:00, run_after=2025-11-15 00:00:00+00:00
[2025-11-15T18:19:56.402+0000] {processor.py:208} INFO - Processing /opt/airflow/dags/php_dag.py took 0.222 seconds
[2025-11-15T18:20:26.554+0000] {processor.py:186} INFO - Started process (PID=636) to work on /opt/airflow/dags/php_dag.py
[2025-11-15T18:20:26.555+0000] {processor.py:914} INFO - Processing file /opt/airflow/dags/php_dag.py for tasks to queue
[2025-11-15T18:20:26.557+0000] {logging_mixin.py:190} INFO - [2025-11-15T18:20:26.557+0000] {dagbag.py:587} INFO - Filling up the DagBag from /opt/airflow/dags/php_dag.py
[2025-11-15T18:20:26.567+0000] {processor.py:925} INFO - DAG(s) 'rodar_script_php' retrieved from /opt/airflow/dags/php_dag.py
[2025-11-15T18:20:26.739+0000] {logging_mixin.py:190} INFO - [2025-11-15T18:20:26.738+0000] {dag.py:3229} INFO - Sync 1 DAGs
[2025-11-15T18:20:26.754+0000] {logging_mixin.py:190} INFO - [2025-11-15T18:20:26.754+0000] {dag.py:4156} INFO - Setting next_dagrun for rodar_script_php to 2025-11-14 00:00:00+00:00, run_after=2025-11-15 00:00:00+00:00
[2025-11-15T18:20:26.765+0000] {processor.py:208} INFO - Processing /opt/airflow/dags/php_dag.py took 0.215 seconds
[2025-11-15T18:20:56.913+0000] {processor.py:186} INFO - Started process (PID=641) to work on /opt/airflow/dags/php_dag.py
[2025-11-15T18:20:56.914+0000] {processor.py:914} INFO - Processing file /opt/airflow/dags/php_dag.py for tasks to queue
[2025-11-15T18:20:56.916+0000] {logging_mixin.py:190} INFO - [2025-11-15T18:20:56.916+0000] {dagbag.py:587} INFO - Filling up the DagBag from /opt/airflow/dags/php_dag.py
[2025-11-15T18:20:56.926+0000] {processor.py:925} INFO - DAG(s) 'rodar_script_php' retrieved from /opt/airflow/dags/php_dag.py
[2025-11-15T18:20:56.949+0000] {logging_mixin.py:190} INFO - [2025-11-15T18:20:56.949+0000] {dag.py:3229} INFO - Sync 1 DAGs
[2025-11-15T18:20:56.969+0000] {logging_mixin.py:190} INFO - [2025-11-15T18:20:56.969+0000] {dag.py:4156} INFO - Setting next_dagrun for rodar_script_php to 2025-11-14 00:00:00+00:00, run_after=2025-11-15 00:00:00+00:00
[2025-11-15T18:20:56.983+0000] {processor.py:208} INFO - Processing /opt/airflow/dags/php_dag.py took 0.074 seconds
[2025-11-15T18:21:27.066+0000] {processor.py:186} INFO - Started process (PID=646) to work on /opt/airflow/dags/php_dag.py
[2025-11-15T18:21:27.067+0000] {processor.py:914} INFO - Processing file /opt/airflow/dags/php_dag.py for tasks to queue
[2025-11-15T18:21:27.069+0000] {logging_mixin.py:190} INFO - [2025-11-15T18:21:27.069+0000] {dagbag.py:587} INFO - Filling up the DagBag from /opt/airflow/dags/php_dag.py
[2025-11-15T18:21:27.079+0000] {processor.py:925} INFO - DAG(s) 'rodar_script_php' retrieved from /opt/airflow/dags/php_dag.py
[2025-11-15T18:21:27.100+0000] {logging_mixin.py:190} INFO - [2025-11-15T18:21:27.100+0000] {dag.py:3229} INFO - Sync 1 DAGs
[2025-11-15T18:21:27.119+0000] {logging_mixin.py:190} INFO - [2025-11-15T18:21:27.119+0000] {dag.py:4156} INFO - Setting next_dagrun for rodar_script_php to 2025-11-14 00:00:00+00:00, run_after=2025-11-15 00:00:00+00:00
[2025-11-15T18:21:27.132+0000] {processor.py:208} INFO - Processing /opt/airflow/dags/php_dag.py took 0.071 seconds
[2025-11-15T18:21:57.271+0000] {processor.py:186} INFO - Started process (PID=651) to work on /opt/airflow/dags/php_dag.py
[2025-11-15T18:21:57.272+0000] {processor.py:914} INFO - Processing file /opt/airflow/dags/php_dag.py for tasks to queue
[2025-11-15T18:21:57.274+0000] {logging_mixin.py:190} INFO - [2025-11-15T18:21:57.274+0000] {dagbag.py:587} INFO - Filling up the DagBag from /opt/airflow/dags/php_dag.py
[2025-11-15T18:21:57.284+0000] {processor.py:925} INFO - DAG(s) 'rodar_script_php' retrieved from /opt/airflow/dags/php_dag.py
[2025-11-15T18:21:57.305+0000] {logging_mixin.py:190} INFO - [2025-11-15T18:21:57.305+0000] {dag.py:3229} INFO - Sync 1 DAGs
[2025-11-15T18:21:57.325+0000] {logging_mixin.py:190} INFO - [2025-11-15T18:21:57.324+0000] {dag.py:4156} INFO - Setting next_dagrun for rodar_script_php to 2025-11-14 00:00:00+00:00, run_after=2025-11-15 00:00:00+00:00
[2025-11-15T18:21:57.479+0000] {processor.py:208} INFO - Processing /opt/airflow/dags/php_dag.py took 0.212 seconds
[2025-11-15T18:22:27.623+0000] {processor.py:186} INFO - Started process (PID=656) to work on /opt/airflow/dags/php_dag.py
[2025-11-15T18:22:27.624+0000] {processor.py:914} INFO - Processing file /opt/airflow/dags/php_dag.py for tasks to queue
[2025-11-15T18:22:27.625+0000] {logging_mixin.py:190} INFO - [2025-11-15T18:22:27.625+0000] {dagbag.py:587} INFO - Filling up the DagBag from /opt/airflow/dags/php_dag.py
[2025-11-15T18:22:27.634+0000] {processor.py:925} INFO - DAG(s) 'rodar_script_php' retrieved from /opt/airflow/dags/php_dag.py
[2025-11-15T18:22:27.657+0000] {logging_mixin.py:190} INFO - [2025-11-15T18:22:27.657+0000] {dag.py:3229} INFO - Sync 1 DAGs
[2025-11-15T18:22:27.822+0000] {logging_mixin.py:190} INFO - [2025-11-15T18:22:27.822+0000] {dag.py:4156} INFO - Setting next_dagrun for rodar_script_php to 2025-11-14 00:00:00+00:00, run_after=2025-11-15 00:00:00+00:00
[2025-11-15T18:22:27.833+0000] {processor.py:208} INFO - Processing /opt/airflow/dags/php_dag.py took 0.216 seconds
[2025-11-15T18:22:57.977+0000] {processor.py:186} INFO - Started process (PID=661) to work on /opt/airflow/dags/php_dag.py
[2025-11-15T18:22:57.978+0000] {processor.py:914} INFO - Processing file /opt/airflow/dags/php_dag.py for tasks to queue
[2025-11-15T18:22:57.980+0000] {logging_mixin.py:190} INFO - [2025-11-15T18:22:57.980+0000] {dagbag.py:587} INFO - Filling up the DagBag from /opt/airflow/dags/php_dag.py
[2025-11-15T18:22:57.991+0000] {processor.py:925} INFO - DAG(s) 'rodar_script_php' retrieved from /opt/airflow/dags/php_dag.py
[2025-11-15T18:22:58.014+0000] {logging_mixin.py:190} INFO - [2025-11-15T18:22:58.014+0000] {dag.py:3229} INFO - Sync 1 DAGs
[2025-11-15T18:22:58.176+0000] {logging_mixin.py:190} INFO - [2025-11-15T18:22:58.176+0000] {dag.py:4156} INFO - Setting next_dagrun for rodar_script_php to 2025-11-14 00:00:00+00:00, run_after=2025-11-15 00:00:00+00:00
[2025-11-15T18:22:58.189+0000] {processor.py:208} INFO - Processing /opt/airflow/dags/php_dag.py took 0.219 seconds
[2025-11-15T18:23:28.335+0000] {processor.py:186} INFO - Started process (PID=666) to work on /opt/airflow/dags/php_dag.py
[2025-11-15T18:23:28.336+0000] {processor.py:914} INFO - Processing file /opt/airflow/dags/php_dag.py for tasks to queue
[2025-11-15T18:23:28.337+0000] {logging_mixin.py:190} INFO - [2025-11-15T18:23:28.337+0000] {dagbag.py:587} INFO - Filling up the DagBag from /opt/airflow/dags/php_dag.py
[2025-11-15T18:23:28.346+0000] {processor.py:925} INFO - DAG(s) 'rodar_script_php' retrieved from /opt/airflow/dags/php_dag.py
[2025-11-15T18:23:28.514+0000] {logging_mixin.py:190} INFO - [2025-11-15T18:23:28.514+0000] {dag.py:3229} INFO - Sync 1 DAGs
[2025-11-15T18:23:28.530+0000] {logging_mixin.py:190} INFO - [2025-11-15T18:23:28.530+0000] {dag.py:4156} INFO - Setting next_dagrun for rodar_script_php to 2025-11-14 00:00:00+00:00, run_after=2025-11-15 00:00:00+00:00
[2025-11-15T18:23:28.542+0000] {processor.py:208} INFO - Processing /opt/airflow/dags/php_dag.py took 0.212 seconds
[2025-11-15T18:23:58.700+0000] {processor.py:186} INFO - Started process (PID=671) to work on /opt/airflow/dags/php_dag.py
[2025-11-15T18:23:58.701+0000] {processor.py:914} INFO - Processing file /opt/airflow/dags/php_dag.py for tasks to queue
[2025-11-15T18:23:58.703+0000] {logging_mixin.py:190} INFO - [2025-11-15T18:23:58.703+0000] {dagbag.py:587} INFO - Filling up the DagBag from /opt/airflow/dags/php_dag.py
[2025-11-15T18:23:58.713+0000] {processor.py:925} INFO - DAG(s) 'rodar_script_php' retrieved from /opt/airflow/dags/php_dag.py
[2025-11-15T18:23:58.732+0000] {logging_mixin.py:190} INFO - [2025-11-15T18:23:58.732+0000] {dag.py:3229} INFO - Sync 1 DAGs
[2025-11-15T18:23:58.755+0000] {logging_mixin.py:190} INFO - [2025-11-15T18:23:58.754+0000] {dag.py:4156} INFO - Setting next_dagrun for rodar_script_php to 2025-11-14 00:00:00+00:00, run_after=2025-11-15 00:00:00+00:00
[2025-11-15T18:23:58.770+0000] {processor.py:208} INFO - Processing /opt/airflow/dags/php_dag.py took 0.076 seconds
[2025-11-15T18:24:28.863+0000] {processor.py:186} INFO - Started process (PID=682) to work on /opt/airflow/dags/php_dag.py
[2025-11-15T18:24:28.864+0000] {processor.py:914} INFO - Processing file /opt/airflow/dags/php_dag.py for tasks to queue
[2025-11-15T18:24:28.866+0000] {logging_mixin.py:190} INFO - [2025-11-15T18:24:28.865+0000] {dagbag.py:587} INFO - Filling up the DagBag from /opt/airflow/dags/php_dag.py
[2025-11-15T18:24:28.876+0000] {processor.py:925} INFO - DAG(s) 'rodar_script_php' retrieved from /opt/airflow/dags/php_dag.py
[2025-11-15T18:24:28.898+0000] {logging_mixin.py:190} INFO - [2025-11-15T18:24:28.898+0000] {dag.py:3229} INFO - Sync 1 DAGs
[2025-11-15T18:24:28.917+0000] {logging_mixin.py:190} INFO - [2025-11-15T18:24:28.917+0000] {dag.py:4156} INFO - Setting next_dagrun for rodar_script_php to 2025-11-15 00:00:00+00:00, run_after=2025-11-16 00:00:00+00:00
[2025-11-15T18:24:28.930+0000] {processor.py:208} INFO - Processing /opt/airflow/dags/php_dag.py took 0.072 seconds
[2025-11-15T18:24:59.071+0000] {processor.py:186} INFO - Started process (PID=687) to work on /opt/airflow/dags/php_dag.py
[2025-11-15T18:24:59.072+0000] {processor.py:914} INFO - Processing file /opt/airflow/dags/php_dag.py for tasks to queue
[2025-11-15T18:24:59.074+0000] {logging_mixin.py:190} INFO - [2025-11-15T18:24:59.074+0000] {dagbag.py:587} INFO - Filling up the DagBag from /opt/airflow/dags/php_dag.py
[2025-11-15T18:24:59.082+0000] {processor.py:925} INFO - DAG(s) 'rodar_script_php' retrieved from /opt/airflow/dags/php_dag.py
[2025-11-15T18:24:59.099+0000] {logging_mixin.py:190} INFO - [2025-11-15T18:24:59.099+0000] {dag.py:3229} INFO - Sync 1 DAGs
[2025-11-15T18:24:59.248+0000] {logging_mixin.py:190} INFO - [2025-11-15T18:24:59.248+0000] {dag.py:4156} INFO - Setting next_dagrun for rodar_script_php to 2025-11-15 00:00:00+00:00, run_after=2025-11-16 00:00:00+00:00
[2025-11-15T18:24:59.261+0000] {processor.py:208} INFO - Processing /opt/airflow/dags/php_dag.py took 0.193 seconds
[2025-11-15T18:25:29.425+0000] {processor.py:186} INFO - Started process (PID=701) to work on /opt/airflow/dags/php_dag.py
[2025-11-15T18:25:29.426+0000] {processor.py:914} INFO - Processing file /opt/airflow/dags/php_dag.py for tasks to queue
[2025-11-15T18:25:29.429+0000] {logging_mixin.py:190} INFO - [2025-11-15T18:25:29.428+0000] {dagbag.py:587} INFO - Filling up the DagBag from /opt/airflow/dags/php_dag.py
[2025-11-15T18:25:29.439+0000] {processor.py:925} INFO - DAG(s) 'rodar_script_php' retrieved from /opt/airflow/dags/php_dag.py
[2025-11-15T18:25:29.462+0000] {logging_mixin.py:190} INFO - [2025-11-15T18:25:29.461+0000] {dag.py:3229} INFO - Sync 1 DAGs
[2025-11-15T18:25:29.611+0000] {logging_mixin.py:190} INFO - [2025-11-15T18:25:29.611+0000] {dag.py:4156} INFO - Setting next_dagrun for rodar_script_php to 2025-11-15 00:00:00+00:00, run_after=2025-11-16 00:00:00+00:00
[2025-11-15T18:25:29.622+0000] {processor.py:208} INFO - Processing /opt/airflow/dags/php_dag.py took 0.202 seconds
[2025-11-15T18:25:59.790+0000] {processor.py:186} INFO - Started process (PID=706) to work on /opt/airflow/dags/php_dag.py
[2025-11-15T18:25:59.790+0000] {processor.py:914} INFO - Processing file /opt/airflow/dags/php_dag.py for tasks to queue
[2025-11-15T18:25:59.792+0000] {logging_mixin.py:190} INFO - [2025-11-15T18:25:59.792+0000] {dagbag.py:587} INFO - Filling up the DagBag from /opt/airflow/dags/php_dag.py
[2025-11-15T18:25:59.803+0000] {processor.py:925} INFO - DAG(s) 'rodar_script_php' retrieved from /opt/airflow/dags/php_dag.py
[2025-11-15T18:25:59.951+0000] {logging_mixin.py:190} INFO - [2025-11-15T18:25:59.951+0000] {dag.py:3229} INFO - Sync 1 DAGs
[2025-11-15T18:25:59.965+0000] {logging_mixin.py:190} INFO - [2025-11-15T18:25:59.965+0000] {dag.py:4156} INFO - Setting next_dagrun for rodar_script_php to 2025-11-15 00:00:00+00:00, run_after=2025-11-16 00:00:00+00:00
[2025-11-15T18:25:59.977+0000] {processor.py:208} INFO - Processing /opt/airflow/dags/php_dag.py took 0.193 seconds
[2025-11-15T18:26:30.174+0000] {processor.py:186} INFO - Started process (PID=714) to work on /opt/airflow/dags/php_dag.py
[2025-11-15T18:26:30.174+0000] {processor.py:914} INFO - Processing file /opt/airflow/dags/php_dag.py for tasks to queue
[2025-11-15T18:26:30.176+0000] {logging_mixin.py:190} INFO - [2025-11-15T18:26:30.176+0000] {dagbag.py:587} INFO - Filling up the DagBag from /opt/airflow/dags/php_dag.py
[2025-11-15T18:26:30.186+0000] {processor.py:925} INFO - DAG(s) 'rodar_script_php' retrieved from /opt/airflow/dags/php_dag.py
[2025-11-15T18:26:30.205+0000] {logging_mixin.py:190} INFO - [2025-11-15T18:26:30.205+0000] {dag.py:3229} INFO - Sync 1 DAGs
[2025-11-15T18:26:30.222+0000] {logging_mixin.py:190} INFO - [2025-11-15T18:26:30.222+0000] {dag.py:4156} INFO - Setting next_dagrun for rodar_script_php to 2025-11-15 00:00:00+00:00, run_after=2025-11-16 00:00:00+00:00
[2025-11-15T18:26:30.234+0000] {processor.py:208} INFO - Processing /opt/airflow/dags/php_dag.py took 0.066 seconds
[2025-11-15T18:27:00.336+0000] {processor.py:186} INFO - Started process (PID=719) to work on /opt/airflow/dags/php_dag.py
[2025-11-15T18:27:00.337+0000] {processor.py:914} INFO - Processing file /opt/airflow/dags/php_dag.py for tasks to queue
[2025-11-15T18:27:00.339+0000] {logging_mixin.py:190} INFO - [2025-11-15T18:27:00.339+0000] {dagbag.py:587} INFO - Filling up the DagBag from /opt/airflow/dags/php_dag.py
[2025-11-15T18:27:00.349+0000] {processor.py:925} INFO - DAG(s) 'rodar_script_php' retrieved from /opt/airflow/dags/php_dag.py
[2025-11-15T18:27:00.370+0000] {logging_mixin.py:190} INFO - [2025-11-15T18:27:00.370+0000] {dag.py:3229} INFO - Sync 1 DAGs
[2025-11-15T18:27:00.387+0000] {logging_mixin.py:190} INFO - [2025-11-15T18:27:00.387+0000] {dag.py:4156} INFO - Setting next_dagrun for rodar_script_php to 2025-11-15 00:00:00+00:00, run_after=2025-11-16 00:00:00+00:00
[2025-11-15T18:27:00.399+0000] {processor.py:208} INFO - Processing /opt/airflow/dags/php_dag.py took 0.067 seconds
[2025-11-15T18:27:30.573+0000] {processor.py:186} INFO - Started process (PID=724) to work on /opt/airflow/dags/php_dag.py
[2025-11-15T18:27:30.573+0000] {processor.py:914} INFO - Processing file /opt/airflow/dags/php_dag.py for tasks to queue
[2025-11-15T18:27:30.575+0000] {logging_mixin.py:190} INFO - [2025-11-15T18:27:30.575+0000] {dagbag.py:587} INFO - Filling up the DagBag from /opt/airflow/dags/php_dag.py
[2025-11-15T18:27:30.584+0000] {processor.py:925} INFO - DAG(s) 'rodar_script_php' retrieved from /opt/airflow/dags/php_dag.py
[2025-11-15T18:27:30.601+0000] {logging_mixin.py:190} INFO - [2025-11-15T18:27:30.601+0000] {dag.py:3229} INFO - Sync 1 DAGs
[2025-11-15T18:27:30.617+0000] {logging_mixin.py:190} INFO - [2025-11-15T18:27:30.617+0000] {dag.py:4156} INFO - Setting next_dagrun for rodar_script_php to 2025-11-15 00:00:00+00:00, run_after=2025-11-16 00:00:00+00:00
[2025-11-15T18:27:30.758+0000] {processor.py:208} INFO - Processing /opt/airflow/dags/php_dag.py took 0.190 seconds
[2025-11-15T18:28:00.940+0000] {processor.py:186} INFO - Started process (PID=729) to work on /opt/airflow/dags/php_dag.py
[2025-11-15T18:28:00.948+0000] {processor.py:914} INFO - Processing file /opt/airflow/dags/php_dag.py for tasks to queue
[2025-11-15T18:28:00.950+0000] {logging_mixin.py:190} INFO - [2025-11-15T18:28:00.949+0000] {dagbag.py:587} INFO - Filling up the DagBag from /opt/airflow/dags/php_dag.py
[2025-11-15T18:28:00.960+0000] {processor.py:925} INFO - DAG(s) 'rodar_script_php' retrieved from /opt/airflow/dags/php_dag.py
[2025-11-15T18:28:00.983+0000] {logging_mixin.py:190} INFO - [2025-11-15T18:28:00.983+0000] {dag.py:3229} INFO - Sync 1 DAGs
[2025-11-15T18:28:01.135+0000] {logging_mixin.py:190} INFO - [2025-11-15T18:28:01.135+0000] {dag.py:4156} INFO - Setting next_dagrun for rodar_script_php to 2025-11-15 00:00:00+00:00, run_after=2025-11-16 00:00:00+00:00
[2025-11-15T18:28:01.146+0000] {processor.py:208} INFO - Processing /opt/airflow/dags/php_dag.py took 0.211 seconds
[2025-11-15T18:28:31.303+0000] {processor.py:186} INFO - Started process (PID=734) to work on /opt/airflow/dags/php_dag.py
[2025-11-15T18:28:31.304+0000] {processor.py:914} INFO - Processing file /opt/airflow/dags/php_dag.py for tasks to queue
[2025-11-15T18:28:31.306+0000] {logging_mixin.py:190} INFO - [2025-11-15T18:28:31.305+0000] {dagbag.py:587} INFO - Filling up the DagBag from /opt/airflow/dags/php_dag.py
[2025-11-15T18:28:31.317+0000] {processor.py:925} INFO - DAG(s) 'rodar_script_php' retrieved from /opt/airflow/dags/php_dag.py
[2025-11-15T18:28:31.340+0000] {logging_mixin.py:190} INFO - [2025-11-15T18:28:31.340+0000] {dag.py:3229} INFO - Sync 1 DAGs
[2025-11-15T18:28:31.497+0000] {logging_mixin.py:190} INFO - [2025-11-15T18:28:31.497+0000] {dag.py:4156} INFO - Setting next_dagrun for rodar_script_php to 2025-11-15 00:00:00+00:00, run_after=2025-11-16 00:00:00+00:00
[2025-11-15T18:28:31.509+0000] {processor.py:208} INFO - Processing /opt/airflow/dags/php_dag.py took 0.212 seconds
[2025-11-15T18:29:01.681+0000] {processor.py:186} INFO - Started process (PID=739) to work on /opt/airflow/dags/php_dag.py
[2025-11-15T18:29:01.682+0000] {processor.py:914} INFO - Processing file /opt/airflow/dags/php_dag.py for tasks to queue
[2025-11-15T18:29:01.684+0000] {logging_mixin.py:190} INFO - [2025-11-15T18:29:01.684+0000] {dagbag.py:587} INFO - Filling up the DagBag from /opt/airflow/dags/php_dag.py
[2025-11-15T18:29:01.694+0000] {processor.py:925} INFO - DAG(s) 'rodar_script_php' retrieved from /opt/airflow/dags/php_dag.py
[2025-11-15T18:29:01.847+0000] {logging_mixin.py:190} INFO - [2025-11-15T18:29:01.847+0000] {dag.py:3229} INFO - Sync 1 DAGs
[2025-11-15T18:29:01.861+0000] {logging_mixin.py:190} INFO - [2025-11-15T18:29:01.861+0000] {dag.py:4156} INFO - Setting next_dagrun for rodar_script_php to 2025-11-15 00:00:00+00:00, run_after=2025-11-16 00:00:00+00:00
[2025-11-15T18:29:01.871+0000] {processor.py:208} INFO - Processing /opt/airflow/dags/php_dag.py took 0.194 seconds
[2025-11-15T18:29:32.062+0000] {processor.py:186} INFO - Started process (PID=744) to work on /opt/airflow/dags/php_dag.py
[2025-11-15T18:29:32.063+0000] {processor.py:914} INFO - Processing file /opt/airflow/dags/php_dag.py for tasks to queue
[2025-11-15T18:29:32.066+0000] {logging_mixin.py:190} INFO - [2025-11-15T18:29:32.065+0000] {dagbag.py:587} INFO - Filling up the DagBag from /opt/airflow/dags/php_dag.py
[2025-11-15T18:29:32.076+0000] {processor.py:925} INFO - DAG(s) 'rodar_script_php' retrieved from /opt/airflow/dags/php_dag.py
[2025-11-15T18:29:32.097+0000] {logging_mixin.py:190} INFO - [2025-11-15T18:29:32.096+0000] {dag.py:3229} INFO - Sync 1 DAGs
[2025-11-15T18:29:32.115+0000] {logging_mixin.py:190} INFO - [2025-11-15T18:29:32.114+0000] {dag.py:4156} INFO - Setting next_dagrun for rodar_script_php to 2025-11-15 00:00:00+00:00, run_after=2025-11-16 00:00:00+00:00
[2025-11-15T18:29:32.127+0000] {processor.py:208} INFO - Processing /opt/airflow/dags/php_dag.py took 0.071 seconds
[2025-11-15T18:30:02.245+0000] {processor.py:186} INFO - Started process (PID=749) to work on /opt/airflow/dags/php_dag.py
[2025-11-15T18:30:02.245+0000] {processor.py:914} INFO - Processing file /opt/airflow/dags/php_dag.py for tasks to queue
[2025-11-15T18:30:02.248+0000] {logging_mixin.py:190} INFO - [2025-11-15T18:30:02.248+0000] {dagbag.py:587} INFO - Filling up the DagBag from /opt/airflow/dags/php_dag.py
[2025-11-15T18:30:02.258+0000] {processor.py:925} INFO - DAG(s) 'rodar_script_php' retrieved from /opt/airflow/dags/php_dag.py
[2025-11-15T18:30:02.280+0000] {logging_mixin.py:190} INFO - [2025-11-15T18:30:02.280+0000] {dag.py:3229} INFO - Sync 1 DAGs
[2025-11-15T18:30:02.299+0000] {logging_mixin.py:190} INFO - [2025-11-15T18:30:02.299+0000] {dag.py:4156} INFO - Setting next_dagrun for rodar_script_php to 2025-11-15 00:00:00+00:00, run_after=2025-11-16 00:00:00+00:00
[2025-11-15T18:30:02.313+0000] {processor.py:208} INFO - Processing /opt/airflow/dags/php_dag.py took 0.073 seconds
[2025-11-15T18:30:32.460+0000] {processor.py:186} INFO - Started process (PID=754) to work on /opt/airflow/dags/php_dag.py
[2025-11-15T18:30:32.460+0000] {processor.py:914} INFO - Processing file /opt/airflow/dags/php_dag.py for tasks to queue
[2025-11-15T18:30:32.462+0000] {logging_mixin.py:190} INFO - [2025-11-15T18:30:32.462+0000] {dagbag.py:587} INFO - Filling up the DagBag from /opt/airflow/dags/php_dag.py
[2025-11-15T18:30:32.471+0000] {processor.py:925} INFO - DAG(s) 'rodar_script_php' retrieved from /opt/airflow/dags/php_dag.py
[2025-11-15T18:30:32.490+0000] {logging_mixin.py:190} INFO - [2025-11-15T18:30:32.490+0000] {dag.py:3229} INFO - Sync 1 DAGs
[2025-11-15T18:30:32.508+0000] {logging_mixin.py:190} INFO - [2025-11-15T18:30:32.508+0000] {dag.py:4156} INFO - Setting next_dagrun for rodar_script_php to 2025-11-15 00:00:00+00:00, run_after=2025-11-16 00:00:00+00:00
[2025-11-15T18:30:32.656+0000] {processor.py:208} INFO - Processing /opt/airflow/dags/php_dag.py took 0.201 seconds
[2025-11-15T18:31:02.829+0000] {processor.py:186} INFO - Started process (PID=759) to work on /opt/airflow/dags/php_dag.py
[2025-11-15T18:31:02.831+0000] {processor.py:914} INFO - Processing file /opt/airflow/dags/php_dag.py for tasks to queue
[2025-11-15T18:31:02.832+0000] {logging_mixin.py:190} INFO - [2025-11-15T18:31:02.832+0000] {dagbag.py:587} INFO - Filling up the DagBag from /opt/airflow/dags/php_dag.py
[2025-11-15T18:31:02.842+0000] {processor.py:925} INFO - DAG(s) 'rodar_script_php' retrieved from /opt/airflow/dags/php_dag.py
[2025-11-15T18:31:02.861+0000] {logging_mixin.py:190} INFO - [2025-11-15T18:31:02.861+0000] {dag.py:3229} INFO - Sync 1 DAGs
[2025-11-15T18:31:03.012+0000] {logging_mixin.py:190} INFO - [2025-11-15T18:31:03.012+0000] {dag.py:4156} INFO - Setting next_dagrun for rodar_script_php to 2025-11-15 00:00:00+00:00, run_after=2025-11-16 00:00:00+00:00
[2025-11-15T18:31:03.023+0000] {processor.py:208} INFO - Processing /opt/airflow/dags/php_dag.py took 0.198 seconds
[2025-11-15T18:31:33.187+0000] {processor.py:186} INFO - Started process (PID=764) to work on /opt/airflow/dags/php_dag.py
[2025-11-15T18:31:33.188+0000] {processor.py:914} INFO - Processing file /opt/airflow/dags/php_dag.py for tasks to queue
[2025-11-15T18:31:33.190+0000] {logging_mixin.py:190} INFO - [2025-11-15T18:31:33.190+0000] {dagbag.py:587} INFO - Filling up the DagBag from /opt/airflow/dags/php_dag.py
[2025-11-15T18:31:33.200+0000] {processor.py:925} INFO - DAG(s) 'rodar_script_php' retrieved from /opt/airflow/dags/php_dag.py
[2025-11-15T18:31:33.223+0000] {logging_mixin.py:190} INFO - [2025-11-15T18:31:33.223+0000] {dag.py:3229} INFO - Sync 1 DAGs
[2025-11-15T18:31:33.377+0000] {logging_mixin.py:190} INFO - [2025-11-15T18:31:33.377+0000] {dag.py:4156} INFO - Setting next_dagrun for rodar_script_php to 2025-11-15 00:00:00+00:00, run_after=2025-11-16 00:00:00+00:00
[2025-11-15T18:31:33.388+0000] {processor.py:208} INFO - Processing /opt/airflow/dags/php_dag.py took 0.205 seconds
[2025-11-15T18:32:03.570+0000] {processor.py:186} INFO - Started process (PID=769) to work on /opt/airflow/dags/php_dag.py
[2025-11-15T18:32:03.571+0000] {processor.py:914} INFO - Processing file /opt/airflow/dags/php_dag.py for tasks to queue
[2025-11-15T18:32:03.572+0000] {logging_mixin.py:190} INFO - [2025-11-15T18:32:03.572+0000] {dagbag.py:587} INFO - Filling up the DagBag from /opt/airflow/dags/php_dag.py
[2025-11-15T18:32:03.581+0000] {processor.py:925} INFO - DAG(s) 'rodar_script_php' retrieved from /opt/airflow/dags/php_dag.py
[2025-11-15T18:32:03.730+0000] {logging_mixin.py:190} INFO - [2025-11-15T18:32:03.730+0000] {dag.py:3229} INFO - Sync 1 DAGs
[2025-11-15T18:32:03.744+0000] {logging_mixin.py:190} INFO - [2025-11-15T18:32:03.744+0000] {dag.py:4156} INFO - Setting next_dagrun for rodar_script_php to 2025-11-15 00:00:00+00:00, run_after=2025-11-16 00:00:00+00:00
[2025-11-15T18:32:03.755+0000] {processor.py:208} INFO - Processing /opt/airflow/dags/php_dag.py took 0.190 seconds
[2025-11-15T18:32:34.070+0000] {processor.py:186} INFO - Started process (PID=774) to work on /opt/airflow/dags/php_dag.py
[2025-11-15T18:32:34.071+0000] {processor.py:914} INFO - Processing file /opt/airflow/dags/php_dag.py for tasks to queue
[2025-11-15T18:32:34.073+0000] {logging_mixin.py:190} INFO - [2025-11-15T18:32:34.072+0000] {dagbag.py:587} INFO - Filling up the DagBag from /opt/airflow/dags/php_dag.py
[2025-11-15T18:32:34.083+0000] {processor.py:925} INFO - DAG(s) 'rodar_script_php' retrieved from /opt/airflow/dags/php_dag.py
[2025-11-15T18:32:34.103+0000] {logging_mixin.py:190} INFO - [2025-11-15T18:32:34.103+0000] {dag.py:3229} INFO - Sync 1 DAGs
[2025-11-15T18:32:34.121+0000] {logging_mixin.py:190} INFO - [2025-11-15T18:32:34.121+0000] {dag.py:4156} INFO - Setting next_dagrun for rodar_script_php to 2025-11-15 00:00:00+00:00, run_after=2025-11-16 00:00:00+00:00
[2025-11-15T18:32:34.132+0000] {processor.py:208} INFO - Processing /opt/airflow/dags/php_dag.py took 0.067 seconds
[2025-11-15T18:33:04.252+0000] {processor.py:186} INFO - Started process (PID=779) to work on /opt/airflow/dags/php_dag.py
[2025-11-15T18:33:04.254+0000] {processor.py:914} INFO - Processing file /opt/airflow/dags/php_dag.py for tasks to queue
[2025-11-15T18:33:04.258+0000] {logging_mixin.py:190} INFO - [2025-11-15T18:33:04.257+0000] {dagbag.py:587} INFO - Filling up the DagBag from /opt/airflow/dags/php_dag.py
[2025-11-15T18:33:04.271+0000] {processor.py:925} INFO - DAG(s) 'rodar_script_php' retrieved from /opt/airflow/dags/php_dag.py
[2025-11-15T18:33:04.292+0000] {logging_mixin.py:190} INFO - [2025-11-15T18:33:04.292+0000] {dag.py:3229} INFO - Sync 1 DAGs
[2025-11-15T18:33:04.313+0000] {logging_mixin.py:190} INFO - [2025-11-15T18:33:04.313+0000] {dag.py:4156} INFO - Setting next_dagrun for rodar_script_php to 2025-11-15 00:00:00+00:00, run_after=2025-11-16 00:00:00+00:00
[2025-11-15T18:33:04.328+0000] {processor.py:208} INFO - Processing /opt/airflow/dags/php_dag.py took 0.082 seconds
[2025-11-15T18:33:34.464+0000] {processor.py:186} INFO - Started process (PID=784) to work on /opt/airflow/dags/php_dag.py
[2025-11-15T18:33:34.464+0000] {processor.py:914} INFO - Processing file /opt/airflow/dags/php_dag.py for tasks to queue
[2025-11-15T18:33:34.467+0000] {logging_mixin.py:190} INFO - [2025-11-15T18:33:34.466+0000] {dagbag.py:587} INFO - Filling up the DagBag from /opt/airflow/dags/php_dag.py
[2025-11-15T18:33:34.476+0000] {processor.py:925} INFO - DAG(s) 'rodar_script_php' retrieved from /opt/airflow/dags/php_dag.py
[2025-11-15T18:33:34.494+0000] {logging_mixin.py:190} INFO - [2025-11-15T18:33:34.494+0000] {dag.py:3229} INFO - Sync 1 DAGs
[2025-11-15T18:33:34.511+0000] {logging_mixin.py:190} INFO - [2025-11-15T18:33:34.511+0000] {dag.py:4156} INFO - Setting next_dagrun for rodar_script_php to 2025-11-15 00:00:00+00:00, run_after=2025-11-16 00:00:00+00:00
[2025-11-15T18:33:34.522+0000] {processor.py:208} INFO - Processing /opt/airflow/dags/php_dag.py took 0.063 seconds
[2025-11-15T18:34:10.937+0000] {processor.py:186} INFO - Started process (PID=176) to work on /opt/airflow/dags/php_dag.py
[2025-11-15T18:34:10.938+0000] {processor.py:914} INFO - Processing file /opt/airflow/dags/php_dag.py for tasks to queue
[2025-11-15T18:34:10.940+0000] {logging_mixin.py:190} INFO - [2025-11-15T18:34:10.940+0000] {dagbag.py:587} INFO - Filling up the DagBag from /opt/airflow/dags/php_dag.py
[2025-11-15T18:34:10.959+0000] {processor.py:925} INFO - DAG(s) 'rodar_script_php' retrieved from /opt/airflow/dags/php_dag.py
[2025-11-15T18:34:10.994+0000] {logging_mixin.py:190} INFO - [2025-11-15T18:34:10.994+0000] {dag.py:3229} INFO - Sync 1 DAGs
[2025-11-15T18:34:11.018+0000] {logging_mixin.py:190} INFO - [2025-11-15T18:34:11.018+0000] {dag.py:4156} INFO - Setting next_dagrun for rodar_script_php to 2025-11-15 00:00:00+00:00, run_after=2025-11-16 00:00:00+00:00
[2025-11-15T18:34:11.035+0000] {processor.py:208} INFO - Processing /opt/airflow/dags/php_dag.py took 0.104 seconds
[2025-11-15T18:34:41.128+0000] {processor.py:186} INFO - Started process (PID=181) to work on /opt/airflow/dags/php_dag.py
[2025-11-15T18:34:41.128+0000] {processor.py:914} INFO - Processing file /opt/airflow/dags/php_dag.py for tasks to queue
[2025-11-15T18:34:41.130+0000] {logging_mixin.py:190} INFO - [2025-11-15T18:34:41.130+0000] {dagbag.py:587} INFO - Filling up the DagBag from /opt/airflow/dags/php_dag.py
[2025-11-15T18:34:41.138+0000] {processor.py:925} INFO - DAG(s) 'rodar_script_php' retrieved from /opt/airflow/dags/php_dag.py
[2025-11-15T18:34:41.157+0000] {logging_mixin.py:190} INFO - [2025-11-15T18:34:41.157+0000] {dag.py:3229} INFO - Sync 1 DAGs
[2025-11-15T18:34:41.173+0000] {logging_mixin.py:190} INFO - [2025-11-15T18:34:41.173+0000] {dag.py:4156} INFO - Setting next_dagrun for rodar_script_php to 2025-11-15 00:00:00+00:00, run_after=2025-11-16 00:00:00+00:00
[2025-11-15T18:34:41.184+0000] {processor.py:208} INFO - Processing /opt/airflow/dags/php_dag.py took 0.060 seconds
[2025-11-15T18:35:11.333+0000] {processor.py:186} INFO - Started process (PID=186) to work on /opt/airflow/dags/php_dag.py
[2025-11-15T18:35:11.334+0000] {processor.py:914} INFO - Processing file /opt/airflow/dags/php_dag.py for tasks to queue
[2025-11-15T18:35:11.338+0000] {logging_mixin.py:190} INFO - [2025-11-15T18:35:11.337+0000] {dagbag.py:587} INFO - Filling up the DagBag from /opt/airflow/dags/php_dag.py
[2025-11-15T18:35:11.347+0000] {processor.py:925} INFO - DAG(s) 'rodar_script_php' retrieved from /opt/airflow/dags/php_dag.py
[2025-11-15T18:35:11.369+0000] {logging_mixin.py:190} INFO - [2025-11-15T18:35:11.369+0000] {dag.py:3229} INFO - Sync 1 DAGs
[2025-11-15T18:35:11.388+0000] {logging_mixin.py:190} INFO - [2025-11-15T18:35:11.388+0000] {dag.py:4156} INFO - Setting next_dagrun for rodar_script_php to 2025-11-15 00:00:00+00:00, run_after=2025-11-16 00:00:00+00:00
[2025-11-15T18:35:11.401+0000] {processor.py:208} INFO - Processing /opt/airflow/dags/php_dag.py took 0.073 seconds
[2025-11-15T18:35:41.519+0000] {processor.py:186} INFO - Started process (PID=194) to work on /opt/airflow/dags/php_dag.py
[2025-11-15T18:35:41.520+0000] {processor.py:914} INFO - Processing file /opt/airflow/dags/php_dag.py for tasks to queue
[2025-11-15T18:35:41.522+0000] {logging_mixin.py:190} INFO - [2025-11-15T18:35:41.522+0000] {dagbag.py:587} INFO - Filling up the DagBag from /opt/airflow/dags/php_dag.py
[2025-11-15T18:35:41.533+0000] {processor.py:925} INFO - DAG(s) 'rodar_script_php' retrieved from /opt/airflow/dags/php_dag.py
[2025-11-15T18:35:41.552+0000] {logging_mixin.py:190} INFO - [2025-11-15T18:35:41.552+0000] {dag.py:3229} INFO - Sync 1 DAGs
[2025-11-15T18:35:41.570+0000] {logging_mixin.py:190} INFO - [2025-11-15T18:35:41.570+0000] {dag.py:4156} INFO - Setting next_dagrun for rodar_script_php to 2025-11-15 00:00:00+00:00, run_after=2025-11-16 00:00:00+00:00
[2025-11-15T18:35:41.582+0000] {processor.py:208} INFO - Processing /opt/airflow/dags/php_dag.py took 0.067 seconds
[2025-11-15T18:36:11.728+0000] {processor.py:186} INFO - Started process (PID=199) to work on /opt/airflow/dags/php_dag.py
[2025-11-15T18:36:11.728+0000] {processor.py:914} INFO - Processing file /opt/airflow/dags/php_dag.py for tasks to queue
[2025-11-15T18:36:11.730+0000] {logging_mixin.py:190} INFO - [2025-11-15T18:36:11.730+0000] {dagbag.py:587} INFO - Filling up the DagBag from /opt/airflow/dags/php_dag.py
[2025-11-15T18:36:11.740+0000] {processor.py:925} INFO - DAG(s) 'rodar_script_php' retrieved from /opt/airflow/dags/php_dag.py
[2025-11-15T18:36:11.762+0000] {logging_mixin.py:190} INFO - [2025-11-15T18:36:11.762+0000] {dag.py:3229} INFO - Sync 1 DAGs
[2025-11-15T18:36:11.781+0000] {logging_mixin.py:190} INFO - [2025-11-15T18:36:11.780+0000] {dag.py:4156} INFO - Setting next_dagrun for rodar_script_php to 2025-11-15 00:00:00+00:00, run_after=2025-11-16 00:00:00+00:00
[2025-11-15T18:36:11.794+0000] {processor.py:208} INFO - Processing /opt/airflow/dags/php_dag.py took 0.071 seconds
[2025-11-15T18:36:41.958+0000] {processor.py:186} INFO - Started process (PID=204) to work on /opt/airflow/dags/php_dag.py
[2025-11-15T18:36:41.959+0000] {processor.py:914} INFO - Processing file /opt/airflow/dags/php_dag.py for tasks to queue
[2025-11-15T18:36:41.961+0000] {logging_mixin.py:190} INFO - [2025-11-15T18:36:41.960+0000] {dagbag.py:587} INFO - Filling up the DagBag from /opt/airflow/dags/php_dag.py
[2025-11-15T18:36:41.971+0000] {processor.py:925} INFO - DAG(s) 'rodar_script_php' retrieved from /opt/airflow/dags/php_dag.py
[2025-11-15T18:36:41.991+0000] {logging_mixin.py:190} INFO - [2025-11-15T18:36:41.991+0000] {dag.py:3229} INFO - Sync 1 DAGs
[2025-11-15T18:36:42.012+0000] {logging_mixin.py:190} INFO - [2025-11-15T18:36:42.012+0000] {dag.py:4156} INFO - Setting next_dagrun for rodar_script_php to 2025-11-15 00:00:00+00:00, run_after=2025-11-16 00:00:00+00:00
[2025-11-15T18:36:42.026+0000] {processor.py:208} INFO - Processing /opt/airflow/dags/php_dag.py took 0.074 seconds
[2025-11-15T18:37:12.170+0000] {processor.py:186} INFO - Started process (PID=212) to work on /opt/airflow/dags/php_dag.py
[2025-11-15T18:37:12.171+0000] {processor.py:914} INFO - Processing file /opt/airflow/dags/php_dag.py for tasks to queue
[2025-11-15T18:37:12.173+0000] {logging_mixin.py:190} INFO - [2025-11-15T18:37:12.172+0000] {dagbag.py:587} INFO - Filling up the DagBag from /opt/airflow/dags/php_dag.py
[2025-11-15T18:37:12.182+0000] {processor.py:925} INFO - DAG(s) 'rodar_script_php' retrieved from /opt/airflow/dags/php_dag.py
[2025-11-15T18:37:12.200+0000] {logging_mixin.py:190} INFO - [2025-11-15T18:37:12.200+0000] {dag.py:3229} INFO - Sync 1 DAGs
[2025-11-15T18:37:12.218+0000] {logging_mixin.py:190} INFO - [2025-11-15T18:37:12.218+0000] {dag.py:4156} INFO - Setting next_dagrun for rodar_script_php to 2025-11-15 00:00:00+00:00, run_after=2025-11-16 00:00:00+00:00
[2025-11-15T18:37:12.229+0000] {processor.py:208} INFO - Processing /opt/airflow/dags/php_dag.py took 0.064 seconds
[2025-11-15T18:37:42.367+0000] {processor.py:186} INFO - Started process (PID=217) to work on /opt/airflow/dags/php_dag.py
[2025-11-15T18:37:42.368+0000] {processor.py:914} INFO - Processing file /opt/airflow/dags/php_dag.py for tasks to queue
[2025-11-15T18:37:42.370+0000] {logging_mixin.py:190} INFO - [2025-11-15T18:37:42.369+0000] {dagbag.py:587} INFO - Filling up the DagBag from /opt/airflow/dags/php_dag.py
[2025-11-15T18:37:42.379+0000] {processor.py:925} INFO - DAG(s) 'rodar_script_php' retrieved from /opt/airflow/dags/php_dag.py
[2025-11-15T18:37:42.398+0000] {logging_mixin.py:190} INFO - [2025-11-15T18:37:42.398+0000] {dag.py:3229} INFO - Sync 1 DAGs
[2025-11-15T18:37:42.415+0000] {logging_mixin.py:190} INFO - [2025-11-15T18:37:42.415+0000] {dag.py:4156} INFO - Setting next_dagrun for rodar_script_php to 2025-11-15 00:00:00+00:00, run_after=2025-11-16 00:00:00+00:00
[2025-11-15T18:37:42.427+0000] {processor.py:208} INFO - Processing /opt/airflow/dags/php_dag.py took 0.064 seconds
[2025-11-15T18:38:12.537+0000] {processor.py:186} INFO - Started process (PID=222) to work on /opt/airflow/dags/php_dag.py
[2025-11-15T18:38:12.538+0000] {processor.py:914} INFO - Processing file /opt/airflow/dags/php_dag.py for tasks to queue
[2025-11-15T18:38:12.540+0000] {logging_mixin.py:190} INFO - [2025-11-15T18:38:12.540+0000] {dagbag.py:587} INFO - Filling up the DagBag from /opt/airflow/dags/php_dag.py
[2025-11-15T18:38:12.552+0000] {processor.py:925} INFO - DAG(s) 'rodar_script_php' retrieved from /opt/airflow/dags/php_dag.py
[2025-11-15T18:38:12.574+0000] {logging_mixin.py:190} INFO - [2025-11-15T18:38:12.574+0000] {dag.py:3229} INFO - Sync 1 DAGs
[2025-11-15T18:38:12.594+0000] {logging_mixin.py:190} INFO - [2025-11-15T18:38:12.593+0000] {dag.py:4156} INFO - Setting next_dagrun for rodar_script_php to 2025-11-15 00:00:00+00:00, run_after=2025-11-16 00:00:00+00:00
[2025-11-15T18:38:12.607+0000] {processor.py:208} INFO - Processing /opt/airflow/dags/php_dag.py took 0.076 seconds
[2025-11-15T18:38:42.759+0000] {processor.py:186} INFO - Started process (PID=227) to work on /opt/airflow/dags/php_dag.py
[2025-11-15T18:38:42.759+0000] {processor.py:914} INFO - Processing file /opt/airflow/dags/php_dag.py for tasks to queue
[2025-11-15T18:38:42.761+0000] {logging_mixin.py:190} INFO - [2025-11-15T18:38:42.761+0000] {dagbag.py:587} INFO - Filling up the DagBag from /opt/airflow/dags/php_dag.py
[2025-11-15T18:38:42.771+0000] {processor.py:925} INFO - DAG(s) 'rodar_script_php' retrieved from /opt/airflow/dags/php_dag.py
[2025-11-15T18:38:42.790+0000] {logging_mixin.py:190} INFO - [2025-11-15T18:38:42.790+0000] {dag.py:3229} INFO - Sync 1 DAGs
[2025-11-15T18:38:42.807+0000] {logging_mixin.py:190} INFO - [2025-11-15T18:38:42.807+0000] {dag.py:4156} INFO - Setting next_dagrun for rodar_script_php to 2025-11-15 00:00:00+00:00, run_after=2025-11-16 00:00:00+00:00
[2025-11-15T18:38:42.819+0000] {processor.py:208} INFO - Processing /opt/airflow/dags/php_dag.py took 0.065 seconds
[2025-11-15T18:39:12.940+0000] {processor.py:186} INFO - Started process (PID=232) to work on /opt/airflow/dags/php_dag.py
[2025-11-15T18:39:12.941+0000] {processor.py:914} INFO - Processing file /opt/airflow/dags/php_dag.py for tasks to queue
[2025-11-15T18:39:12.944+0000] {logging_mixin.py:190} INFO - [2025-11-15T18:39:12.944+0000] {dagbag.py:587} INFO - Filling up the DagBag from /opt/airflow/dags/php_dag.py
[2025-11-15T18:39:12.954+0000] {processor.py:925} INFO - DAG(s) 'rodar_script_php' retrieved from /opt/airflow/dags/php_dag.py
[2025-11-15T18:39:12.975+0000] {logging_mixin.py:190} INFO - [2025-11-15T18:39:12.975+0000] {dag.py:3229} INFO - Sync 1 DAGs
[2025-11-15T18:39:12.994+0000] {logging_mixin.py:190} INFO - [2025-11-15T18:39:12.994+0000] {dag.py:4156} INFO - Setting next_dagrun for rodar_script_php to 2025-11-15 00:00:00+00:00, run_after=2025-11-16 00:00:00+00:00
[2025-11-15T18:39:13.138+0000] {processor.py:208} INFO - Processing /opt/airflow/dags/php_dag.py took 0.203 seconds
[2025-11-15T18:39:43.293+0000] {processor.py:186} INFO - Started process (PID=237) to work on /opt/airflow/dags/php_dag.py
[2025-11-15T18:39:43.294+0000] {processor.py:914} INFO - Processing file /opt/airflow/dags/php_dag.py for tasks to queue
[2025-11-15T18:39:43.296+0000] {logging_mixin.py:190} INFO - [2025-11-15T18:39:43.295+0000] {dagbag.py:587} INFO - Filling up the DagBag from /opt/airflow/dags/php_dag.py
[2025-11-15T18:39:43.306+0000] {processor.py:925} INFO - DAG(s) 'rodar_script_php' retrieved from /opt/airflow/dags/php_dag.py
[2025-11-15T18:39:43.327+0000] {logging_mixin.py:190} INFO - [2025-11-15T18:39:43.327+0000] {dag.py:3229} INFO - Sync 1 DAGs
[2025-11-15T18:39:43.484+0000] {logging_mixin.py:190} INFO - [2025-11-15T18:39:43.484+0000] {dag.py:4156} INFO - Setting next_dagrun for rodar_script_php to 2025-11-15 00:00:00+00:00, run_after=2025-11-16 00:00:00+00:00
[2025-11-15T18:39:43.496+0000] {processor.py:208} INFO - Processing /opt/airflow/dags/php_dag.py took 0.208 seconds
[2025-11-15T18:40:13.668+0000] {processor.py:186} INFO - Started process (PID=242) to work on /opt/airflow/dags/php_dag.py
[2025-11-15T18:40:13.669+0000] {processor.py:914} INFO - Processing file /opt/airflow/dags/php_dag.py for tasks to queue
[2025-11-15T18:40:13.670+0000] {logging_mixin.py:190} INFO - [2025-11-15T18:40:13.670+0000] {dagbag.py:587} INFO - Filling up the DagBag from /opt/airflow/dags/php_dag.py
[2025-11-15T18:40:13.679+0000] {processor.py:925} INFO - DAG(s) 'rodar_script_php' retrieved from /opt/airflow/dags/php_dag.py
[2025-11-15T18:40:13.699+0000] {logging_mixin.py:190} INFO - [2025-11-15T18:40:13.699+0000] {dag.py:3229} INFO - Sync 1 DAGs
[2025-11-15T18:40:13.717+0000] {logging_mixin.py:190} INFO - [2025-11-15T18:40:13.717+0000] {dag.py:4156} INFO - Setting next_dagrun for rodar_script_php to 2025-11-15 00:00:00+00:00, run_after=2025-11-16 00:00:00+00:00
[2025-11-15T18:40:13.729+0000] {processor.py:208} INFO - Processing /opt/airflow/dags/php_dag.py took 0.066 seconds
[2025-11-15T18:40:43.889+0000] {processor.py:186} INFO - Started process (PID=247) to work on /opt/airflow/dags/php_dag.py
[2025-11-15T18:40:43.890+0000] {processor.py:914} INFO - Processing file /opt/airflow/dags/php_dag.py for tasks to queue
[2025-11-15T18:40:43.892+0000] {logging_mixin.py:190} INFO - [2025-11-15T18:40:43.891+0000] {dagbag.py:587} INFO - Filling up the DagBag from /opt/airflow/dags/php_dag.py
[2025-11-15T18:40:43.902+0000] {processor.py:925} INFO - DAG(s) 'rodar_script_php' retrieved from /opt/airflow/dags/php_dag.py
[2025-11-15T18:40:43.921+0000] {logging_mixin.py:190} INFO - [2025-11-15T18:40:43.921+0000] {dag.py:3229} INFO - Sync 1 DAGs
[2025-11-15T18:40:43.939+0000] {logging_mixin.py:190} INFO - [2025-11-15T18:40:43.939+0000] {dag.py:4156} INFO - Setting next_dagrun for rodar_script_php to 2025-11-15 00:00:00+00:00, run_after=2025-11-16 00:00:00+00:00
[2025-11-15T18:40:43.951+0000] {processor.py:208} INFO - Processing /opt/airflow/dags/php_dag.py took 0.067 seconds
[2025-11-15T18:41:14.082+0000] {processor.py:186} INFO - Started process (PID=252) to work on /opt/airflow/dags/php_dag.py
[2025-11-15T18:41:14.089+0000] {processor.py:914} INFO - Processing file /opt/airflow/dags/php_dag.py for tasks to queue
[2025-11-15T18:41:14.091+0000] {logging_mixin.py:190} INFO - [2025-11-15T18:41:14.091+0000] {dagbag.py:587} INFO - Filling up the DagBag from /opt/airflow/dags/php_dag.py
[2025-11-15T18:41:14.102+0000] {processor.py:925} INFO - DAG(s) 'rodar_script_php' retrieved from /opt/airflow/dags/php_dag.py
[2025-11-15T18:41:14.124+0000] {logging_mixin.py:190} INFO - [2025-11-15T18:41:14.124+0000] {dag.py:3229} INFO - Sync 1 DAGs
[2025-11-15T18:41:14.143+0000] {logging_mixin.py:190} INFO - [2025-11-15T18:41:14.143+0000] {dag.py:4156} INFO - Setting next_dagrun for rodar_script_php to 2025-11-15 00:00:00+00:00, run_after=2025-11-16 00:00:00+00:00
[2025-11-15T18:41:14.156+0000] {processor.py:208} INFO - Processing /opt/airflow/dags/php_dag.py took 0.079 seconds
[2025-11-15T18:41:44.335+0000] {processor.py:186} INFO - Started process (PID=257) to work on /opt/airflow/dags/php_dag.py
[2025-11-15T18:41:44.342+0000] {processor.py:914} INFO - Processing file /opt/airflow/dags/php_dag.py for tasks to queue
[2025-11-15T18:41:44.345+0000] {logging_mixin.py:190} INFO - [2025-11-15T18:41:44.344+0000] {dagbag.py:587} INFO - Filling up the DagBag from /opt/airflow/dags/php_dag.py
[2025-11-15T18:41:44.356+0000] {processor.py:925} INFO - DAG(s) 'rodar_script_php' retrieved from /opt/airflow/dags/php_dag.py
[2025-11-15T18:41:44.379+0000] {logging_mixin.py:190} INFO - [2025-11-15T18:41:44.379+0000] {dag.py:3229} INFO - Sync 1 DAGs
[2025-11-15T18:41:44.400+0000] {logging_mixin.py:190} INFO - [2025-11-15T18:41:44.400+0000] {dag.py:4156} INFO - Setting next_dagrun for rodar_script_php to 2025-11-15 00:00:00+00:00, run_after=2025-11-16 00:00:00+00:00
[2025-11-15T18:41:44.418+0000] {processor.py:208} INFO - Processing /opt/airflow/dags/php_dag.py took 0.090 seconds
[2025-11-15T18:42:14.546+0000] {processor.py:186} INFO - Started process (PID=262) to work on /opt/airflow/dags/php_dag.py
[2025-11-15T18:42:14.553+0000] {processor.py:914} INFO - Processing file /opt/airflow/dags/php_dag.py for tasks to queue
[2025-11-15T18:42:14.555+0000] {logging_mixin.py:190} INFO - [2025-11-15T18:42:14.555+0000] {dagbag.py:587} INFO - Filling up the DagBag from /opt/airflow/dags/php_dag.py
[2025-11-15T18:42:14.564+0000] {processor.py:925} INFO - DAG(s) 'rodar_script_php' retrieved from /opt/airflow/dags/php_dag.py
[2025-11-15T18:42:14.585+0000] {logging_mixin.py:190} INFO - [2025-11-15T18:42:14.584+0000] {dag.py:3229} INFO - Sync 1 DAGs
[2025-11-15T18:42:14.732+0000] {logging_mixin.py:190} INFO - [2025-11-15T18:42:14.732+0000] {dag.py:4156} INFO - Setting next_dagrun for rodar_script_php to 2025-11-15 00:00:00+00:00, run_after=2025-11-16 00:00:00+00:00
[2025-11-15T18:42:14.742+0000] {processor.py:208} INFO - Processing /opt/airflow/dags/php_dag.py took 0.201 seconds
[2025-11-15T18:42:44.836+0000] {processor.py:186} INFO - Started process (PID=267) to work on /opt/airflow/dags/php_dag.py
[2025-11-15T18:42:44.837+0000] {processor.py:914} INFO - Processing file /opt/airflow/dags/php_dag.py for tasks to queue
[2025-11-15T18:42:44.839+0000] {logging_mixin.py:190} INFO - [2025-11-15T18:42:44.838+0000] {dagbag.py:587} INFO - Filling up the DagBag from /opt/airflow/dags/php_dag.py
[2025-11-15T18:42:44.849+0000] {processor.py:925} INFO - DAG(s) 'rodar_script_php' retrieved from /opt/airflow/dags/php_dag.py
[2025-11-15T18:42:44.868+0000] {logging_mixin.py:190} INFO - [2025-11-15T18:42:44.867+0000] {dag.py:3229} INFO - Sync 1 DAGs
[2025-11-15T18:42:45.009+0000] {logging_mixin.py:190} INFO - [2025-11-15T18:42:45.008+0000] {dag.py:4156} INFO - Setting next_dagrun for rodar_script_php to 2025-11-15 00:00:00+00:00, run_after=2025-11-16 00:00:00+00:00
[2025-11-15T18:42:45.019+0000] {processor.py:208} INFO - Processing /opt/airflow/dags/php_dag.py took 0.188 seconds
[2025-11-15T18:43:15.113+0000] {processor.py:186} INFO - Started process (PID=272) to work on /opt/airflow/dags/php_dag.py
[2025-11-15T18:43:15.114+0000] {processor.py:914} INFO - Processing file /opt/airflow/dags/php_dag.py for tasks to queue
[2025-11-15T18:43:15.116+0000] {logging_mixin.py:190} INFO - [2025-11-15T18:43:15.116+0000] {dagbag.py:587} INFO - Filling up the DagBag from /opt/airflow/dags/php_dag.py
[2025-11-15T18:43:15.125+0000] {processor.py:925} INFO - DAG(s) 'rodar_script_php' retrieved from /opt/airflow/dags/php_dag.py
[2025-11-15T18:43:15.144+0000] {logging_mixin.py:190} INFO - [2025-11-15T18:43:15.144+0000] {dag.py:3229} INFO - Sync 1 DAGs
[2025-11-15T18:43:15.163+0000] {logging_mixin.py:190} INFO - [2025-11-15T18:43:15.163+0000] {dag.py:4156} INFO - Setting next_dagrun for rodar_script_php to 2025-11-15 00:00:00+00:00, run_after=2025-11-16 00:00:00+00:00
[2025-11-15T18:43:15.175+0000] {processor.py:208} INFO - Processing /opt/airflow/dags/php_dag.py took 0.066 seconds
[2025-11-15T18:43:45.256+0000] {processor.py:186} INFO - Started process (PID=277) to work on /opt/airflow/dags/php_dag.py
[2025-11-15T18:43:45.256+0000] {processor.py:914} INFO - Processing file /opt/airflow/dags/php_dag.py for tasks to queue
[2025-11-15T18:43:45.258+0000] {logging_mixin.py:190} INFO - [2025-11-15T18:43:45.258+0000] {dagbag.py:587} INFO - Filling up the DagBag from /opt/airflow/dags/php_dag.py
[2025-11-15T18:43:45.268+0000] {processor.py:925} INFO - DAG(s) 'rodar_script_php' retrieved from /opt/airflow/dags/php_dag.py
[2025-11-15T18:43:45.290+0000] {logging_mixin.py:190} INFO - [2025-11-15T18:43:45.289+0000] {dag.py:3229} INFO - Sync 1 DAGs
[2025-11-15T18:43:45.308+0000] {logging_mixin.py:190} INFO - [2025-11-15T18:43:45.307+0000] {dag.py:4156} INFO - Setting next_dagrun for rodar_script_php to 2025-11-15 00:00:00+00:00, run_after=2025-11-16 00:00:00+00:00
[2025-11-15T18:43:45.320+0000] {processor.py:208} INFO - Processing /opt/airflow/dags/php_dag.py took 0.069 seconds
[2025-11-15T18:44:15.472+0000] {processor.py:186} INFO - Started process (PID=282) to work on /opt/airflow/dags/php_dag.py
[2025-11-15T18:44:15.473+0000] {processor.py:914} INFO - Processing file /opt/airflow/dags/php_dag.py for tasks to queue
[2025-11-15T18:44:15.474+0000] {logging_mixin.py:190} INFO - [2025-11-15T18:44:15.474+0000] {dagbag.py:587} INFO - Filling up the DagBag from /opt/airflow/dags/php_dag.py
[2025-11-15T18:44:15.487+0000] {processor.py:925} INFO - DAG(s) 'rodar_script_php' retrieved from /opt/airflow/dags/php_dag.py
[2025-11-15T18:44:15.511+0000] {logging_mixin.py:190} INFO - [2025-11-15T18:44:15.511+0000] {dag.py:3229} INFO - Sync 1 DAGs
[2025-11-15T18:44:15.528+0000] {logging_mixin.py:190} INFO - [2025-11-15T18:44:15.528+0000] {dag.py:4156} INFO - Setting next_dagrun for rodar_script_php to 2025-11-15 00:00:00+00:00, run_after=2025-11-16 00:00:00+00:00
[2025-11-15T18:44:15.541+0000] {processor.py:208} INFO - Processing /opt/airflow/dags/php_dag.py took 0.075 seconds
[2025-11-15T18:44:45.647+0000] {processor.py:186} INFO - Started process (PID=287) to work on /opt/airflow/dags/php_dag.py
[2025-11-15T18:44:45.648+0000] {processor.py:914} INFO - Processing file /opt/airflow/dags/php_dag.py for tasks to queue
[2025-11-15T18:44:45.649+0000] {logging_mixin.py:190} INFO - [2025-11-15T18:44:45.649+0000] {dagbag.py:587} INFO - Filling up the DagBag from /opt/airflow/dags/php_dag.py
[2025-11-15T18:44:45.658+0000] {processor.py:925} INFO - DAG(s) 'rodar_script_php' retrieved from /opt/airflow/dags/php_dag.py
[2025-11-15T18:44:45.677+0000] {logging_mixin.py:190} INFO - [2025-11-15T18:44:45.676+0000] {dag.py:3229} INFO - Sync 1 DAGs
[2025-11-15T18:44:45.694+0000] {logging_mixin.py:190} INFO - [2025-11-15T18:44:45.693+0000] {dag.py:4156} INFO - Setting next_dagrun for rodar_script_php to 2025-11-15 00:00:00+00:00, run_after=2025-11-16 00:00:00+00:00
[2025-11-15T18:44:45.827+0000] {processor.py:208} INFO - Processing /opt/airflow/dags/php_dag.py took 0.185 seconds
[2025-11-15T18:45:15.863+0000] {processor.py:186} INFO - Started process (PID=292) to work on /opt/airflow/dags/php_dag.py
[2025-11-15T18:45:15.863+0000] {processor.py:914} INFO - Processing file /opt/airflow/dags/php_dag.py for tasks to queue
[2025-11-15T18:45:15.865+0000] {logging_mixin.py:190} INFO - [2025-11-15T18:45:15.865+0000] {dagbag.py:587} INFO - Filling up the DagBag from /opt/airflow/dags/php_dag.py
[2025-11-15T18:45:15.873+0000] {processor.py:925} INFO - DAG(s) 'rodar_script_php' retrieved from /opt/airflow/dags/php_dag.py
[2025-11-15T18:45:15.893+0000] {logging_mixin.py:190} INFO - [2025-11-15T18:45:15.892+0000] {dag.py:3229} INFO - Sync 1 DAGs
[2025-11-15T18:45:16.093+0000] {logging_mixin.py:190} INFO - [2025-11-15T18:45:16.093+0000] {dag.py:4156} INFO - Setting next_dagrun for rodar_script_php to 2025-11-15 00:00:00+00:00, run_after=2025-11-16 00:00:00+00:00
[2025-11-15T18:45:16.105+0000] {processor.py:208} INFO - Processing /opt/airflow/dags/php_dag.py took 0.247 seconds
[2025-11-15T18:45:41.173+0000] {processor.py:186} INFO - Started process (PID=176) to work on /opt/airflow/dags/php_dag.py
[2025-11-15T18:45:41.174+0000] {processor.py:914} INFO - Processing file /opt/airflow/dags/php_dag.py for tasks to queue
[2025-11-15T18:45:41.177+0000] {logging_mixin.py:190} INFO - [2025-11-15T18:45:41.177+0000] {dagbag.py:587} INFO - Filling up the DagBag from /opt/airflow/dags/php_dag.py
[2025-11-15T18:45:41.197+0000] {processor.py:925} INFO - DAG(s) 'rodar_script_php' retrieved from /opt/airflow/dags/php_dag.py
[2025-11-15T18:45:41.233+0000] {logging_mixin.py:190} INFO - [2025-11-15T18:45:41.232+0000] {dag.py:3229} INFO - Sync 1 DAGs
[2025-11-15T18:45:41.258+0000] {logging_mixin.py:190} INFO - [2025-11-15T18:45:41.257+0000] {dag.py:4156} INFO - Setting next_dagrun for rodar_script_php to 2025-11-15 00:00:00+00:00, run_after=2025-11-16 00:00:00+00:00
[2025-11-15T18:45:41.274+0000] {processor.py:208} INFO - Processing /opt/airflow/dags/php_dag.py took 0.106 seconds
[2025-11-15T18:46:11.357+0000] {processor.py:186} INFO - Started process (PID=181) to work on /opt/airflow/dags/php_dag.py
[2025-11-15T18:46:11.357+0000] {processor.py:914} INFO - Processing file /opt/airflow/dags/php_dag.py for tasks to queue
[2025-11-15T18:46:11.359+0000] {logging_mixin.py:190} INFO - [2025-11-15T18:46:11.359+0000] {dagbag.py:587} INFO - Filling up the DagBag from /opt/airflow/dags/php_dag.py
[2025-11-15T18:46:11.368+0000] {processor.py:925} INFO - DAG(s) 'rodar_script_php' retrieved from /opt/airflow/dags/php_dag.py
[2025-11-15T18:46:11.388+0000] {logging_mixin.py:190} INFO - [2025-11-15T18:46:11.388+0000] {dag.py:3229} INFO - Sync 1 DAGs
[2025-11-15T18:46:11.404+0000] {logging_mixin.py:190} INFO - [2025-11-15T18:46:11.404+0000] {dag.py:4156} INFO - Setting next_dagrun for rodar_script_php to 2025-11-15 00:00:00+00:00, run_after=2025-11-16 00:00:00+00:00
[2025-11-15T18:46:11.414+0000] {processor.py:208} INFO - Processing /opt/airflow/dags/php_dag.py took 0.062 seconds
[2025-11-15T18:46:41.608+0000] {processor.py:186} INFO - Started process (PID=189) to work on /opt/airflow/dags/php_dag.py
[2025-11-15T18:46:41.609+0000] {processor.py:914} INFO - Processing file /opt/airflow/dags/php_dag.py for tasks to queue
[2025-11-15T18:46:41.613+0000] {logging_mixin.py:190} INFO - [2025-11-15T18:46:41.612+0000] {dagbag.py:587} INFO - Filling up the DagBag from /opt/airflow/dags/php_dag.py
[2025-11-15T18:46:41.622+0000] {processor.py:925} INFO - DAG(s) 'rodar_script_php' retrieved from /opt/airflow/dags/php_dag.py
[2025-11-15T18:46:41.640+0000] {logging_mixin.py:190} INFO - [2025-11-15T18:46:41.640+0000] {dag.py:3229} INFO - Sync 1 DAGs
[2025-11-15T18:46:41.657+0000] {logging_mixin.py:190} INFO - [2025-11-15T18:46:41.657+0000] {dag.py:4156} INFO - Setting next_dagrun for rodar_script_php to 2025-11-15 00:00:00+00:00, run_after=2025-11-16 00:00:00+00:00
[2025-11-15T18:46:41.668+0000] {processor.py:208} INFO - Processing /opt/airflow/dags/php_dag.py took 0.065 seconds
[2025-11-15T18:47:11.823+0000] {processor.py:186} INFO - Started process (PID=194) to work on /opt/airflow/dags/php_dag.py
[2025-11-15T18:47:11.824+0000] {processor.py:914} INFO - Processing file /opt/airflow/dags/php_dag.py for tasks to queue
[2025-11-15T18:47:11.825+0000] {logging_mixin.py:190} INFO - [2025-11-15T18:47:11.825+0000] {dagbag.py:587} INFO - Filling up the DagBag from /opt/airflow/dags/php_dag.py
[2025-11-15T18:47:11.835+0000] {processor.py:925} INFO - DAG(s) 'rodar_script_php' retrieved from /opt/airflow/dags/php_dag.py
[2025-11-15T18:47:11.855+0000] {logging_mixin.py:190} INFO - [2025-11-15T18:47:11.855+0000] {dag.py:3229} INFO - Sync 1 DAGs
[2025-11-15T18:47:11.872+0000] {logging_mixin.py:190} INFO - [2025-11-15T18:47:11.872+0000] {dag.py:4156} INFO - Setting next_dagrun for rodar_script_php to 2025-11-15 00:00:00+00:00, run_after=2025-11-16 00:00:00+00:00
[2025-11-15T18:47:11.883+0000] {processor.py:208} INFO - Processing /opt/airflow/dags/php_dag.py took 0.065 seconds
[2025-11-15T18:47:42.078+0000] {processor.py:186} INFO - Started process (PID=202) to work on /opt/airflow/dags/php_dag.py
[2025-11-15T18:47:42.079+0000] {processor.py:914} INFO - Processing file /opt/airflow/dags/php_dag.py for tasks to queue
[2025-11-15T18:47:42.081+0000] {logging_mixin.py:190} INFO - [2025-11-15T18:47:42.081+0000] {dagbag.py:587} INFO - Filling up the DagBag from /opt/airflow/dags/php_dag.py
[2025-11-15T18:47:42.091+0000] {processor.py:925} INFO - DAG(s) 'rodar_script_php' retrieved from /opt/airflow/dags/php_dag.py
[2025-11-15T18:47:42.111+0000] {logging_mixin.py:190} INFO - [2025-11-15T18:47:42.111+0000] {dag.py:3229} INFO - Sync 1 DAGs
[2025-11-15T18:47:42.129+0000] {logging_mixin.py:190} INFO - [2025-11-15T18:47:42.129+0000] {dag.py:4156} INFO - Setting next_dagrun for rodar_script_php to 2025-11-15 00:00:00+00:00, run_after=2025-11-16 00:00:00+00:00
[2025-11-15T18:47:42.144+0000] {processor.py:208} INFO - Processing /opt/airflow/dags/php_dag.py took 0.071 seconds
[2025-11-15T18:48:12.234+0000] {processor.py:186} INFO - Started process (PID=210) to work on /opt/airflow/dags/php_dag.py
[2025-11-15T18:48:12.235+0000] {processor.py:914} INFO - Processing file /opt/airflow/dags/php_dag.py for tasks to queue
[2025-11-15T18:48:12.236+0000] {logging_mixin.py:190} INFO - [2025-11-15T18:48:12.236+0000] {dagbag.py:587} INFO - Filling up the DagBag from /opt/airflow/dags/php_dag.py
[2025-11-15T18:48:12.245+0000] {processor.py:925} INFO - DAG(s) 'rodar_script_php' retrieved from /opt/airflow/dags/php_dag.py
[2025-11-15T18:48:12.266+0000] {logging_mixin.py:190} INFO - [2025-11-15T18:48:12.266+0000] {dag.py:3229} INFO - Sync 1 DAGs
[2025-11-15T18:48:12.284+0000] {logging_mixin.py:190} INFO - [2025-11-15T18:48:12.284+0000] {dag.py:4156} INFO - Setting next_dagrun for rodar_script_php to 2025-11-15 00:00:00+00:00, run_after=2025-11-16 00:00:00+00:00
[2025-11-15T18:48:12.295+0000] {processor.py:208} INFO - Processing /opt/airflow/dags/php_dag.py took 0.066 seconds
[2025-11-15T18:48:42.425+0000] {processor.py:186} INFO - Started process (PID=215) to work on /opt/airflow/dags/php_dag.py
[2025-11-15T18:48:42.426+0000] {processor.py:914} INFO - Processing file /opt/airflow/dags/php_dag.py for tasks to queue
[2025-11-15T18:48:42.427+0000] {logging_mixin.py:190} INFO - [2025-11-15T18:48:42.427+0000] {dagbag.py:587} INFO - Filling up the DagBag from /opt/airflow/dags/php_dag.py
[2025-11-15T18:48:42.436+0000] {processor.py:925} INFO - DAG(s) 'rodar_script_php' retrieved from /opt/airflow/dags/php_dag.py
[2025-11-15T18:48:42.457+0000] {logging_mixin.py:190} INFO - [2025-11-15T18:48:42.456+0000] {dag.py:3229} INFO - Sync 1 DAGs
[2025-11-15T18:48:42.475+0000] {logging_mixin.py:190} INFO - [2025-11-15T18:48:42.475+0000] {dag.py:4156} INFO - Setting next_dagrun for rodar_script_php to 2025-11-15 00:00:00+00:00, run_after=2025-11-16 00:00:00+00:00
[2025-11-15T18:48:42.487+0000] {processor.py:208} INFO - Processing /opt/airflow/dags/php_dag.py took 0.067 seconds
[2025-11-15T18:49:12.602+0000] {processor.py:186} INFO - Started process (PID=223) to work on /opt/airflow/dags/php_dag.py
[2025-11-15T18:49:12.608+0000] {processor.py:914} INFO - Processing file /opt/airflow/dags/php_dag.py for tasks to queue
[2025-11-15T18:49:12.612+0000] {logging_mixin.py:190} INFO - [2025-11-15T18:49:12.611+0000] {dagbag.py:587} INFO - Filling up the DagBag from /opt/airflow/dags/php_dag.py
[2025-11-15T18:49:12.623+0000] {processor.py:925} INFO - DAG(s) 'rodar_script_php' retrieved from /opt/airflow/dags/php_dag.py
[2025-11-15T18:49:12.644+0000] {logging_mixin.py:190} INFO - [2025-11-15T18:49:12.643+0000] {dag.py:3229} INFO - Sync 1 DAGs
[2025-11-15T18:49:12.662+0000] {logging_mixin.py:190} INFO - [2025-11-15T18:49:12.662+0000] {dag.py:4156} INFO - Setting next_dagrun for rodar_script_php to 2025-11-15 00:00:00+00:00, run_after=2025-11-16 00:00:00+00:00
[2025-11-15T18:49:12.674+0000] {processor.py:208} INFO - Processing /opt/airflow/dags/php_dag.py took 0.080 seconds
[2025-11-15T18:49:42.790+0000] {processor.py:186} INFO - Started process (PID=228) to work on /opt/airflow/dags/php_dag.py
[2025-11-15T18:49:42.797+0000] {processor.py:914} INFO - Processing file /opt/airflow/dags/php_dag.py for tasks to queue
[2025-11-15T18:49:42.799+0000] {logging_mixin.py:190} INFO - [2025-11-15T18:49:42.799+0000] {dagbag.py:587} INFO - Filling up the DagBag from /opt/airflow/dags/php_dag.py
[2025-11-15T18:49:42.809+0000] {processor.py:925} INFO - DAG(s) 'rodar_script_php' retrieved from /opt/airflow/dags/php_dag.py
[2025-11-15T18:49:42.831+0000] {logging_mixin.py:190} INFO - [2025-11-15T18:49:42.831+0000] {dag.py:3229} INFO - Sync 1 DAGs
[2025-11-15T18:49:42.850+0000] {logging_mixin.py:190} INFO - [2025-11-15T18:49:42.849+0000] {dag.py:4156} INFO - Setting next_dagrun for rodar_script_php to 2025-11-15 00:00:00+00:00, run_after=2025-11-16 00:00:00+00:00
[2025-11-15T18:49:42.863+0000] {processor.py:208} INFO - Processing /opt/airflow/dags/php_dag.py took 0.079 seconds
[2025-11-15T18:50:12.970+0000] {processor.py:186} INFO - Started process (PID=233) to work on /opt/airflow/dags/php_dag.py
[2025-11-15T18:50:12.977+0000] {processor.py:914} INFO - Processing file /opt/airflow/dags/php_dag.py for tasks to queue
[2025-11-15T18:50:12.979+0000] {logging_mixin.py:190} INFO - [2025-11-15T18:50:12.979+0000] {dagbag.py:587} INFO - Filling up the DagBag from /opt/airflow/dags/php_dag.py
[2025-11-15T18:50:12.988+0000] {processor.py:925} INFO - DAG(s) 'rodar_script_php' retrieved from /opt/airflow/dags/php_dag.py
[2025-11-15T18:50:13.009+0000] {logging_mixin.py:190} INFO - [2025-11-15T18:50:13.008+0000] {dag.py:3229} INFO - Sync 1 DAGs
[2025-11-15T18:50:13.027+0000] {logging_mixin.py:190} INFO - [2025-11-15T18:50:13.026+0000] {dag.py:4156} INFO - Setting next_dagrun for rodar_script_php to 2025-11-15 00:00:00+00:00, run_after=2025-11-16 00:00:00+00:00
[2025-11-15T18:50:13.037+0000] {processor.py:208} INFO - Processing /opt/airflow/dags/php_dag.py took 0.072 seconds
[2025-11-15T18:50:43.159+0000] {processor.py:186} INFO - Started process (PID=238) to work on /opt/airflow/dags/php_dag.py
[2025-11-15T18:50:43.160+0000] {processor.py:914} INFO - Processing file /opt/airflow/dags/php_dag.py for tasks to queue
[2025-11-15T18:50:43.162+0000] {logging_mixin.py:190} INFO - [2025-11-15T18:50:43.162+0000] {dagbag.py:587} INFO - Filling up the DagBag from /opt/airflow/dags/php_dag.py
[2025-11-15T18:50:43.172+0000] {processor.py:925} INFO - DAG(s) 'rodar_script_php' retrieved from /opt/airflow/dags/php_dag.py
[2025-11-15T18:50:43.195+0000] {logging_mixin.py:190} INFO - [2025-11-15T18:50:43.195+0000] {dag.py:3229} INFO - Sync 1 DAGs
[2025-11-15T18:50:43.217+0000] {logging_mixin.py:190} INFO - [2025-11-15T18:50:43.216+0000] {dag.py:4156} INFO - Setting next_dagrun for rodar_script_php to 2025-11-15 00:00:00+00:00, run_after=2025-11-16 00:00:00+00:00
[2025-11-15T18:50:43.372+0000] {processor.py:208} INFO - Processing /opt/airflow/dags/php_dag.py took 0.218 seconds
[2025-11-15T18:51:13.532+0000] {processor.py:186} INFO - Started process (PID=243) to work on /opt/airflow/dags/php_dag.py
[2025-11-15T18:51:13.534+0000] {processor.py:914} INFO - Processing file /opt/airflow/dags/php_dag.py for tasks to queue
[2025-11-15T18:51:13.535+0000] {logging_mixin.py:190} INFO - [2025-11-15T18:51:13.535+0000] {dagbag.py:587} INFO - Filling up the DagBag from /opt/airflow/dags/php_dag.py
[2025-11-15T18:51:13.544+0000] {processor.py:925} INFO - DAG(s) 'rodar_script_php' retrieved from /opt/airflow/dags/php_dag.py
[2025-11-15T18:51:13.565+0000] {logging_mixin.py:190} INFO - [2025-11-15T18:51:13.565+0000] {dag.py:3229} INFO - Sync 1 DAGs
[2025-11-15T18:51:13.714+0000] {logging_mixin.py:190} INFO - [2025-11-15T18:51:13.714+0000] {dag.py:4156} INFO - Setting next_dagrun for rodar_script_php to 2025-11-15 00:00:00+00:00, run_after=2025-11-16 00:00:00+00:00
[2025-11-15T18:51:13.725+0000] {processor.py:208} INFO - Processing /opt/airflow/dags/php_dag.py took 0.199 seconds
[2025-11-15T18:51:43.885+0000] {processor.py:186} INFO - Started process (PID=248) to work on /opt/airflow/dags/php_dag.py
[2025-11-15T18:51:43.886+0000] {processor.py:914} INFO - Processing file /opt/airflow/dags/php_dag.py for tasks to queue
[2025-11-15T18:51:43.888+0000] {logging_mixin.py:190} INFO - [2025-11-15T18:51:43.887+0000] {dagbag.py:587} INFO - Filling up the DagBag from /opt/airflow/dags/php_dag.py
[2025-11-15T18:51:43.897+0000] {processor.py:925} INFO - DAG(s) 'rodar_script_php' retrieved from /opt/airflow/dags/php_dag.py
[2025-11-15T18:51:43.919+0000] {logging_mixin.py:190} INFO - [2025-11-15T18:51:43.919+0000] {dag.py:3229} INFO - Sync 1 DAGs
[2025-11-15T18:51:43.938+0000] {logging_mixin.py:190} INFO - [2025-11-15T18:51:43.938+0000] {dag.py:4156} INFO - Setting next_dagrun for rodar_script_php to 2025-11-15 00:00:00+00:00, run_after=2025-11-16 00:00:00+00:00
[2025-11-15T18:51:43.951+0000] {processor.py:208} INFO - Processing /opt/airflow/dags/php_dag.py took 0.072 seconds
[2025-11-15T18:52:14.051+0000] {processor.py:186} INFO - Started process (PID=253) to work on /opt/airflow/dags/php_dag.py
[2025-11-15T18:52:14.058+0000] {processor.py:914} INFO - Processing file /opt/airflow/dags/php_dag.py for tasks to queue
[2025-11-15T18:52:14.060+0000] {logging_mixin.py:190} INFO - [2025-11-15T18:52:14.059+0000] {dagbag.py:587} INFO - Filling up the DagBag from /opt/airflow/dags/php_dag.py
[2025-11-15T18:52:14.070+0000] {processor.py:925} INFO - DAG(s) 'rodar_script_php' retrieved from /opt/airflow/dags/php_dag.py
[2025-11-15T18:52:14.090+0000] {logging_mixin.py:190} INFO - [2025-11-15T18:52:14.090+0000] {dag.py:3229} INFO - Sync 1 DAGs
[2025-11-15T18:52:14.108+0000] {logging_mixin.py:190} INFO - [2025-11-15T18:52:14.108+0000] {dag.py:4156} INFO - Setting next_dagrun for rodar_script_php to 2025-11-15 00:00:00+00:00, run_after=2025-11-16 00:00:00+00:00
[2025-11-15T18:52:14.119+0000] {processor.py:208} INFO - Processing /opt/airflow/dags/php_dag.py took 0.075 seconds
[2025-11-15T18:52:44.286+0000] {processor.py:186} INFO - Started process (PID=258) to work on /opt/airflow/dags/php_dag.py
[2025-11-15T18:52:44.292+0000] {processor.py:914} INFO - Processing file /opt/airflow/dags/php_dag.py for tasks to queue
[2025-11-15T18:52:44.294+0000] {logging_mixin.py:190} INFO - [2025-11-15T18:52:44.294+0000] {dagbag.py:587} INFO - Filling up the DagBag from /opt/airflow/dags/php_dag.py
[2025-11-15T18:52:44.309+0000] {processor.py:925} INFO - DAG(s) 'rodar_script_php' retrieved from /opt/airflow/dags/php_dag.py
[2025-11-15T18:52:44.339+0000] {logging_mixin.py:190} INFO - [2025-11-15T18:52:44.339+0000] {dag.py:3229} INFO - Sync 1 DAGs
[2025-11-15T18:52:44.359+0000] {logging_mixin.py:190} INFO - [2025-11-15T18:52:44.359+0000] {dag.py:4156} INFO - Setting next_dagrun for rodar_script_php to 2025-11-15 00:00:00+00:00, run_after=2025-11-16 00:00:00+00:00
[2025-11-15T18:52:44.374+0000] {processor.py:208} INFO - Processing /opt/airflow/dags/php_dag.py took 0.097 seconds
[2025-11-15T18:53:14.454+0000] {processor.py:186} INFO - Started process (PID=263) to work on /opt/airflow/dags/php_dag.py
[2025-11-15T18:53:14.462+0000] {processor.py:914} INFO - Processing file /opt/airflow/dags/php_dag.py for tasks to queue
[2025-11-15T18:53:14.464+0000] {logging_mixin.py:190} INFO - [2025-11-15T18:53:14.464+0000] {dagbag.py:587} INFO - Filling up the DagBag from /opt/airflow/dags/php_dag.py
[2025-11-15T18:53:14.477+0000] {processor.py:925} INFO - DAG(s) 'rodar_script_php' retrieved from /opt/airflow/dags/php_dag.py
[2025-11-15T18:53:14.501+0000] {logging_mixin.py:190} INFO - [2025-11-15T18:53:14.500+0000] {dag.py:3229} INFO - Sync 1 DAGs
[2025-11-15T18:53:14.522+0000] {logging_mixin.py:190} INFO - [2025-11-15T18:53:14.521+0000] {dag.py:4156} INFO - Setting next_dagrun for rodar_script_php to 2025-11-15 00:00:00+00:00, run_after=2025-11-16 00:00:00+00:00
[2025-11-15T18:53:14.538+0000] {processor.py:208} INFO - Processing /opt/airflow/dags/php_dag.py took 0.089 seconds
[2025-11-15T18:53:44.667+0000] {processor.py:186} INFO - Started process (PID=268) to work on /opt/airflow/dags/php_dag.py
[2025-11-15T18:53:44.667+0000] {processor.py:914} INFO - Processing file /opt/airflow/dags/php_dag.py for tasks to queue
[2025-11-15T18:53:44.669+0000] {logging_mixin.py:190} INFO - [2025-11-15T18:53:44.669+0000] {dagbag.py:587} INFO - Filling up the DagBag from /opt/airflow/dags/php_dag.py
[2025-11-15T18:53:44.680+0000] {processor.py:925} INFO - DAG(s) 'rodar_script_php' retrieved from /opt/airflow/dags/php_dag.py
[2025-11-15T18:53:44.702+0000] {logging_mixin.py:190} INFO - [2025-11-15T18:53:44.702+0000] {dag.py:3229} INFO - Sync 1 DAGs
[2025-11-15T18:53:44.872+0000] {logging_mixin.py:190} INFO - [2025-11-15T18:53:44.871+0000] {dag.py:4156} INFO - Setting next_dagrun for rodar_script_php to 2025-11-15 00:00:00+00:00, run_after=2025-11-16 00:00:00+00:00
[2025-11-15T18:53:44.891+0000] {processor.py:208} INFO - Processing /opt/airflow/dags/php_dag.py took 0.229 seconds
[2025-11-15T18:54:15.036+0000] {processor.py:186} INFO - Started process (PID=273) to work on /opt/airflow/dags/php_dag.py
[2025-11-15T18:54:15.038+0000] {processor.py:914} INFO - Processing file /opt/airflow/dags/php_dag.py for tasks to queue
[2025-11-15T18:54:15.040+0000] {logging_mixin.py:190} INFO - [2025-11-15T18:54:15.040+0000] {dagbag.py:587} INFO - Filling up the DagBag from /opt/airflow/dags/php_dag.py
[2025-11-15T18:54:15.052+0000] {processor.py:925} INFO - DAG(s) 'rodar_script_php' retrieved from /opt/airflow/dags/php_dag.py
[2025-11-15T18:54:15.076+0000] {logging_mixin.py:190} INFO - [2025-11-15T18:54:15.076+0000] {dag.py:3229} INFO - Sync 1 DAGs
[2025-11-15T18:54:15.246+0000] {logging_mixin.py:190} INFO - [2025-11-15T18:54:15.246+0000] {dag.py:4156} INFO - Setting next_dagrun for rodar_script_php to 2025-11-15 00:00:00+00:00, run_after=2025-11-16 00:00:00+00:00
[2025-11-15T18:54:15.258+0000] {processor.py:208} INFO - Processing /opt/airflow/dags/php_dag.py took 0.228 seconds
[2025-11-15T18:54:45.404+0000] {processor.py:186} INFO - Started process (PID=278) to work on /opt/airflow/dags/php_dag.py
[2025-11-15T18:54:45.405+0000] {processor.py:914} INFO - Processing file /opt/airflow/dags/php_dag.py for tasks to queue
[2025-11-15T18:54:45.407+0000] {logging_mixin.py:190} INFO - [2025-11-15T18:54:45.407+0000] {dagbag.py:587} INFO - Filling up the DagBag from /opt/airflow/dags/php_dag.py
[2025-11-15T18:54:45.420+0000] {processor.py:925} INFO - DAG(s) 'rodar_script_php' retrieved from /opt/airflow/dags/php_dag.py
[2025-11-15T18:54:45.443+0000] {logging_mixin.py:190} INFO - [2025-11-15T18:54:45.443+0000] {dag.py:3229} INFO - Sync 1 DAGs
[2025-11-15T18:54:45.462+0000] {logging_mixin.py:190} INFO - [2025-11-15T18:54:45.462+0000] {dag.py:4156} INFO - Setting next_dagrun for rodar_script_php to 2025-11-15 00:00:00+00:00, run_after=2025-11-16 00:00:00+00:00
[2025-11-15T18:54:45.475+0000] {processor.py:208} INFO - Processing /opt/airflow/dags/php_dag.py took 0.077 seconds
[2025-11-15T18:55:15.549+0000] {processor.py:186} INFO - Started process (PID=283) to work on /opt/airflow/dags/php_dag.py
[2025-11-15T18:55:15.552+0000] {processor.py:914} INFO - Processing file /opt/airflow/dags/php_dag.py for tasks to queue
[2025-11-15T18:55:15.554+0000] {logging_mixin.py:190} INFO - [2025-11-15T18:55:15.554+0000] {dagbag.py:587} INFO - Filling up the DagBag from /opt/airflow/dags/php_dag.py
[2025-11-15T18:55:15.562+0000] {processor.py:925} INFO - DAG(s) 'rodar_script_php' retrieved from /opt/airflow/dags/php_dag.py
[2025-11-15T18:55:15.582+0000] {logging_mixin.py:190} INFO - [2025-11-15T18:55:15.582+0000] {dag.py:3229} INFO - Sync 1 DAGs
[2025-11-15T18:55:15.599+0000] {logging_mixin.py:190} INFO - [2025-11-15T18:55:15.598+0000] {dag.py:4156} INFO - Setting next_dagrun for rodar_script_php to 2025-11-15 00:00:00+00:00, run_after=2025-11-16 00:00:00+00:00
[2025-11-15T18:55:15.610+0000] {processor.py:208} INFO - Processing /opt/airflow/dags/php_dag.py took 0.066 seconds
[2025-11-15T18:55:45.765+0000] {processor.py:186} INFO - Started process (PID=288) to work on /opt/airflow/dags/php_dag.py
[2025-11-15T18:55:45.766+0000] {processor.py:914} INFO - Processing file /opt/airflow/dags/php_dag.py for tasks to queue
[2025-11-15T18:55:45.768+0000] {logging_mixin.py:190} INFO - [2025-11-15T18:55:45.767+0000] {dagbag.py:587} INFO - Filling up the DagBag from /opt/airflow/dags/php_dag.py
[2025-11-15T18:55:45.780+0000] {processor.py:925} INFO - DAG(s) 'rodar_script_php' retrieved from /opt/airflow/dags/php_dag.py
[2025-11-15T18:55:45.803+0000] {logging_mixin.py:190} INFO - [2025-11-15T18:55:45.803+0000] {dag.py:3229} INFO - Sync 1 DAGs
[2025-11-15T18:55:45.820+0000] {logging_mixin.py:190} INFO - [2025-11-15T18:55:45.820+0000] {dag.py:4156} INFO - Setting next_dagrun for rodar_script_php to 2025-11-15 00:00:00+00:00, run_after=2025-11-16 00:00:00+00:00
[2025-11-15T18:55:45.831+0000] {processor.py:208} INFO - Processing /opt/airflow/dags/php_dag.py took 0.072 seconds
[2025-11-15T18:56:15.917+0000] {processor.py:186} INFO - Started process (PID=293) to work on /opt/airflow/dags/php_dag.py
[2025-11-15T18:56:15.918+0000] {processor.py:914} INFO - Processing file /opt/airflow/dags/php_dag.py for tasks to queue
[2025-11-15T18:56:15.919+0000] {logging_mixin.py:190} INFO - [2025-11-15T18:56:15.919+0000] {dagbag.py:587} INFO - Filling up the DagBag from /opt/airflow/dags/php_dag.py
[2025-11-15T18:56:15.928+0000] {processor.py:925} INFO - DAG(s) 'rodar_script_php' retrieved from /opt/airflow/dags/php_dag.py
[2025-11-15T18:56:15.948+0000] {logging_mixin.py:190} INFO - [2025-11-15T18:56:15.948+0000] {dag.py:3229} INFO - Sync 1 DAGs
[2025-11-15T18:56:15.965+0000] {logging_mixin.py:190} INFO - [2025-11-15T18:56:15.964+0000] {dag.py:4156} INFO - Setting next_dagrun for rodar_script_php to 2025-11-15 00:00:00+00:00, run_after=2025-11-16 00:00:00+00:00
[2025-11-15T18:56:16.141+0000] {processor.py:208} INFO - Processing /opt/airflow/dags/php_dag.py took 0.229 seconds
[2025-11-15T18:56:46.298+0000] {processor.py:186} INFO - Started process (PID=298) to work on /opt/airflow/dags/php_dag.py
[2025-11-15T18:56:46.299+0000] {processor.py:914} INFO - Processing file /opt/airflow/dags/php_dag.py for tasks to queue
[2025-11-15T18:56:46.300+0000] {logging_mixin.py:190} INFO - [2025-11-15T18:56:46.300+0000] {dagbag.py:587} INFO - Filling up the DagBag from /opt/airflow/dags/php_dag.py
[2025-11-15T18:56:46.309+0000] {processor.py:925} INFO - DAG(s) 'rodar_script_php' retrieved from /opt/airflow/dags/php_dag.py
[2025-11-15T18:56:46.329+0000] {logging_mixin.py:190} INFO - [2025-11-15T18:56:46.329+0000] {dag.py:3229} INFO - Sync 1 DAGs
[2025-11-15T18:56:46.479+0000] {logging_mixin.py:190} INFO - [2025-11-15T18:56:46.478+0000] {dag.py:4156} INFO - Setting next_dagrun for rodar_script_php to 2025-11-15 00:00:00+00:00, run_after=2025-11-16 00:00:00+00:00
[2025-11-15T18:56:46.489+0000] {processor.py:208} INFO - Processing /opt/airflow/dags/php_dag.py took 0.197 seconds
[2025-11-15T18:57:16.645+0000] {processor.py:186} INFO - Started process (PID=303) to work on /opt/airflow/dags/php_dag.py
[2025-11-15T18:57:16.646+0000] {processor.py:914} INFO - Processing file /opt/airflow/dags/php_dag.py for tasks to queue
[2025-11-15T18:57:16.648+0000] {logging_mixin.py:190} INFO - [2025-11-15T18:57:16.648+0000] {dagbag.py:587} INFO - Filling up the DagBag from /opt/airflow/dags/php_dag.py
[2025-11-15T18:57:16.657+0000] {processor.py:925} INFO - DAG(s) 'rodar_script_php' retrieved from /opt/airflow/dags/php_dag.py
[2025-11-15T18:57:16.676+0000] {logging_mixin.py:190} INFO - [2025-11-15T18:57:16.676+0000] {dag.py:3229} INFO - Sync 1 DAGs
[2025-11-15T18:57:16.815+0000] {logging_mixin.py:190} INFO - [2025-11-15T18:57:16.814+0000] {dag.py:4156} INFO - Setting next_dagrun for rodar_script_php to 2025-11-15 00:00:00+00:00, run_after=2025-11-16 00:00:00+00:00
[2025-11-15T18:57:16.826+0000] {processor.py:208} INFO - Processing /opt/airflow/dags/php_dag.py took 0.186 seconds
[2025-11-15T18:57:46.995+0000] {processor.py:186} INFO - Started process (PID=308) to work on /opt/airflow/dags/php_dag.py
[2025-11-15T18:57:46.996+0000] {processor.py:914} INFO - Processing file /opt/airflow/dags/php_dag.py for tasks to queue
[2025-11-15T18:57:46.998+0000] {logging_mixin.py:190} INFO - [2025-11-15T18:57:46.997+0000] {dagbag.py:587} INFO - Filling up the DagBag from /opt/airflow/dags/php_dag.py
[2025-11-15T18:57:47.007+0000] {processor.py:925} INFO - DAG(s) 'rodar_script_php' retrieved from /opt/airflow/dags/php_dag.py
[2025-11-15T18:57:47.025+0000] {logging_mixin.py:190} INFO - [2025-11-15T18:57:47.025+0000] {dag.py:3229} INFO - Sync 1 DAGs
[2025-11-15T18:57:47.043+0000] {logging_mixin.py:190} INFO - [2025-11-15T18:57:47.043+0000] {dag.py:4156} INFO - Setting next_dagrun for rodar_script_php to 2025-11-15 00:00:00+00:00, run_after=2025-11-16 00:00:00+00:00
[2025-11-15T18:57:47.054+0000] {processor.py:208} INFO - Processing /opt/airflow/dags/php_dag.py took 0.063 seconds
[2025-11-15T18:58:17.158+0000] {processor.py:186} INFO - Started process (PID=313) to work on /opt/airflow/dags/php_dag.py
[2025-11-15T18:58:17.159+0000] {processor.py:914} INFO - Processing file /opt/airflow/dags/php_dag.py for tasks to queue
[2025-11-15T18:58:17.161+0000] {logging_mixin.py:190} INFO - [2025-11-15T18:58:17.161+0000] {dagbag.py:587} INFO - Filling up the DagBag from /opt/airflow/dags/php_dag.py
[2025-11-15T18:58:17.173+0000] {processor.py:925} INFO - DAG(s) 'rodar_script_php' retrieved from /opt/airflow/dags/php_dag.py
[2025-11-15T18:58:17.194+0000] {logging_mixin.py:190} INFO - [2025-11-15T18:58:17.194+0000] {dag.py:3229} INFO - Sync 1 DAGs
[2025-11-15T18:58:17.212+0000] {logging_mixin.py:190} INFO - [2025-11-15T18:58:17.211+0000] {dag.py:4156} INFO - Setting next_dagrun for rodar_script_php to 2025-11-15 00:00:00+00:00, run_after=2025-11-16 00:00:00+00:00
[2025-11-15T18:58:17.224+0000] {processor.py:208} INFO - Processing /opt/airflow/dags/php_dag.py took 0.072 seconds
[2025-11-15T18:58:47.345+0000] {processor.py:186} INFO - Started process (PID=318) to work on /opt/airflow/dags/php_dag.py
[2025-11-15T18:58:47.346+0000] {processor.py:914} INFO - Processing file /opt/airflow/dags/php_dag.py for tasks to queue
[2025-11-15T18:58:47.347+0000] {logging_mixin.py:190} INFO - [2025-11-15T18:58:47.347+0000] {dagbag.py:587} INFO - Filling up the DagBag from /opt/airflow/dags/php_dag.py
[2025-11-15T18:58:47.356+0000] {processor.py:925} INFO - DAG(s) 'rodar_script_php' retrieved from /opt/airflow/dags/php_dag.py
[2025-11-15T18:58:47.376+0000] {logging_mixin.py:190} INFO - [2025-11-15T18:58:47.376+0000] {dag.py:3229} INFO - Sync 1 DAGs
[2025-11-15T18:58:47.393+0000] {logging_mixin.py:190} INFO - [2025-11-15T18:58:47.393+0000] {dag.py:4156} INFO - Setting next_dagrun for rodar_script_php to 2025-11-15 00:00:00+00:00, run_after=2025-11-16 00:00:00+00:00
[2025-11-15T18:58:47.405+0000] {processor.py:208} INFO - Processing /opt/airflow/dags/php_dag.py took 0.065 seconds
[2025-11-15T18:59:17.539+0000] {processor.py:186} INFO - Started process (PID=323) to work on /opt/airflow/dags/php_dag.py
[2025-11-15T18:59:17.539+0000] {processor.py:914} INFO - Processing file /opt/airflow/dags/php_dag.py for tasks to queue
[2025-11-15T18:59:17.541+0000] {logging_mixin.py:190} INFO - [2025-11-15T18:59:17.541+0000] {dagbag.py:587} INFO - Filling up the DagBag from /opt/airflow/dags/php_dag.py
[2025-11-15T18:59:17.554+0000] {processor.py:925} INFO - DAG(s) 'rodar_script_php' retrieved from /opt/airflow/dags/php_dag.py
[2025-11-15T18:59:17.576+0000] {logging_mixin.py:190} INFO - [2025-11-15T18:59:17.575+0000] {dag.py:3229} INFO - Sync 1 DAGs
[2025-11-15T18:59:17.593+0000] {logging_mixin.py:190} INFO - [2025-11-15T18:59:17.593+0000] {dag.py:4156} INFO - Setting next_dagrun for rodar_script_php to 2025-11-15 00:00:00+00:00, run_after=2025-11-16 00:00:00+00:00
[2025-11-15T18:59:17.733+0000] {processor.py:208} INFO - Processing /opt/airflow/dags/php_dag.py took 0.200 seconds
[2025-11-15T18:59:47.928+0000] {processor.py:186} INFO - Started process (PID=328) to work on /opt/airflow/dags/php_dag.py
[2025-11-15T18:59:47.936+0000] {processor.py:914} INFO - Processing file /opt/airflow/dags/php_dag.py for tasks to queue
[2025-11-15T18:59:47.938+0000] {logging_mixin.py:190} INFO - [2025-11-15T18:59:47.937+0000] {dagbag.py:587} INFO - Filling up the DagBag from /opt/airflow/dags/php_dag.py
[2025-11-15T18:59:47.946+0000] {processor.py:925} INFO - DAG(s) 'rodar_script_php' retrieved from /opt/airflow/dags/php_dag.py
[2025-11-15T18:59:47.966+0000] {logging_mixin.py:190} INFO - [2025-11-15T18:59:47.966+0000] {dag.py:3229} INFO - Sync 1 DAGs
[2025-11-15T18:59:48.111+0000] {logging_mixin.py:190} INFO - [2025-11-15T18:59:48.110+0000] {dag.py:4156} INFO - Setting next_dagrun for rodar_script_php to 2025-11-15 00:00:00+00:00, run_after=2025-11-16 00:00:00+00:00
[2025-11-15T18:59:48.121+0000] {processor.py:208} INFO - Processing /opt/airflow/dags/php_dag.py took 0.198 seconds
[2025-11-15T19:00:18.287+0000] {processor.py:186} INFO - Started process (PID=348) to work on /opt/airflow/dags/php_dag.py
[2025-11-15T19:00:18.289+0000] {processor.py:914} INFO - Processing file /opt/airflow/dags/php_dag.py for tasks to queue
[2025-11-15T19:00:18.291+0000] {logging_mixin.py:190} INFO - [2025-11-15T19:00:18.290+0000] {dagbag.py:587} INFO - Filling up the DagBag from /opt/airflow/dags/php_dag.py
[2025-11-15T19:00:18.300+0000] {processor.py:925} INFO - DAG(s) 'rodar_script_php' retrieved from /opt/airflow/dags/php_dag.py
[2025-11-15T19:00:18.321+0000] {logging_mixin.py:190} INFO - [2025-11-15T19:00:18.320+0000] {dag.py:3229} INFO - Sync 1 DAGs
[2025-11-15T19:00:18.337+0000] {logging_mixin.py:190} INFO - [2025-11-15T19:00:18.337+0000] {dag.py:4156} INFO - Setting next_dagrun for rodar_script_php to 2025-11-15 00:00:00+00:00, run_after=2025-11-16 00:00:00+00:00
[2025-11-15T19:00:18.350+0000] {processor.py:208} INFO - Processing /opt/airflow/dags/php_dag.py took 0.068 seconds
[2025-11-15T19:00:48.467+0000] {processor.py:186} INFO - Started process (PID=353) to work on /opt/airflow/dags/php_dag.py
[2025-11-15T19:00:48.468+0000] {processor.py:914} INFO - Processing file /opt/airflow/dags/php_dag.py for tasks to queue
[2025-11-15T19:00:48.470+0000] {logging_mixin.py:190} INFO - [2025-11-15T19:00:48.469+0000] {dagbag.py:587} INFO - Filling up the DagBag from /opt/airflow/dags/php_dag.py
[2025-11-15T19:00:48.479+0000] {processor.py:925} INFO - DAG(s) 'rodar_script_php' retrieved from /opt/airflow/dags/php_dag.py
[2025-11-15T19:00:48.499+0000] {logging_mixin.py:190} INFO - [2025-11-15T19:00:48.498+0000] {dag.py:3229} INFO - Sync 1 DAGs
[2025-11-15T19:00:48.518+0000] {logging_mixin.py:190} INFO - [2025-11-15T19:00:48.518+0000] {dag.py:4156} INFO - Setting next_dagrun for rodar_script_php to 2025-11-15 00:00:00+00:00, run_after=2025-11-16 00:00:00+00:00
[2025-11-15T19:00:48.531+0000] {processor.py:208} INFO - Processing /opt/airflow/dags/php_dag.py took 0.069 seconds
[2025-11-15T19:02:39.911+0000] {processor.py:186} INFO - Started process (PID=176) to work on /opt/airflow/dags/php_dag.py
[2025-11-15T19:02:39.912+0000] {processor.py:914} INFO - Processing file /opt/airflow/dags/php_dag.py for tasks to queue
[2025-11-15T19:02:39.914+0000] {logging_mixin.py:190} INFO - [2025-11-15T19:02:39.914+0000] {dagbag.py:587} INFO - Filling up the DagBag from /opt/airflow/dags/php_dag.py
[2025-11-15T19:02:39.931+0000] {processor.py:925} INFO - DAG(s) 'rodar_script_php' retrieved from /opt/airflow/dags/php_dag.py
[2025-11-15T19:02:39.969+0000] {logging_mixin.py:190} INFO - [2025-11-15T19:02:39.968+0000] {dag.py:3229} INFO - Sync 1 DAGs
[2025-11-15T19:02:39.992+0000] {logging_mixin.py:190} INFO - [2025-11-15T19:02:39.992+0000] {dag.py:4156} INFO - Setting next_dagrun for rodar_script_php to 2025-11-15 00:00:00+00:00, run_after=2025-11-16 00:00:00+00:00
[2025-11-15T19:02:40.007+0000] {processor.py:208} INFO - Processing /opt/airflow/dags/php_dag.py took 0.101 seconds
[2025-11-15T19:03:10.085+0000] {processor.py:186} INFO - Started process (PID=184) to work on /opt/airflow/dags/php_dag.py
[2025-11-15T19:03:10.085+0000] {processor.py:914} INFO - Processing file /opt/airflow/dags/php_dag.py for tasks to queue
[2025-11-15T19:03:10.087+0000] {logging_mixin.py:190} INFO - [2025-11-15T19:03:10.087+0000] {dagbag.py:587} INFO - Filling up the DagBag from /opt/airflow/dags/php_dag.py
[2025-11-15T19:03:10.096+0000] {processor.py:925} INFO - DAG(s) 'rodar_script_php' retrieved from /opt/airflow/dags/php_dag.py
[2025-11-15T19:03:10.117+0000] {logging_mixin.py:190} INFO - [2025-11-15T19:03:10.117+0000] {dag.py:3229} INFO - Sync 1 DAGs
[2025-11-15T19:03:10.135+0000] {logging_mixin.py:190} INFO - [2025-11-15T19:03:10.135+0000] {dag.py:4156} INFO - Setting next_dagrun for rodar_script_php to 2025-11-15 00:00:00+00:00, run_after=2025-11-16 00:00:00+00:00
[2025-11-15T19:03:10.148+0000] {processor.py:208} INFO - Processing /opt/airflow/dags/php_dag.py took 0.068 seconds
[2025-11-15T19:03:40.319+0000] {processor.py:186} INFO - Started process (PID=189) to work on /opt/airflow/dags/php_dag.py
[2025-11-15T19:03:40.320+0000] {processor.py:914} INFO - Processing file /opt/airflow/dags/php_dag.py for tasks to queue
[2025-11-15T19:03:40.325+0000] {logging_mixin.py:190} INFO - [2025-11-15T19:03:40.325+0000] {dagbag.py:587} INFO - Filling up the DagBag from /opt/airflow/dags/php_dag.py
[2025-11-15T19:03:40.336+0000] {processor.py:925} INFO - DAG(s) 'rodar_script_php' retrieved from /opt/airflow/dags/php_dag.py
[2025-11-15T19:03:40.356+0000] {logging_mixin.py:190} INFO - [2025-11-15T19:03:40.356+0000] {dag.py:3229} INFO - Sync 1 DAGs
[2025-11-15T19:03:40.375+0000] {logging_mixin.py:190} INFO - [2025-11-15T19:03:40.375+0000] {dag.py:4156} INFO - Setting next_dagrun for rodar_script_php to 2025-11-15 00:00:00+00:00, run_after=2025-11-16 00:00:00+00:00
[2025-11-15T19:03:40.387+0000] {processor.py:208} INFO - Processing /opt/airflow/dags/php_dag.py took 0.073 seconds
[2025-11-15T19:04:10.473+0000] {processor.py:186} INFO - Started process (PID=194) to work on /opt/airflow/dags/php_dag.py
[2025-11-15T19:04:10.474+0000] {processor.py:914} INFO - Processing file /opt/airflow/dags/php_dag.py for tasks to queue
[2025-11-15T19:04:10.476+0000] {logging_mixin.py:190} INFO - [2025-11-15T19:04:10.475+0000] {dagbag.py:587} INFO - Filling up the DagBag from /opt/airflow/dags/php_dag.py
[2025-11-15T19:04:10.487+0000] {processor.py:925} INFO - DAG(s) 'rodar_script_php' retrieved from /opt/airflow/dags/php_dag.py
[2025-11-15T19:04:10.511+0000] {logging_mixin.py:190} INFO - [2025-11-15T19:04:10.511+0000] {dag.py:3229} INFO - Sync 1 DAGs
[2025-11-15T19:04:10.532+0000] {logging_mixin.py:190} INFO - [2025-11-15T19:04:10.531+0000] {dag.py:4156} INFO - Setting next_dagrun for rodar_script_php to 2025-11-15 00:00:00+00:00, run_after=2025-11-16 00:00:00+00:00
[2025-11-15T19:04:10.549+0000] {processor.py:208} INFO - Processing /opt/airflow/dags/php_dag.py took 0.082 seconds
[2025-11-15T19:04:40.670+0000] {processor.py:186} INFO - Started process (PID=199) to work on /opt/airflow/dags/php_dag.py
[2025-11-15T19:04:40.670+0000] {processor.py:914} INFO - Processing file /opt/airflow/dags/php_dag.py for tasks to queue
[2025-11-15T19:04:40.672+0000] {logging_mixin.py:190} INFO - [2025-11-15T19:04:40.672+0000] {dagbag.py:587} INFO - Filling up the DagBag from /opt/airflow/dags/php_dag.py
[2025-11-15T19:04:40.682+0000] {processor.py:925} INFO - DAG(s) 'rodar_script_php' retrieved from /opt/airflow/dags/php_dag.py
[2025-11-15T19:04:40.702+0000] {logging_mixin.py:190} INFO - [2025-11-15T19:04:40.701+0000] {dag.py:3229} INFO - Sync 1 DAGs
[2025-11-15T19:04:40.719+0000] {logging_mixin.py:190} INFO - [2025-11-15T19:04:40.718+0000] {dag.py:4156} INFO - Setting next_dagrun for rodar_script_php to 2025-11-15 00:00:00+00:00, run_after=2025-11-16 00:00:00+00:00
[2025-11-15T19:04:40.731+0000] {processor.py:208} INFO - Processing /opt/airflow/dags/php_dag.py took 0.067 seconds
[2025-11-15T19:05:10.837+0000] {processor.py:186} INFO - Started process (PID=204) to work on /opt/airflow/dags/php_dag.py
[2025-11-15T19:05:10.838+0000] {processor.py:914} INFO - Processing file /opt/airflow/dags/php_dag.py for tasks to queue
[2025-11-15T19:05:10.839+0000] {logging_mixin.py:190} INFO - [2025-11-15T19:05:10.839+0000] {dagbag.py:587} INFO - Filling up the DagBag from /opt/airflow/dags/php_dag.py
[2025-11-15T19:05:10.849+0000] {processor.py:925} INFO - DAG(s) 'rodar_script_php' retrieved from /opt/airflow/dags/php_dag.py
[2025-11-15T19:05:10.870+0000] {logging_mixin.py:190} INFO - [2025-11-15T19:05:10.870+0000] {dag.py:3229} INFO - Sync 1 DAGs
[2025-11-15T19:05:10.888+0000] {logging_mixin.py:190} INFO - [2025-11-15T19:05:10.888+0000] {dag.py:4156} INFO - Setting next_dagrun for rodar_script_php to 2025-11-15 00:00:00+00:00, run_after=2025-11-16 00:00:00+00:00
[2025-11-15T19:05:10.900+0000] {processor.py:208} INFO - Processing /opt/airflow/dags/php_dag.py took 0.069 seconds
[2025-11-15T19:05:41.032+0000] {processor.py:186} INFO - Started process (PID=209) to work on /opt/airflow/dags/php_dag.py
[2025-11-15T19:05:41.033+0000] {processor.py:914} INFO - Processing file /opt/airflow/dags/php_dag.py for tasks to queue
[2025-11-15T19:05:41.036+0000] {logging_mixin.py:190} INFO - [2025-11-15T19:05:41.035+0000] {dagbag.py:587} INFO - Filling up the DagBag from /opt/airflow/dags/php_dag.py
[2025-11-15T19:05:41.049+0000] {processor.py:925} INFO - DAG(s) 'rodar_script_php' retrieved from /opt/airflow/dags/php_dag.py
[2025-11-15T19:05:41.074+0000] {logging_mixin.py:190} INFO - [2025-11-15T19:05:41.074+0000] {dag.py:3229} INFO - Sync 1 DAGs
[2025-11-15T19:05:41.096+0000] {logging_mixin.py:190} INFO - [2025-11-15T19:05:41.095+0000] {dag.py:4156} INFO - Setting next_dagrun for rodar_script_php to 2025-11-15 00:00:00+00:00, run_after=2025-11-16 00:00:00+00:00
[2025-11-15T19:05:41.111+0000] {processor.py:208} INFO - Processing /opt/airflow/dags/php_dag.py took 0.085 seconds
[2025-11-15T19:06:11.199+0000] {processor.py:186} INFO - Started process (PID=214) to work on /opt/airflow/dags/php_dag.py
[2025-11-15T19:06:11.206+0000] {processor.py:914} INFO - Processing file /opt/airflow/dags/php_dag.py for tasks to queue
[2025-11-15T19:06:11.208+0000] {logging_mixin.py:190} INFO - [2025-11-15T19:06:11.207+0000] {dagbag.py:587} INFO - Filling up the DagBag from /opt/airflow/dags/php_dag.py
[2025-11-15T19:06:11.219+0000] {processor.py:925} INFO - DAG(s) 'rodar_script_php' retrieved from /opt/airflow/dags/php_dag.py
[2025-11-15T19:06:11.239+0000] {logging_mixin.py:190} INFO - [2025-11-15T19:06:11.239+0000] {dag.py:3229} INFO - Sync 1 DAGs
[2025-11-15T19:06:11.262+0000] {logging_mixin.py:190} INFO - [2025-11-15T19:06:11.261+0000] {dag.py:4156} INFO - Setting next_dagrun for rodar_script_php to 2025-11-15 00:00:00+00:00, run_after=2025-11-16 00:00:00+00:00
[2025-11-15T19:06:11.276+0000] {processor.py:208} INFO - Processing /opt/airflow/dags/php_dag.py took 0.082 seconds
[2025-11-15T19:06:41.421+0000] {processor.py:186} INFO - Started process (PID=219) to work on /opt/airflow/dags/php_dag.py
[2025-11-15T19:06:41.428+0000] {processor.py:914} INFO - Processing file /opt/airflow/dags/php_dag.py for tasks to queue
[2025-11-15T19:06:41.430+0000] {logging_mixin.py:190} INFO - [2025-11-15T19:06:41.430+0000] {dagbag.py:587} INFO - Filling up the DagBag from /opt/airflow/dags/php_dag.py
[2025-11-15T19:06:41.439+0000] {processor.py:925} INFO - DAG(s) 'rodar_script_php' retrieved from /opt/airflow/dags/php_dag.py
[2025-11-15T19:06:41.457+0000] {logging_mixin.py:190} INFO - [2025-11-15T19:06:41.457+0000] {dag.py:3229} INFO - Sync 1 DAGs
[2025-11-15T19:06:41.476+0000] {logging_mixin.py:190} INFO - [2025-11-15T19:06:41.475+0000] {dag.py:4156} INFO - Setting next_dagrun for rodar_script_php to 2025-11-15 00:00:00+00:00, run_after=2025-11-16 00:00:00+00:00
[2025-11-15T19:06:41.488+0000] {processor.py:208} INFO - Processing /opt/airflow/dags/php_dag.py took 0.072 seconds
[2025-11-15T19:07:11.593+0000] {processor.py:186} INFO - Started process (PID=224) to work on /opt/airflow/dags/php_dag.py
[2025-11-15T19:07:11.594+0000] {processor.py:914} INFO - Processing file /opt/airflow/dags/php_dag.py for tasks to queue
[2025-11-15T19:07:11.596+0000] {logging_mixin.py:190} INFO - [2025-11-15T19:07:11.595+0000] {dagbag.py:587} INFO - Filling up the DagBag from /opt/airflow/dags/php_dag.py
[2025-11-15T19:07:11.606+0000] {processor.py:925} INFO - DAG(s) 'rodar_script_php' retrieved from /opt/airflow/dags/php_dag.py
[2025-11-15T19:07:11.626+0000] {logging_mixin.py:190} INFO - [2025-11-15T19:07:11.625+0000] {dag.py:3229} INFO - Sync 1 DAGs
[2025-11-15T19:07:11.644+0000] {logging_mixin.py:190} INFO - [2025-11-15T19:07:11.643+0000] {dag.py:4156} INFO - Setting next_dagrun for rodar_script_php to 2025-11-15 00:00:00+00:00, run_after=2025-11-16 00:00:00+00:00
[2025-11-15T19:07:11.655+0000] {processor.py:208} INFO - Processing /opt/airflow/dags/php_dag.py took 0.066 seconds
[2025-11-15T19:07:41.797+0000] {processor.py:186} INFO - Started process (PID=229) to work on /opt/airflow/dags/php_dag.py
[2025-11-15T19:07:41.798+0000] {processor.py:914} INFO - Processing file /opt/airflow/dags/php_dag.py for tasks to queue
[2025-11-15T19:07:41.800+0000] {logging_mixin.py:190} INFO - [2025-11-15T19:07:41.800+0000] {dagbag.py:587} INFO - Filling up the DagBag from /opt/airflow/dags/php_dag.py
[2025-11-15T19:07:41.811+0000] {processor.py:925} INFO - DAG(s) 'rodar_script_php' retrieved from /opt/airflow/dags/php_dag.py
[2025-11-15T19:07:41.832+0000] {logging_mixin.py:190} INFO - [2025-11-15T19:07:41.832+0000] {dag.py:3229} INFO - Sync 1 DAGs
[2025-11-15T19:07:41.851+0000] {logging_mixin.py:190} INFO - [2025-11-15T19:07:41.851+0000] {dag.py:4156} INFO - Setting next_dagrun for rodar_script_php to 2025-11-15 00:00:00+00:00, run_after=2025-11-16 00:00:00+00:00
[2025-11-15T19:07:42.001+0000] {processor.py:208} INFO - Processing /opt/airflow/dags/php_dag.py took 0.209 seconds
[2025-11-15T19:08:12.157+0000] {processor.py:186} INFO - Started process (PID=234) to work on /opt/airflow/dags/php_dag.py
[2025-11-15T19:08:12.158+0000] {processor.py:914} INFO - Processing file /opt/airflow/dags/php_dag.py for tasks to queue
[2025-11-15T19:08:12.161+0000] {logging_mixin.py:190} INFO - [2025-11-15T19:08:12.160+0000] {dagbag.py:587} INFO - Filling up the DagBag from /opt/airflow/dags/php_dag.py
[2025-11-15T19:08:12.177+0000] {processor.py:925} INFO - DAG(s) 'rodar_script_php' retrieved from /opt/airflow/dags/php_dag.py
[2025-11-15T19:08:12.201+0000] {logging_mixin.py:190} INFO - [2025-11-15T19:08:12.201+0000] {dag.py:3229} INFO - Sync 1 DAGs
[2025-11-15T19:08:12.359+0000] {logging_mixin.py:190} INFO - [2025-11-15T19:08:12.359+0000] {dag.py:4156} INFO - Setting next_dagrun for rodar_script_php to 2025-11-15 00:00:00+00:00, run_after=2025-11-16 00:00:00+00:00
[2025-11-15T19:08:12.370+0000] {processor.py:208} INFO - Processing /opt/airflow/dags/php_dag.py took 0.218 seconds
[2025-11-15T19:08:42.539+0000] {processor.py:186} INFO - Started process (PID=239) to work on /opt/airflow/dags/php_dag.py
[2025-11-15T19:08:42.541+0000] {processor.py:914} INFO - Processing file /opt/airflow/dags/php_dag.py for tasks to queue
[2025-11-15T19:08:42.543+0000] {logging_mixin.py:190} INFO - [2025-11-15T19:08:42.543+0000] {dagbag.py:587} INFO - Filling up the DagBag from /opt/airflow/dags/php_dag.py
[2025-11-15T19:08:42.553+0000] {processor.py:925} INFO - DAG(s) 'rodar_script_php' retrieved from /opt/airflow/dags/php_dag.py
[2025-11-15T19:08:42.573+0000] {logging_mixin.py:190} INFO - [2025-11-15T19:08:42.572+0000] {dag.py:3229} INFO - Sync 1 DAGs
[2025-11-15T19:08:42.590+0000] {logging_mixin.py:190} INFO - [2025-11-15T19:08:42.590+0000] {dag.py:4156} INFO - Setting next_dagrun for rodar_script_php to 2025-11-15 00:00:00+00:00, run_after=2025-11-16 00:00:00+00:00
[2025-11-15T19:08:42.601+0000] {processor.py:208} INFO - Processing /opt/airflow/dags/php_dag.py took 0.066 seconds
[2025-11-15T19:09:12.706+0000] {processor.py:186} INFO - Started process (PID=244) to work on /opt/airflow/dags/php_dag.py
[2025-11-15T19:09:12.707+0000] {processor.py:914} INFO - Processing file /opt/airflow/dags/php_dag.py for tasks to queue
[2025-11-15T19:09:12.709+0000] {logging_mixin.py:190} INFO - [2025-11-15T19:09:12.708+0000] {dagbag.py:587} INFO - Filling up the DagBag from /opt/airflow/dags/php_dag.py
[2025-11-15T19:09:12.718+0000] {processor.py:925} INFO - DAG(s) 'rodar_script_php' retrieved from /opt/airflow/dags/php_dag.py
[2025-11-15T19:09:12.739+0000] {logging_mixin.py:190} INFO - [2025-11-15T19:09:12.738+0000] {dag.py:3229} INFO - Sync 1 DAGs
[2025-11-15T19:09:12.756+0000] {logging_mixin.py:190} INFO - [2025-11-15T19:09:12.756+0000] {dag.py:4156} INFO - Setting next_dagrun for rodar_script_php to 2025-11-15 00:00:00+00:00, run_after=2025-11-16 00:00:00+00:00
[2025-11-15T19:09:12.769+0000] {processor.py:208} INFO - Processing /opt/airflow/dags/php_dag.py took 0.069 seconds
[2025-11-15T19:09:42.923+0000] {processor.py:186} INFO - Started process (PID=249) to work on /opt/airflow/dags/php_dag.py
[2025-11-15T19:09:42.924+0000] {processor.py:914} INFO - Processing file /opt/airflow/dags/php_dag.py for tasks to queue
[2025-11-15T19:09:42.925+0000] {logging_mixin.py:190} INFO - [2025-11-15T19:09:42.925+0000] {dagbag.py:587} INFO - Filling up the DagBag from /opt/airflow/dags/php_dag.py
[2025-11-15T19:09:42.938+0000] {processor.py:925} INFO - DAG(s) 'rodar_script_php' retrieved from /opt/airflow/dags/php_dag.py
[2025-11-15T19:09:42.961+0000] {logging_mixin.py:190} INFO - [2025-11-15T19:09:42.960+0000] {dag.py:3229} INFO - Sync 1 DAGs
[2025-11-15T19:09:42.983+0000] {logging_mixin.py:190} INFO - [2025-11-15T19:09:42.983+0000] {dag.py:4156} INFO - Setting next_dagrun for rodar_script_php to 2025-11-15 00:00:00+00:00, run_after=2025-11-16 00:00:00+00:00
[2025-11-15T19:09:42.996+0000] {processor.py:208} INFO - Processing /opt/airflow/dags/php_dag.py took 0.079 seconds
[2025-11-15T19:10:13.078+0000] {processor.py:186} INFO - Started process (PID=254) to work on /opt/airflow/dags/php_dag.py
[2025-11-15T19:10:13.079+0000] {processor.py:914} INFO - Processing file /opt/airflow/dags/php_dag.py for tasks to queue
[2025-11-15T19:10:13.080+0000] {logging_mixin.py:190} INFO - [2025-11-15T19:10:13.080+0000] {dagbag.py:587} INFO - Filling up the DagBag from /opt/airflow/dags/php_dag.py
[2025-11-15T19:10:13.089+0000] {processor.py:925} INFO - DAG(s) 'rodar_script_php' retrieved from /opt/airflow/dags/php_dag.py
[2025-11-15T19:10:13.109+0000] {logging_mixin.py:190} INFO - [2025-11-15T19:10:13.109+0000] {dag.py:3229} INFO - Sync 1 DAGs
[2025-11-15T19:10:13.128+0000] {logging_mixin.py:190} INFO - [2025-11-15T19:10:13.128+0000] {dag.py:4156} INFO - Setting next_dagrun for rodar_script_php to 2025-11-15 00:00:00+00:00, run_after=2025-11-16 00:00:00+00:00
[2025-11-15T19:10:13.140+0000] {processor.py:208} INFO - Processing /opt/airflow/dags/php_dag.py took 0.066 seconds
[2025-11-15T19:10:43.274+0000] {processor.py:186} INFO - Started process (PID=259) to work on /opt/airflow/dags/php_dag.py
[2025-11-15T19:10:43.275+0000] {processor.py:914} INFO - Processing file /opt/airflow/dags/php_dag.py for tasks to queue
[2025-11-15T19:10:43.276+0000] {logging_mixin.py:190} INFO - [2025-11-15T19:10:43.276+0000] {dagbag.py:587} INFO - Filling up the DagBag from /opt/airflow/dags/php_dag.py
[2025-11-15T19:10:43.286+0000] {processor.py:925} INFO - DAG(s) 'rodar_script_php' retrieved from /opt/airflow/dags/php_dag.py
[2025-11-15T19:10:43.307+0000] {logging_mixin.py:190} INFO - [2025-11-15T19:10:43.307+0000] {dag.py:3229} INFO - Sync 1 DAGs
[2025-11-15T19:10:43.462+0000] {logging_mixin.py:190} INFO - [2025-11-15T19:10:43.462+0000] {dag.py:4156} INFO - Setting next_dagrun for rodar_script_php to 2025-11-15 00:00:00+00:00, run_after=2025-11-16 00:00:00+00:00
[2025-11-15T19:10:43.473+0000] {processor.py:208} INFO - Processing /opt/airflow/dags/php_dag.py took 0.204 seconds
[2025-11-15T19:11:13.612+0000] {processor.py:186} INFO - Started process (PID=264) to work on /opt/airflow/dags/php_dag.py
[2025-11-15T19:11:13.613+0000] {processor.py:914} INFO - Processing file /opt/airflow/dags/php_dag.py for tasks to queue
[2025-11-15T19:11:13.615+0000] {logging_mixin.py:190} INFO - [2025-11-15T19:11:13.615+0000] {dagbag.py:587} INFO - Filling up the DagBag from /opt/airflow/dags/php_dag.py
[2025-11-15T19:11:13.624+0000] {processor.py:925} INFO - DAG(s) 'rodar_script_php' retrieved from /opt/airflow/dags/php_dag.py
[2025-11-15T19:11:13.645+0000] {logging_mixin.py:190} INFO - [2025-11-15T19:11:13.645+0000] {dag.py:3229} INFO - Sync 1 DAGs
[2025-11-15T19:11:13.788+0000] {logging_mixin.py:190} INFO - [2025-11-15T19:11:13.788+0000] {dag.py:4156} INFO - Setting next_dagrun for rodar_script_php to 2025-11-15 00:00:00+00:00, run_after=2025-11-16 00:00:00+00:00
[2025-11-15T19:11:13.798+0000] {processor.py:208} INFO - Processing /opt/airflow/dags/php_dag.py took 0.190 seconds
[2025-11-15T19:11:43.941+0000] {processor.py:186} INFO - Started process (PID=269) to work on /opt/airflow/dags/php_dag.py
[2025-11-15T19:11:43.942+0000] {processor.py:914} INFO - Processing file /opt/airflow/dags/php_dag.py for tasks to queue
[2025-11-15T19:11:43.944+0000] {logging_mixin.py:190} INFO - [2025-11-15T19:11:43.944+0000] {dagbag.py:587} INFO - Filling up the DagBag from /opt/airflow/dags/php_dag.py
[2025-11-15T19:11:43.953+0000] {processor.py:925} INFO - DAG(s) 'rodar_script_php' retrieved from /opt/airflow/dags/php_dag.py
[2025-11-15T19:11:43.975+0000] {logging_mixin.py:190} INFO - [2025-11-15T19:11:43.975+0000] {dag.py:3229} INFO - Sync 1 DAGs
[2025-11-15T19:11:43.995+0000] {logging_mixin.py:190} INFO - [2025-11-15T19:11:43.994+0000] {dag.py:4156} INFO - Setting next_dagrun for rodar_script_php to 2025-11-15 00:00:00+00:00, run_after=2025-11-16 00:00:00+00:00
[2025-11-15T19:11:44.009+0000] {processor.py:208} INFO - Processing /opt/airflow/dags/php_dag.py took 0.072 seconds
[2025-11-15T19:12:14.104+0000] {processor.py:186} INFO - Started process (PID=274) to work on /opt/airflow/dags/php_dag.py
[2025-11-15T19:12:14.104+0000] {processor.py:914} INFO - Processing file /opt/airflow/dags/php_dag.py for tasks to queue
[2025-11-15T19:12:14.106+0000] {logging_mixin.py:190} INFO - [2025-11-15T19:12:14.106+0000] {dagbag.py:587} INFO - Filling up the DagBag from /opt/airflow/dags/php_dag.py
[2025-11-15T19:12:14.116+0000] {processor.py:925} INFO - DAG(s) 'rodar_script_php' retrieved from /opt/airflow/dags/php_dag.py
[2025-11-15T19:12:14.138+0000] {logging_mixin.py:190} INFO - [2025-11-15T19:12:14.138+0000] {dag.py:3229} INFO - Sync 1 DAGs
[2025-11-15T19:12:14.157+0000] {logging_mixin.py:190} INFO - [2025-11-15T19:12:14.157+0000] {dag.py:4156} INFO - Setting next_dagrun for rodar_script_php to 2025-11-15 00:00:00+00:00, run_after=2025-11-16 00:00:00+00:00
[2025-11-15T19:12:14.169+0000] {processor.py:208} INFO - Processing /opt/airflow/dags/php_dag.py took 0.070 seconds
[2025-11-15T19:12:44.336+0000] {processor.py:186} INFO - Started process (PID=279) to work on /opt/airflow/dags/php_dag.py
[2025-11-15T19:12:44.337+0000] {processor.py:914} INFO - Processing file /opt/airflow/dags/php_dag.py for tasks to queue
[2025-11-15T19:12:44.339+0000] {logging_mixin.py:190} INFO - [2025-11-15T19:12:44.338+0000] {dagbag.py:587} INFO - Filling up the DagBag from /opt/airflow/dags/php_dag.py
[2025-11-15T19:12:44.350+0000] {processor.py:925} INFO - DAG(s) 'rodar_script_php' retrieved from /opt/airflow/dags/php_dag.py
[2025-11-15T19:12:44.372+0000] {logging_mixin.py:190} INFO - [2025-11-15T19:12:44.371+0000] {dag.py:3229} INFO - Sync 1 DAGs
[2025-11-15T19:12:44.391+0000] {logging_mixin.py:190} INFO - [2025-11-15T19:12:44.391+0000] {dag.py:4156} INFO - Setting next_dagrun for rodar_script_php to 2025-11-15 00:00:00+00:00, run_after=2025-11-16 00:00:00+00:00
[2025-11-15T19:12:44.402+0000] {processor.py:208} INFO - Processing /opt/airflow/dags/php_dag.py took 0.071 seconds
[2025-11-15T19:13:14.517+0000] {processor.py:186} INFO - Started process (PID=284) to work on /opt/airflow/dags/php_dag.py
[2025-11-15T19:13:14.518+0000] {processor.py:914} INFO - Processing file /opt/airflow/dags/php_dag.py for tasks to queue
[2025-11-15T19:13:14.519+0000] {logging_mixin.py:190} INFO - [2025-11-15T19:13:14.519+0000] {dagbag.py:587} INFO - Filling up the DagBag from /opt/airflow/dags/php_dag.py
[2025-11-15T19:13:14.528+0000] {processor.py:925} INFO - DAG(s) 'rodar_script_php' retrieved from /opt/airflow/dags/php_dag.py
[2025-11-15T19:13:14.546+0000] {logging_mixin.py:190} INFO - [2025-11-15T19:13:14.546+0000] {dag.py:3229} INFO - Sync 1 DAGs
[2025-11-15T19:13:14.561+0000] {logging_mixin.py:190} INFO - [2025-11-15T19:13:14.561+0000] {dag.py:4156} INFO - Setting next_dagrun for rodar_script_php to 2025-11-15 00:00:00+00:00, run_after=2025-11-16 00:00:00+00:00
[2025-11-15T19:13:14.696+0000] {processor.py:208} INFO - Processing /opt/airflow/dags/php_dag.py took 0.183 seconds
[2025-11-15T19:13:44.830+0000] {processor.py:186} INFO - Started process (PID=289) to work on /opt/airflow/dags/php_dag.py
[2025-11-15T19:13:44.831+0000] {processor.py:914} INFO - Processing file /opt/airflow/dags/php_dag.py for tasks to queue
[2025-11-15T19:13:44.833+0000] {logging_mixin.py:190} INFO - [2025-11-15T19:13:44.833+0000] {dagbag.py:587} INFO - Filling up the DagBag from /opt/airflow/dags/php_dag.py
[2025-11-15T19:13:44.843+0000] {processor.py:925} INFO - DAG(s) 'rodar_script_php' retrieved from /opt/airflow/dags/php_dag.py
[2025-11-15T19:13:44.861+0000] {logging_mixin.py:190} INFO - [2025-11-15T19:13:44.861+0000] {dag.py:3229} INFO - Sync 1 DAGs
[2025-11-15T19:13:45.002+0000] {logging_mixin.py:190} INFO - [2025-11-15T19:13:45.001+0000] {dag.py:4156} INFO - Setting next_dagrun for rodar_script_php to 2025-11-15 00:00:00+00:00, run_after=2025-11-16 00:00:00+00:00
[2025-11-15T19:13:45.014+0000] {processor.py:208} INFO - Processing /opt/airflow/dags/php_dag.py took 0.188 seconds
[2025-11-15T19:14:15.166+0000] {processor.py:186} INFO - Started process (PID=294) to work on /opt/airflow/dags/php_dag.py
[2025-11-15T19:14:15.167+0000] {processor.py:914} INFO - Processing file /opt/airflow/dags/php_dag.py for tasks to queue
[2025-11-15T19:14:15.168+0000] {logging_mixin.py:190} INFO - [2025-11-15T19:14:15.168+0000] {dagbag.py:587} INFO - Filling up the DagBag from /opt/airflow/dags/php_dag.py
[2025-11-15T19:14:15.178+0000] {processor.py:925} INFO - DAG(s) 'rodar_script_php' retrieved from /opt/airflow/dags/php_dag.py
[2025-11-15T19:14:15.198+0000] {logging_mixin.py:190} INFO - [2025-11-15T19:14:15.198+0000] {dag.py:3229} INFO - Sync 1 DAGs
[2025-11-15T19:14:15.215+0000] {logging_mixin.py:190} INFO - [2025-11-15T19:14:15.215+0000] {dag.py:4156} INFO - Setting next_dagrun for rodar_script_php to 2025-11-15 00:00:00+00:00, run_after=2025-11-16 00:00:00+00:00
[2025-11-15T19:14:15.227+0000] {processor.py:208} INFO - Processing /opt/airflow/dags/php_dag.py took 0.067 seconds
[2025-11-15T19:14:21.198+0000] {processor.py:186} INFO - Started process (PID=299) to work on /opt/airflow/dags/php_dag.py
[2025-11-15T19:14:21.199+0000] {processor.py:914} INFO - Processing file /opt/airflow/dags/php_dag.py for tasks to queue
[2025-11-15T19:14:21.201+0000] {logging_mixin.py:190} INFO - [2025-11-15T19:14:21.201+0000] {dagbag.py:587} INFO - Filling up the DagBag from /opt/airflow/dags/php_dag.py
[2025-11-15T19:14:21.210+0000] {processor.py:925} INFO - DAG(s) 'rodar_script_php' retrieved from /opt/airflow/dags/php_dag.py
[2025-11-15T19:14:21.229+0000] {logging_mixin.py:190} INFO - [2025-11-15T19:14:21.228+0000] {dag.py:3229} INFO - Sync 1 DAGs
[2025-11-15T19:14:21.244+0000] {logging_mixin.py:190} INFO - [2025-11-15T19:14:21.244+0000] {dag.py:4156} INFO - Setting next_dagrun for rodar_script_php to 2025-11-15 00:00:00+00:00, run_after=2025-11-16 00:00:00+00:00
[2025-11-15T19:14:21.256+0000] {processor.py:208} INFO - Processing /opt/airflow/dags/php_dag.py took 0.063 seconds
[2025-11-15T19:15:30.672+0000] {processor.py:186} INFO - Started process (PID=176) to work on /opt/airflow/dags/php_dag.py
[2025-11-15T19:15:30.673+0000] {processor.py:914} INFO - Processing file /opt/airflow/dags/php_dag.py for tasks to queue
[2025-11-15T19:15:30.675+0000] {logging_mixin.py:190} INFO - [2025-11-15T19:15:30.675+0000] {dagbag.py:587} INFO - Filling up the DagBag from /opt/airflow/dags/php_dag.py
[2025-11-15T19:15:30.691+0000] {processor.py:925} INFO - DAG(s) 'rodar_script_php' retrieved from /opt/airflow/dags/php_dag.py
[2025-11-15T19:15:30.719+0000] {logging_mixin.py:190} INFO - [2025-11-15T19:15:30.719+0000] {dag.py:3229} INFO - Sync 1 DAGs
[2025-11-15T19:15:30.739+0000] {logging_mixin.py:190} INFO - [2025-11-15T19:15:30.738+0000] {dag.py:4156} INFO - Setting next_dagrun for rodar_script_php to 2025-11-15 00:00:00+00:00, run_after=2025-11-16 00:00:00+00:00
[2025-11-15T19:15:30.750+0000] {processor.py:208} INFO - Processing /opt/airflow/dags/php_dag.py took 0.083 seconds
[2025-11-15T19:16:00.853+0000] {processor.py:186} INFO - Started process (PID=181) to work on /opt/airflow/dags/php_dag.py
[2025-11-15T19:16:00.853+0000] {processor.py:914} INFO - Processing file /opt/airflow/dags/php_dag.py for tasks to queue
[2025-11-15T19:16:00.856+0000] {logging_mixin.py:190} INFO - [2025-11-15T19:16:00.855+0000] {dagbag.py:587} INFO - Filling up the DagBag from /opt/airflow/dags/php_dag.py
[2025-11-15T19:16:00.867+0000] {processor.py:925} INFO - DAG(s) 'rodar_script_php' retrieved from /opt/airflow/dags/php_dag.py
[2025-11-15T19:16:00.889+0000] {logging_mixin.py:190} INFO - [2025-11-15T19:16:00.889+0000] {dag.py:3229} INFO - Sync 1 DAGs
[2025-11-15T19:16:00.907+0000] {logging_mixin.py:190} INFO - [2025-11-15T19:16:00.907+0000] {dag.py:4156} INFO - Setting next_dagrun for rodar_script_php to 2025-11-15 00:00:00+00:00, run_after=2025-11-16 00:00:00+00:00
[2025-11-15T19:16:00.919+0000] {processor.py:208} INFO - Processing /opt/airflow/dags/php_dag.py took 0.072 seconds
[2025-11-15T19:16:31.060+0000] {processor.py:186} INFO - Started process (PID=189) to work on /opt/airflow/dags/php_dag.py
[2025-11-15T19:16:31.060+0000] {processor.py:914} INFO - Processing file /opt/airflow/dags/php_dag.py for tasks to queue
[2025-11-15T19:16:31.064+0000] {logging_mixin.py:190} INFO - [2025-11-15T19:16:31.064+0000] {dagbag.py:587} INFO - Filling up the DagBag from /opt/airflow/dags/php_dag.py
[2025-11-15T19:16:31.074+0000] {processor.py:925} INFO - DAG(s) 'rodar_script_php' retrieved from /opt/airflow/dags/php_dag.py
[2025-11-15T19:16:31.094+0000] {logging_mixin.py:190} INFO - [2025-11-15T19:16:31.094+0000] {dag.py:3229} INFO - Sync 1 DAGs
[2025-11-15T19:16:31.113+0000] {logging_mixin.py:190} INFO - [2025-11-15T19:16:31.112+0000] {dag.py:4156} INFO - Setting next_dagrun for rodar_script_php to 2025-11-15 00:00:00+00:00, run_after=2025-11-16 00:00:00+00:00
[2025-11-15T19:16:31.125+0000] {processor.py:208} INFO - Processing /opt/airflow/dags/php_dag.py took 0.070 seconds
[2025-11-15T19:17:01.257+0000] {processor.py:186} INFO - Started process (PID=194) to work on /opt/airflow/dags/php_dag.py
[2025-11-15T19:17:01.258+0000] {processor.py:914} INFO - Processing file /opt/airflow/dags/php_dag.py for tasks to queue
[2025-11-15T19:17:01.260+0000] {logging_mixin.py:190} INFO - [2025-11-15T19:17:01.259+0000] {dagbag.py:587} INFO - Filling up the DagBag from /opt/airflow/dags/php_dag.py
[2025-11-15T19:17:01.269+0000] {processor.py:925} INFO - DAG(s) 'rodar_script_php' retrieved from /opt/airflow/dags/php_dag.py
[2025-11-15T19:17:01.288+0000] {logging_mixin.py:190} INFO - [2025-11-15T19:17:01.288+0000] {dag.py:3229} INFO - Sync 1 DAGs
[2025-11-15T19:17:01.305+0000] {logging_mixin.py:190} INFO - [2025-11-15T19:17:01.305+0000] {dag.py:4156} INFO - Setting next_dagrun for rodar_script_php to 2025-11-15 00:00:00+00:00, run_after=2025-11-16 00:00:00+00:00
[2025-11-15T19:17:01.316+0000] {processor.py:208} INFO - Processing /opt/airflow/dags/php_dag.py took 0.064 seconds
[2025-11-15T19:17:31.474+0000] {processor.py:186} INFO - Started process (PID=202) to work on /opt/airflow/dags/php_dag.py
[2025-11-15T19:17:31.475+0000] {processor.py:914} INFO - Processing file /opt/airflow/dags/php_dag.py for tasks to queue
[2025-11-15T19:17:31.476+0000] {logging_mixin.py:190} INFO - [2025-11-15T19:17:31.476+0000] {dagbag.py:587} INFO - Filling up the DagBag from /opt/airflow/dags/php_dag.py
[2025-11-15T19:17:31.486+0000] {processor.py:925} INFO - DAG(s) 'rodar_script_php' retrieved from /opt/airflow/dags/php_dag.py
[2025-11-15T19:17:31.505+0000] {logging_mixin.py:190} INFO - [2025-11-15T19:17:31.505+0000] {dag.py:3229} INFO - Sync 1 DAGs
[2025-11-15T19:17:31.522+0000] {logging_mixin.py:190} INFO - [2025-11-15T19:17:31.522+0000] {dag.py:4156} INFO - Setting next_dagrun for rodar_script_php to 2025-11-15 00:00:00+00:00, run_after=2025-11-16 00:00:00+00:00
[2025-11-15T19:17:31.535+0000] {processor.py:208} INFO - Processing /opt/airflow/dags/php_dag.py took 0.066 seconds
[2025-11-15T19:17:39.532+0000] {processor.py:186} INFO - Started process (PID=207) to work on /opt/airflow/dags/php_dag.py
[2025-11-15T19:17:39.533+0000] {processor.py:914} INFO - Processing file /opt/airflow/dags/php_dag.py for tasks to queue
[2025-11-15T19:17:39.535+0000] {logging_mixin.py:190} INFO - [2025-11-15T19:17:39.535+0000] {dagbag.py:587} INFO - Filling up the DagBag from /opt/airflow/dags/php_dag.py
[2025-11-15T19:17:39.544+0000] {processor.py:925} INFO - DAG(s) 'rodar_script_php' retrieved from /opt/airflow/dags/php_dag.py
[2025-11-15T19:17:39.567+0000] {logging_mixin.py:190} INFO - [2025-11-15T19:17:39.567+0000] {dag.py:3229} INFO - Sync 1 DAGs
[2025-11-15T19:17:39.585+0000] {logging_mixin.py:190} INFO - [2025-11-15T19:17:39.585+0000] {dag.py:4156} INFO - Setting next_dagrun for rodar_script_php to 2025-11-15 00:00:00+00:00, run_after=2025-11-16 00:00:00+00:00
[2025-11-15T19:17:39.597+0000] {processor.py:208} INFO - Processing /opt/airflow/dags/php_dag.py took 0.069 seconds
[2025-11-15T19:18:14.343+0000] {processor.py:186} INFO - Started process (PID=180) to work on /opt/airflow/dags/php_dag.py
[2025-11-15T19:18:14.344+0000] {processor.py:914} INFO - Processing file /opt/airflow/dags/php_dag.py for tasks to queue
[2025-11-15T19:18:14.346+0000] {logging_mixin.py:190} INFO - [2025-11-15T19:18:14.346+0000] {dagbag.py:587} INFO - Filling up the DagBag from /opt/airflow/dags/php_dag.py
[2025-11-15T19:18:14.362+0000] {processor.py:925} INFO - DAG(s) 'rodar_script_php' retrieved from /opt/airflow/dags/php_dag.py
[2025-11-15T19:18:14.387+0000] {logging_mixin.py:190} INFO - [2025-11-15T19:18:14.387+0000] {dag.py:3229} INFO - Sync 1 DAGs
[2025-11-15T19:18:14.405+0000] {logging_mixin.py:190} INFO - [2025-11-15T19:18:14.405+0000] {dag.py:4156} INFO - Setting next_dagrun for rodar_script_php to 2025-11-15 00:00:00+00:00, run_after=2025-11-16 00:00:00+00:00
[2025-11-15T19:18:14.419+0000] {processor.py:208} INFO - Processing /opt/airflow/dags/php_dag.py took 0.080 seconds
[2025-11-15T19:18:42.539+0000] {processor.py:186} INFO - Started process (PID=176) to work on /opt/airflow/dags/php_dag.py
[2025-11-15T19:18:42.541+0000] {processor.py:914} INFO - Processing file /opt/airflow/dags/php_dag.py for tasks to queue
[2025-11-15T19:18:42.544+0000] {logging_mixin.py:190} INFO - [2025-11-15T19:18:42.543+0000] {dagbag.py:587} INFO - Filling up the DagBag from /opt/airflow/dags/php_dag.py
[2025-11-15T19:18:42.562+0000] {processor.py:925} INFO - DAG(s) 'rodar_script_php' retrieved from /opt/airflow/dags/php_dag.py
[2025-11-15T19:18:42.590+0000] {logging_mixin.py:190} INFO - [2025-11-15T19:18:42.590+0000] {dag.py:3229} INFO - Sync 1 DAGs
[2025-11-15T19:18:42.608+0000] {logging_mixin.py:190} INFO - [2025-11-15T19:18:42.608+0000] {dag.py:4156} INFO - Setting next_dagrun for rodar_script_php to 2025-11-15 00:00:00+00:00, run_after=2025-11-16 00:00:00+00:00
[2025-11-15T19:18:42.620+0000] {processor.py:208} INFO - Processing /opt/airflow/dags/php_dag.py took 0.086 seconds
[2025-11-15T19:19:12.733+0000] {processor.py:186} INFO - Started process (PID=181) to work on /opt/airflow/dags/php_dag.py
[2025-11-15T19:19:12.734+0000] {processor.py:914} INFO - Processing file /opt/airflow/dags/php_dag.py for tasks to queue
[2025-11-15T19:19:12.736+0000] {logging_mixin.py:190} INFO - [2025-11-15T19:19:12.736+0000] {dagbag.py:587} INFO - Filling up the DagBag from /opt/airflow/dags/php_dag.py
[2025-11-15T19:19:12.747+0000] {processor.py:925} INFO - DAG(s) 'rodar_script_php' retrieved from /opt/airflow/dags/php_dag.py
[2025-11-15T19:19:12.770+0000] {logging_mixin.py:190} INFO - [2025-11-15T19:19:12.770+0000] {dag.py:3229} INFO - Sync 1 DAGs
[2025-11-15T19:19:12.790+0000] {logging_mixin.py:190} INFO - [2025-11-15T19:19:12.790+0000] {dag.py:4156} INFO - Setting next_dagrun for rodar_script_php to 2025-11-15 00:00:00+00:00, run_after=2025-11-16 00:00:00+00:00
[2025-11-15T19:19:12.803+0000] {processor.py:208} INFO - Processing /opt/airflow/dags/php_dag.py took 0.075 seconds
[2025-11-15T19:19:42.917+0000] {processor.py:186} INFO - Started process (PID=186) to work on /opt/airflow/dags/php_dag.py
[2025-11-15T19:19:42.924+0000] {processor.py:914} INFO - Processing file /opt/airflow/dags/php_dag.py for tasks to queue
[2025-11-15T19:19:42.929+0000] {logging_mixin.py:190} INFO - [2025-11-15T19:19:42.928+0000] {dagbag.py:587} INFO - Filling up the DagBag from /opt/airflow/dags/php_dag.py
[2025-11-15T19:19:42.939+0000] {processor.py:925} INFO - DAG(s) 'rodar_script_php' retrieved from /opt/airflow/dags/php_dag.py
[2025-11-15T19:19:42.960+0000] {logging_mixin.py:190} INFO - [2025-11-15T19:19:42.960+0000] {dag.py:3229} INFO - Sync 1 DAGs
[2025-11-15T19:19:42.979+0000] {logging_mixin.py:190} INFO - [2025-11-15T19:19:42.979+0000] {dag.py:4156} INFO - Setting next_dagrun for rodar_script_php to 2025-11-15 00:00:00+00:00, run_after=2025-11-16 00:00:00+00:00
[2025-11-15T19:19:42.994+0000] {processor.py:208} INFO - Processing /opt/airflow/dags/php_dag.py took 0.082 seconds
[2025-11-15T19:20:13.081+0000] {processor.py:186} INFO - Started process (PID=191) to work on /opt/airflow/dags/php_dag.py
[2025-11-15T19:20:13.088+0000] {processor.py:914} INFO - Processing file /opt/airflow/dags/php_dag.py for tasks to queue
[2025-11-15T19:20:13.090+0000] {logging_mixin.py:190} INFO - [2025-11-15T19:20:13.090+0000] {dagbag.py:587} INFO - Filling up the DagBag from /opt/airflow/dags/php_dag.py
[2025-11-15T19:20:13.099+0000] {processor.py:925} INFO - DAG(s) 'rodar_script_php' retrieved from /opt/airflow/dags/php_dag.py
[2025-11-15T19:20:13.121+0000] {logging_mixin.py:190} INFO - [2025-11-15T19:20:13.121+0000] {dag.py:3229} INFO - Sync 1 DAGs
[2025-11-15T19:20:13.141+0000] {logging_mixin.py:190} INFO - [2025-11-15T19:20:13.141+0000] {dag.py:4156} INFO - Setting next_dagrun for rodar_script_php to 2025-11-15 00:00:00+00:00, run_after=2025-11-16 00:00:00+00:00
[2025-11-15T19:20:13.155+0000] {processor.py:208} INFO - Processing /opt/airflow/dags/php_dag.py took 0.079 seconds
[2025-11-15T19:20:43.271+0000] {processor.py:186} INFO - Started process (PID=196) to work on /opt/airflow/dags/php_dag.py
[2025-11-15T19:20:43.272+0000] {processor.py:914} INFO - Processing file /opt/airflow/dags/php_dag.py for tasks to queue
[2025-11-15T19:20:43.274+0000] {logging_mixin.py:190} INFO - [2025-11-15T19:20:43.274+0000] {dagbag.py:587} INFO - Filling up the DagBag from /opt/airflow/dags/php_dag.py
[2025-11-15T19:20:43.286+0000] {processor.py:925} INFO - DAG(s) 'rodar_script_php' retrieved from /opt/airflow/dags/php_dag.py
[2025-11-15T19:20:43.311+0000] {logging_mixin.py:190} INFO - [2025-11-15T19:20:43.311+0000] {dag.py:3229} INFO - Sync 1 DAGs
[2025-11-15T19:20:43.333+0000] {logging_mixin.py:190} INFO - [2025-11-15T19:20:43.333+0000] {dag.py:4156} INFO - Setting next_dagrun for rodar_script_php to 2025-11-15 00:00:00+00:00, run_after=2025-11-16 00:00:00+00:00
[2025-11-15T19:20:43.349+0000] {processor.py:208} INFO - Processing /opt/airflow/dags/php_dag.py took 0.084 seconds
[2025-11-15T19:21:13.448+0000] {processor.py:186} INFO - Started process (PID=201) to work on /opt/airflow/dags/php_dag.py
[2025-11-15T19:21:13.456+0000] {processor.py:914} INFO - Processing file /opt/airflow/dags/php_dag.py for tasks to queue
[2025-11-15T19:21:13.458+0000] {logging_mixin.py:190} INFO - [2025-11-15T19:21:13.458+0000] {dagbag.py:587} INFO - Filling up the DagBag from /opt/airflow/dags/php_dag.py
[2025-11-15T19:21:13.469+0000] {processor.py:925} INFO - DAG(s) 'rodar_script_php' retrieved from /opt/airflow/dags/php_dag.py
[2025-11-15T19:21:13.492+0000] {logging_mixin.py:190} INFO - [2025-11-15T19:21:13.491+0000] {dag.py:3229} INFO - Sync 1 DAGs
[2025-11-15T19:21:13.515+0000] {logging_mixin.py:190} INFO - [2025-11-15T19:21:13.515+0000] {dag.py:4156} INFO - Setting next_dagrun for rodar_script_php to 2025-11-15 00:00:00+00:00, run_after=2025-11-16 00:00:00+00:00
[2025-11-15T19:21:13.531+0000] {processor.py:208} INFO - Processing /opt/airflow/dags/php_dag.py took 0.088 seconds
[2025-11-15T19:21:43.632+0000] {processor.py:186} INFO - Started process (PID=206) to work on /opt/airflow/dags/php_dag.py
[2025-11-15T19:21:43.633+0000] {processor.py:914} INFO - Processing file /opt/airflow/dags/php_dag.py for tasks to queue
[2025-11-15T19:21:43.634+0000] {logging_mixin.py:190} INFO - [2025-11-15T19:21:43.634+0000] {dagbag.py:587} INFO - Filling up the DagBag from /opt/airflow/dags/php_dag.py
[2025-11-15T19:21:43.644+0000] {processor.py:925} INFO - DAG(s) 'rodar_script_php' retrieved from /opt/airflow/dags/php_dag.py
[2025-11-15T19:21:43.664+0000] {logging_mixin.py:190} INFO - [2025-11-15T19:21:43.664+0000] {dag.py:3229} INFO - Sync 1 DAGs
[2025-11-15T19:21:43.683+0000] {logging_mixin.py:190} INFO - [2025-11-15T19:21:43.683+0000] {dag.py:4156} INFO - Setting next_dagrun for rodar_script_php to 2025-11-15 00:00:00+00:00, run_after=2025-11-16 00:00:00+00:00
[2025-11-15T19:21:43.695+0000] {processor.py:208} INFO - Processing /opt/airflow/dags/php_dag.py took 0.068 seconds
[2025-11-15T19:22:13.804+0000] {processor.py:186} INFO - Started process (PID=211) to work on /opt/airflow/dags/php_dag.py
[2025-11-15T19:22:13.811+0000] {processor.py:914} INFO - Processing file /opt/airflow/dags/php_dag.py for tasks to queue
[2025-11-15T19:22:13.813+0000] {logging_mixin.py:190} INFO - [2025-11-15T19:22:13.813+0000] {dagbag.py:587} INFO - Filling up the DagBag from /opt/airflow/dags/php_dag.py
[2025-11-15T19:22:13.824+0000] {processor.py:925} INFO - DAG(s) 'rodar_script_php' retrieved from /opt/airflow/dags/php_dag.py
[2025-11-15T19:22:13.843+0000] {logging_mixin.py:190} INFO - [2025-11-15T19:22:13.843+0000] {dag.py:3229} INFO - Sync 1 DAGs
[2025-11-15T19:22:13.863+0000] {logging_mixin.py:190} INFO - [2025-11-15T19:22:13.863+0000] {dag.py:4156} INFO - Setting next_dagrun for rodar_script_php to 2025-11-15 00:00:00+00:00, run_after=2025-11-16 00:00:00+00:00
[2025-11-15T19:22:13.877+0000] {processor.py:208} INFO - Processing /opt/airflow/dags/php_dag.py took 0.079 seconds
[2025-11-15T19:22:43.947+0000] {processor.py:186} INFO - Started process (PID=216) to work on /opt/airflow/dags/php_dag.py
[2025-11-15T19:22:43.947+0000] {processor.py:914} INFO - Processing file /opt/airflow/dags/php_dag.py for tasks to queue
[2025-11-15T19:22:43.949+0000] {logging_mixin.py:190} INFO - [2025-11-15T19:22:43.949+0000] {dagbag.py:587} INFO - Filling up the DagBag from /opt/airflow/dags/php_dag.py
[2025-11-15T19:22:43.961+0000] {processor.py:925} INFO - DAG(s) 'rodar_script_php' retrieved from /opt/airflow/dags/php_dag.py
[2025-11-15T19:22:43.983+0000] {logging_mixin.py:190} INFO - [2025-11-15T19:22:43.982+0000] {dag.py:3229} INFO - Sync 1 DAGs
[2025-11-15T19:22:44.002+0000] {logging_mixin.py:190} INFO - [2025-11-15T19:22:44.002+0000] {dag.py:4156} INFO - Setting next_dagrun for rodar_script_php to 2025-11-15 00:00:00+00:00, run_after=2025-11-16 00:00:00+00:00
[2025-11-15T19:22:44.014+0000] {processor.py:208} INFO - Processing /opt/airflow/dags/php_dag.py took 0.072 seconds
[2025-11-15T19:23:14.143+0000] {processor.py:186} INFO - Started process (PID=221) to work on /opt/airflow/dags/php_dag.py
[2025-11-15T19:23:14.150+0000] {processor.py:914} INFO - Processing file /opt/airflow/dags/php_dag.py for tasks to queue
[2025-11-15T19:23:14.152+0000] {logging_mixin.py:190} INFO - [2025-11-15T19:23:14.152+0000] {dagbag.py:587} INFO - Filling up the DagBag from /opt/airflow/dags/php_dag.py
[2025-11-15T19:23:14.162+0000] {processor.py:925} INFO - DAG(s) 'rodar_script_php' retrieved from /opt/airflow/dags/php_dag.py
[2025-11-15T19:23:14.182+0000] {logging_mixin.py:190} INFO - [2025-11-15T19:23:14.182+0000] {dag.py:3229} INFO - Sync 1 DAGs
[2025-11-15T19:23:14.201+0000] {logging_mixin.py:190} INFO - [2025-11-15T19:23:14.201+0000] {dag.py:4156} INFO - Setting next_dagrun for rodar_script_php to 2025-11-15 00:00:00+00:00, run_after=2025-11-16 00:00:00+00:00
[2025-11-15T19:23:14.214+0000] {processor.py:208} INFO - Processing /opt/airflow/dags/php_dag.py took 0.076 seconds
[2025-11-15T19:23:44.291+0000] {processor.py:186} INFO - Started process (PID=226) to work on /opt/airflow/dags/php_dag.py
[2025-11-15T19:23:44.292+0000] {processor.py:914} INFO - Processing file /opt/airflow/dags/php_dag.py for tasks to queue
[2025-11-15T19:23:44.295+0000] {logging_mixin.py:190} INFO - [2025-11-15T19:23:44.294+0000] {dagbag.py:587} INFO - Filling up the DagBag from /opt/airflow/dags/php_dag.py
[2025-11-15T19:23:44.305+0000] {processor.py:925} INFO - DAG(s) 'rodar_script_php' retrieved from /opt/airflow/dags/php_dag.py
[2025-11-15T19:23:44.328+0000] {logging_mixin.py:190} INFO - [2025-11-15T19:23:44.327+0000] {dag.py:3229} INFO - Sync 1 DAGs
[2025-11-15T19:23:44.349+0000] {logging_mixin.py:190} INFO - [2025-11-15T19:23:44.349+0000] {dag.py:4156} INFO - Setting next_dagrun for rodar_script_php to 2025-11-15 00:00:00+00:00, run_after=2025-11-16 00:00:00+00:00
[2025-11-15T19:23:44.518+0000] {processor.py:208} INFO - Processing /opt/airflow/dags/php_dag.py took 0.232 seconds
[2025-11-15T19:24:14.659+0000] {processor.py:186} INFO - Started process (PID=231) to work on /opt/airflow/dags/php_dag.py
[2025-11-15T19:24:14.660+0000] {processor.py:914} INFO - Processing file /opt/airflow/dags/php_dag.py for tasks to queue
[2025-11-15T19:24:14.662+0000] {logging_mixin.py:190} INFO - [2025-11-15T19:24:14.661+0000] {dagbag.py:587} INFO - Filling up the DagBag from /opt/airflow/dags/php_dag.py
[2025-11-15T19:24:14.672+0000] {processor.py:925} INFO - DAG(s) 'rodar_script_php' retrieved from /opt/airflow/dags/php_dag.py
[2025-11-15T19:24:14.695+0000] {logging_mixin.py:190} INFO - [2025-11-15T19:24:14.695+0000] {dag.py:3229} INFO - Sync 1 DAGs
[2025-11-15T19:24:14.868+0000] {logging_mixin.py:190} INFO - [2025-11-15T19:24:14.868+0000] {dag.py:4156} INFO - Setting next_dagrun for rodar_script_php to 2025-11-15 00:00:00+00:00, run_after=2025-11-16 00:00:00+00:00
[2025-11-15T19:24:14.880+0000] {processor.py:208} INFO - Processing /opt/airflow/dags/php_dag.py took 0.226 seconds
[2025-11-15T19:24:45.028+0000] {processor.py:186} INFO - Started process (PID=236) to work on /opt/airflow/dags/php_dag.py
[2025-11-15T19:24:45.035+0000] {processor.py:914} INFO - Processing file /opt/airflow/dags/php_dag.py for tasks to queue
[2025-11-15T19:24:45.037+0000] {logging_mixin.py:190} INFO - [2025-11-15T19:24:45.037+0000] {dagbag.py:587} INFO - Filling up the DagBag from /opt/airflow/dags/php_dag.py
[2025-11-15T19:24:45.049+0000] {processor.py:925} INFO - DAG(s) 'rodar_script_php' retrieved from /opt/airflow/dags/php_dag.py
[2025-11-15T19:24:45.076+0000] {logging_mixin.py:190} INFO - [2025-11-15T19:24:45.075+0000] {dag.py:3229} INFO - Sync 1 DAGs
[2025-11-15T19:24:45.098+0000] {logging_mixin.py:190} INFO - [2025-11-15T19:24:45.098+0000] {dag.py:4156} INFO - Setting next_dagrun for rodar_script_php to 2025-11-15 00:00:00+00:00, run_after=2025-11-16 00:00:00+00:00
[2025-11-15T19:24:45.117+0000] {processor.py:208} INFO - Processing /opt/airflow/dags/php_dag.py took 0.095 seconds
[2025-11-15T19:25:15.182+0000] {processor.py:186} INFO - Started process (PID=241) to work on /opt/airflow/dags/php_dag.py
[2025-11-15T19:25:15.183+0000] {processor.py:914} INFO - Processing file /opt/airflow/dags/php_dag.py for tasks to queue
[2025-11-15T19:25:15.185+0000] {logging_mixin.py:190} INFO - [2025-11-15T19:25:15.185+0000] {dagbag.py:587} INFO - Filling up the DagBag from /opt/airflow/dags/php_dag.py
[2025-11-15T19:25:15.195+0000] {processor.py:925} INFO - DAG(s) 'rodar_script_php' retrieved from /opt/airflow/dags/php_dag.py
[2025-11-15T19:25:15.216+0000] {logging_mixin.py:190} INFO - [2025-11-15T19:25:15.215+0000] {dag.py:3229} INFO - Sync 1 DAGs
[2025-11-15T19:25:15.234+0000] {logging_mixin.py:190} INFO - [2025-11-15T19:25:15.234+0000] {dag.py:4156} INFO - Setting next_dagrun for rodar_script_php to 2025-11-15 00:00:00+00:00, run_after=2025-11-16 00:00:00+00:00
[2025-11-15T19:25:15.247+0000] {processor.py:208} INFO - Processing /opt/airflow/dags/php_dag.py took 0.070 seconds
[2025-11-15T19:25:45.340+0000] {processor.py:186} INFO - Started process (PID=249) to work on /opt/airflow/dags/php_dag.py
[2025-11-15T19:25:45.341+0000] {processor.py:914} INFO - Processing file /opt/airflow/dags/php_dag.py for tasks to queue
[2025-11-15T19:25:45.343+0000] {logging_mixin.py:190} INFO - [2025-11-15T19:25:45.343+0000] {dagbag.py:587} INFO - Filling up the DagBag from /opt/airflow/dags/php_dag.py
[2025-11-15T19:25:45.353+0000] {processor.py:925} INFO - DAG(s) 'rodar_script_php' retrieved from /opt/airflow/dags/php_dag.py
[2025-11-15T19:25:45.379+0000] {logging_mixin.py:190} INFO - [2025-11-15T19:25:45.379+0000] {dag.py:3229} INFO - Sync 1 DAGs
[2025-11-15T19:25:45.402+0000] {logging_mixin.py:190} INFO - [2025-11-15T19:25:45.402+0000] {dag.py:4156} INFO - Setting next_dagrun for rodar_script_php to 2025-11-15 00:00:00+00:00, run_after=2025-11-16 00:00:00+00:00
[2025-11-15T19:25:45.417+0000] {processor.py:208} INFO - Processing /opt/airflow/dags/php_dag.py took 0.082 seconds
[2025-11-15T19:26:15.544+0000] {processor.py:186} INFO - Started process (PID=254) to work on /opt/airflow/dags/php_dag.py
[2025-11-15T19:26:15.551+0000] {processor.py:914} INFO - Processing file /opt/airflow/dags/php_dag.py for tasks to queue
[2025-11-15T19:26:15.553+0000] {logging_mixin.py:190} INFO - [2025-11-15T19:26:15.553+0000] {dagbag.py:587} INFO - Filling up the DagBag from /opt/airflow/dags/php_dag.py
[2025-11-15T19:26:15.563+0000] {processor.py:925} INFO - DAG(s) 'rodar_script_php' retrieved from /opt/airflow/dags/php_dag.py
[2025-11-15T19:26:15.584+0000] {logging_mixin.py:190} INFO - [2025-11-15T19:26:15.583+0000] {dag.py:3229} INFO - Sync 1 DAGs
[2025-11-15T19:26:15.603+0000] {logging_mixin.py:190} INFO - [2025-11-15T19:26:15.603+0000] {dag.py:4156} INFO - Setting next_dagrun for rodar_script_php to 2025-11-15 00:00:00+00:00, run_after=2025-11-16 00:00:00+00:00
[2025-11-15T19:26:15.617+0000] {processor.py:208} INFO - Processing /opt/airflow/dags/php_dag.py took 0.077 seconds
[2025-11-15T19:26:45.708+0000] {processor.py:186} INFO - Started process (PID=259) to work on /opt/airflow/dags/php_dag.py
[2025-11-15T19:26:45.715+0000] {processor.py:914} INFO - Processing file /opt/airflow/dags/php_dag.py for tasks to queue
[2025-11-15T19:26:45.717+0000] {logging_mixin.py:190} INFO - [2025-11-15T19:26:45.717+0000] {dagbag.py:587} INFO - Filling up the DagBag from /opt/airflow/dags/php_dag.py
[2025-11-15T19:26:45.727+0000] {processor.py:925} INFO - DAG(s) 'rodar_script_php' retrieved from /opt/airflow/dags/php_dag.py
[2025-11-15T19:26:45.749+0000] {logging_mixin.py:190} INFO - [2025-11-15T19:26:45.749+0000] {dag.py:3229} INFO - Sync 1 DAGs
[2025-11-15T19:26:45.915+0000] {logging_mixin.py:190} INFO - [2025-11-15T19:26:45.914+0000] {dag.py:4156} INFO - Setting next_dagrun for rodar_script_php to 2025-11-15 00:00:00+00:00, run_after=2025-11-16 00:00:00+00:00
[2025-11-15T19:26:45.927+0000] {processor.py:208} INFO - Processing /opt/airflow/dags/php_dag.py took 0.223 seconds
[2025-11-15T19:27:16.073+0000] {processor.py:186} INFO - Started process (PID=264) to work on /opt/airflow/dags/php_dag.py
[2025-11-15T19:27:16.075+0000] {processor.py:914} INFO - Processing file /opt/airflow/dags/php_dag.py for tasks to queue
[2025-11-15T19:27:16.077+0000] {logging_mixin.py:190} INFO - [2025-11-15T19:27:16.077+0000] {dagbag.py:587} INFO - Filling up the DagBag from /opt/airflow/dags/php_dag.py
[2025-11-15T19:27:16.092+0000] {processor.py:925} INFO - DAG(s) 'rodar_script_php' retrieved from /opt/airflow/dags/php_dag.py
[2025-11-15T19:27:16.114+0000] {logging_mixin.py:190} INFO - [2025-11-15T19:27:16.114+0000] {dag.py:3229} INFO - Sync 1 DAGs
[2025-11-15T19:27:16.281+0000] {logging_mixin.py:190} INFO - [2025-11-15T19:27:16.281+0000] {dag.py:4156} INFO - Setting next_dagrun for rodar_script_php to 2025-11-15 00:00:00+00:00, run_after=2025-11-16 00:00:00+00:00
[2025-11-15T19:27:16.295+0000] {processor.py:208} INFO - Processing /opt/airflow/dags/php_dag.py took 0.226 seconds
[2025-11-15T19:27:46.457+0000] {processor.py:186} INFO - Started process (PID=269) to work on /opt/airflow/dags/php_dag.py
[2025-11-15T19:27:46.458+0000] {processor.py:914} INFO - Processing file /opt/airflow/dags/php_dag.py for tasks to queue
[2025-11-15T19:27:46.461+0000] {logging_mixin.py:190} INFO - [2025-11-15T19:27:46.461+0000] {dagbag.py:587} INFO - Filling up the DagBag from /opt/airflow/dags/php_dag.py
[2025-11-15T19:27:46.471+0000] {processor.py:925} INFO - DAG(s) 'rodar_script_php' retrieved from /opt/airflow/dags/php_dag.py
[2025-11-15T19:27:46.498+0000] {logging_mixin.py:190} INFO - [2025-11-15T19:27:46.497+0000] {dag.py:3229} INFO - Sync 1 DAGs
[2025-11-15T19:27:46.520+0000] {logging_mixin.py:190} INFO - [2025-11-15T19:27:46.520+0000] {dag.py:4156} INFO - Setting next_dagrun for rodar_script_php to 2025-11-15 00:00:00+00:00, run_after=2025-11-16 00:00:00+00:00
[2025-11-15T19:27:46.536+0000] {processor.py:208} INFO - Processing /opt/airflow/dags/php_dag.py took 0.083 seconds
[2025-11-15T19:28:16.608+0000] {processor.py:186} INFO - Started process (PID=274) to work on /opt/airflow/dags/php_dag.py
[2025-11-15T19:28:16.609+0000] {processor.py:914} INFO - Processing file /opt/airflow/dags/php_dag.py for tasks to queue
[2025-11-15T19:28:16.612+0000] {logging_mixin.py:190} INFO - [2025-11-15T19:28:16.612+0000] {dagbag.py:587} INFO - Filling up the DagBag from /opt/airflow/dags/php_dag.py
[2025-11-15T19:28:16.623+0000] {processor.py:925} INFO - DAG(s) 'rodar_script_php' retrieved from /opt/airflow/dags/php_dag.py
[2025-11-15T19:28:16.644+0000] {logging_mixin.py:190} INFO - [2025-11-15T19:28:16.644+0000] {dag.py:3229} INFO - Sync 1 DAGs
[2025-11-15T19:28:16.664+0000] {logging_mixin.py:190} INFO - [2025-11-15T19:28:16.663+0000] {dag.py:4156} INFO - Setting next_dagrun for rodar_script_php to 2025-11-15 00:00:00+00:00, run_after=2025-11-16 00:00:00+00:00
[2025-11-15T19:28:16.676+0000] {processor.py:208} INFO - Processing /opt/airflow/dags/php_dag.py took 0.073 seconds
[2025-11-15T19:28:46.861+0000] {processor.py:186} INFO - Started process (PID=279) to work on /opt/airflow/dags/php_dag.py
[2025-11-15T19:28:46.862+0000] {processor.py:914} INFO - Processing file /opt/airflow/dags/php_dag.py for tasks to queue
[2025-11-15T19:28:46.863+0000] {logging_mixin.py:190} INFO - [2025-11-15T19:28:46.863+0000] {dagbag.py:587} INFO - Filling up the DagBag from /opt/airflow/dags/php_dag.py
[2025-11-15T19:28:46.876+0000] {processor.py:925} INFO - DAG(s) 'rodar_script_php' retrieved from /opt/airflow/dags/php_dag.py
[2025-11-15T19:28:46.898+0000] {logging_mixin.py:190} INFO - [2025-11-15T19:28:46.898+0000] {dag.py:3229} INFO - Sync 1 DAGs
[2025-11-15T19:28:46.915+0000] {logging_mixin.py:190} INFO - [2025-11-15T19:28:46.915+0000] {dag.py:4156} INFO - Setting next_dagrun for rodar_script_php to 2025-11-15 00:00:00+00:00, run_after=2025-11-16 00:00:00+00:00
[2025-11-15T19:28:46.927+0000] {processor.py:208} INFO - Processing /opt/airflow/dags/php_dag.py took 0.071 seconds
[2025-11-15T19:29:17.032+0000] {processor.py:186} INFO - Started process (PID=287) to work on /opt/airflow/dags/php_dag.py
[2025-11-15T19:29:17.033+0000] {processor.py:914} INFO - Processing file /opt/airflow/dags/php_dag.py for tasks to queue
[2025-11-15T19:29:17.035+0000] {logging_mixin.py:190} INFO - [2025-11-15T19:29:17.034+0000] {dagbag.py:587} INFO - Filling up the DagBag from /opt/airflow/dags/php_dag.py
[2025-11-15T19:29:17.044+0000] {processor.py:925} INFO - DAG(s) 'rodar_script_php' retrieved from /opt/airflow/dags/php_dag.py
[2025-11-15T19:29:17.063+0000] {logging_mixin.py:190} INFO - [2025-11-15T19:29:17.063+0000] {dag.py:3229} INFO - Sync 1 DAGs
[2025-11-15T19:29:17.083+0000] {logging_mixin.py:190} INFO - [2025-11-15T19:29:17.083+0000] {dag.py:4156} INFO - Setting next_dagrun for rodar_script_php to 2025-11-15 00:00:00+00:00, run_after=2025-11-16 00:00:00+00:00
[2025-11-15T19:29:17.231+0000] {processor.py:208} INFO - Processing /opt/airflow/dags/php_dag.py took 0.203 seconds
[2025-11-15T19:29:47.403+0000] {processor.py:186} INFO - Started process (PID=292) to work on /opt/airflow/dags/php_dag.py
[2025-11-15T19:29:47.404+0000] {processor.py:914} INFO - Processing file /opt/airflow/dags/php_dag.py for tasks to queue
[2025-11-15T19:29:47.405+0000] {logging_mixin.py:190} INFO - [2025-11-15T19:29:47.405+0000] {dagbag.py:587} INFO - Filling up the DagBag from /opt/airflow/dags/php_dag.py
[2025-11-15T19:29:47.415+0000] {processor.py:925} INFO - DAG(s) 'rodar_script_php' retrieved from /opt/airflow/dags/php_dag.py
[2025-11-15T19:29:47.435+0000] {logging_mixin.py:190} INFO - [2025-11-15T19:29:47.435+0000] {dag.py:3229} INFO - Sync 1 DAGs
[2025-11-15T19:29:47.609+0000] {logging_mixin.py:190} INFO - [2025-11-15T19:29:47.608+0000] {dag.py:4156} INFO - Setting next_dagrun for rodar_script_php to 2025-11-15 00:00:00+00:00, run_after=2025-11-16 00:00:00+00:00
[2025-11-15T19:29:47.621+0000] {processor.py:208} INFO - Processing /opt/airflow/dags/php_dag.py took 0.224 seconds
[2025-11-15T19:30:17.801+0000] {processor.py:186} INFO - Started process (PID=297) to work on /opt/airflow/dags/php_dag.py
[2025-11-15T19:30:17.802+0000] {processor.py:914} INFO - Processing file /opt/airflow/dags/php_dag.py for tasks to queue
[2025-11-15T19:30:17.804+0000] {logging_mixin.py:190} INFO - [2025-11-15T19:30:17.803+0000] {dagbag.py:587} INFO - Filling up the DagBag from /opt/airflow/dags/php_dag.py
[2025-11-15T19:30:17.813+0000] {processor.py:925} INFO - DAG(s) 'rodar_script_php' retrieved from /opt/airflow/dags/php_dag.py
[2025-11-15T19:30:17.832+0000] {logging_mixin.py:190} INFO - [2025-11-15T19:30:17.832+0000] {dag.py:3229} INFO - Sync 1 DAGs
[2025-11-15T19:30:17.991+0000] {logging_mixin.py:190} INFO - [2025-11-15T19:30:17.990+0000] {dag.py:4156} INFO - Setting next_dagrun for rodar_script_php to 2025-11-15 00:00:00+00:00, run_after=2025-11-16 00:00:00+00:00
[2025-11-15T19:30:18.002+0000] {processor.py:208} INFO - Processing /opt/airflow/dags/php_dag.py took 0.206 seconds
[2025-11-15T19:30:48.155+0000] {processor.py:186} INFO - Started process (PID=302) to work on /opt/airflow/dags/php_dag.py
[2025-11-15T19:30:48.156+0000] {processor.py:914} INFO - Processing file /opt/airflow/dags/php_dag.py for tasks to queue
[2025-11-15T19:30:48.158+0000] {logging_mixin.py:190} INFO - [2025-11-15T19:30:48.158+0000] {dagbag.py:587} INFO - Filling up the DagBag from /opt/airflow/dags/php_dag.py
[2025-11-15T19:30:48.167+0000] {processor.py:925} INFO - DAG(s) 'rodar_script_php' retrieved from /opt/airflow/dags/php_dag.py
[2025-11-15T19:30:48.187+0000] {logging_mixin.py:190} INFO - [2025-11-15T19:30:48.187+0000] {dag.py:3229} INFO - Sync 1 DAGs
[2025-11-15T19:30:48.208+0000] {logging_mixin.py:190} INFO - [2025-11-15T19:30:48.208+0000] {dag.py:4156} INFO - Setting next_dagrun for rodar_script_php to 2025-11-15 00:00:00+00:00, run_after=2025-11-16 00:00:00+00:00
[2025-11-15T19:30:48.219+0000] {processor.py:208} INFO - Processing /opt/airflow/dags/php_dag.py took 0.068 seconds
[2025-11-15T19:31:18.339+0000] {processor.py:186} INFO - Started process (PID=307) to work on /opt/airflow/dags/php_dag.py
[2025-11-15T19:31:18.340+0000] {processor.py:914} INFO - Processing file /opt/airflow/dags/php_dag.py for tasks to queue
[2025-11-15T19:31:18.342+0000] {logging_mixin.py:190} INFO - [2025-11-15T19:31:18.342+0000] {dagbag.py:587} INFO - Filling up the DagBag from /opt/airflow/dags/php_dag.py
[2025-11-15T19:31:18.351+0000] {processor.py:925} INFO - DAG(s) 'rodar_script_php' retrieved from /opt/airflow/dags/php_dag.py
[2025-11-15T19:31:18.370+0000] {logging_mixin.py:190} INFO - [2025-11-15T19:31:18.369+0000] {dag.py:3229} INFO - Sync 1 DAGs
[2025-11-15T19:31:18.388+0000] {logging_mixin.py:190} INFO - [2025-11-15T19:31:18.388+0000] {dag.py:4156} INFO - Setting next_dagrun for rodar_script_php to 2025-11-15 00:00:00+00:00, run_after=2025-11-16 00:00:00+00:00
[2025-11-15T19:31:18.401+0000] {processor.py:208} INFO - Processing /opt/airflow/dags/php_dag.py took 0.067 seconds
[2025-11-15T19:31:48.559+0000] {processor.py:186} INFO - Started process (PID=312) to work on /opt/airflow/dags/php_dag.py
[2025-11-15T19:31:48.559+0000] {processor.py:914} INFO - Processing file /opt/airflow/dags/php_dag.py for tasks to queue
[2025-11-15T19:31:48.561+0000] {logging_mixin.py:190} INFO - [2025-11-15T19:31:48.561+0000] {dagbag.py:587} INFO - Filling up the DagBag from /opt/airflow/dags/php_dag.py
[2025-11-15T19:31:48.570+0000] {processor.py:925} INFO - DAG(s) 'rodar_script_php' retrieved from /opt/airflow/dags/php_dag.py
[2025-11-15T19:31:48.588+0000] {logging_mixin.py:190} INFO - [2025-11-15T19:31:48.587+0000] {dag.py:3229} INFO - Sync 1 DAGs
[2025-11-15T19:31:48.605+0000] {logging_mixin.py:190} INFO - [2025-11-15T19:31:48.605+0000] {dag.py:4156} INFO - Setting next_dagrun for rodar_script_php to 2025-11-15 00:00:00+00:00, run_after=2025-11-16 00:00:00+00:00
[2025-11-15T19:31:48.617+0000] {processor.py:208} INFO - Processing /opt/airflow/dags/php_dag.py took 0.064 seconds
[2025-11-15T19:32:18.745+0000] {processor.py:186} INFO - Started process (PID=317) to work on /opt/airflow/dags/php_dag.py
[2025-11-15T19:32:18.746+0000] {processor.py:914} INFO - Processing file /opt/airflow/dags/php_dag.py for tasks to queue
[2025-11-15T19:32:18.748+0000] {logging_mixin.py:190} INFO - [2025-11-15T19:32:18.748+0000] {dagbag.py:587} INFO - Filling up the DagBag from /opt/airflow/dags/php_dag.py
[2025-11-15T19:32:18.757+0000] {processor.py:925} INFO - DAG(s) 'rodar_script_php' retrieved from /opt/airflow/dags/php_dag.py
[2025-11-15T19:32:18.775+0000] {logging_mixin.py:190} INFO - [2025-11-15T19:32:18.775+0000] {dag.py:3229} INFO - Sync 1 DAGs
[2025-11-15T19:32:18.796+0000] {logging_mixin.py:190} INFO - [2025-11-15T19:32:18.796+0000] {dag.py:4156} INFO - Setting next_dagrun for rodar_script_php to 2025-11-15 00:00:00+00:00, run_after=2025-11-16 00:00:00+00:00
[2025-11-15T19:32:18.940+0000] {processor.py:208} INFO - Processing /opt/airflow/dags/php_dag.py took 0.200 seconds
[2025-11-15T19:32:49.134+0000] {processor.py:186} INFO - Started process (PID=322) to work on /opt/airflow/dags/php_dag.py
[2025-11-15T19:32:49.135+0000] {processor.py:914} INFO - Processing file /opt/airflow/dags/php_dag.py for tasks to queue
[2025-11-15T19:32:49.136+0000] {logging_mixin.py:190} INFO - [2025-11-15T19:32:49.136+0000] {dagbag.py:587} INFO - Filling up the DagBag from /opt/airflow/dags/php_dag.py
[2025-11-15T19:32:49.145+0000] {processor.py:925} INFO - DAG(s) 'rodar_script_php' retrieved from /opt/airflow/dags/php_dag.py
[2025-11-15T19:32:49.166+0000] {logging_mixin.py:190} INFO - [2025-11-15T19:32:49.166+0000] {dag.py:3229} INFO - Sync 1 DAGs
[2025-11-15T19:32:49.327+0000] {logging_mixin.py:190} INFO - [2025-11-15T19:32:49.327+0000] {dag.py:4156} INFO - Setting next_dagrun for rodar_script_php to 2025-11-15 00:00:00+00:00, run_after=2025-11-16 00:00:00+00:00
[2025-11-15T19:32:49.339+0000] {processor.py:208} INFO - Processing /opt/airflow/dags/php_dag.py took 0.211 seconds
[2025-11-15T19:33:19.502+0000] {processor.py:186} INFO - Started process (PID=327) to work on /opt/airflow/dags/php_dag.py
[2025-11-15T19:33:19.503+0000] {processor.py:914} INFO - Processing file /opt/airflow/dags/php_dag.py for tasks to queue
[2025-11-15T19:33:19.505+0000] {logging_mixin.py:190} INFO - [2025-11-15T19:33:19.504+0000] {dagbag.py:587} INFO - Filling up the DagBag from /opt/airflow/dags/php_dag.py
[2025-11-15T19:33:19.513+0000] {processor.py:925} INFO - DAG(s) 'rodar_script_php' retrieved from /opt/airflow/dags/php_dag.py
[2025-11-15T19:33:19.532+0000] {logging_mixin.py:190} INFO - [2025-11-15T19:33:19.531+0000] {dag.py:3229} INFO - Sync 1 DAGs
[2025-11-15T19:33:19.548+0000] {logging_mixin.py:190} INFO - [2025-11-15T19:33:19.548+0000] {dag.py:4156} INFO - Setting next_dagrun for rodar_script_php to 2025-11-15 00:00:00+00:00, run_after=2025-11-16 00:00:00+00:00
[2025-11-15T19:33:19.560+0000] {processor.py:208} INFO - Processing /opt/airflow/dags/php_dag.py took 0.063 seconds
[2025-11-15T19:33:49.707+0000] {processor.py:186} INFO - Started process (PID=332) to work on /opt/airflow/dags/php_dag.py
[2025-11-15T19:33:49.707+0000] {processor.py:914} INFO - Processing file /opt/airflow/dags/php_dag.py for tasks to queue
[2025-11-15T19:33:49.709+0000] {logging_mixin.py:190} INFO - [2025-11-15T19:33:49.709+0000] {dagbag.py:587} INFO - Filling up the DagBag from /opt/airflow/dags/php_dag.py
[2025-11-15T19:33:49.718+0000] {processor.py:925} INFO - DAG(s) 'rodar_script_php' retrieved from /opt/airflow/dags/php_dag.py
[2025-11-15T19:33:49.737+0000] {logging_mixin.py:190} INFO - [2025-11-15T19:33:49.737+0000] {dag.py:3229} INFO - Sync 1 DAGs
[2025-11-15T19:33:49.753+0000] {logging_mixin.py:190} INFO - [2025-11-15T19:33:49.753+0000] {dag.py:4156} INFO - Setting next_dagrun for rodar_script_php to 2025-11-15 00:00:00+00:00, run_after=2025-11-16 00:00:00+00:00
[2025-11-15T19:33:49.764+0000] {processor.py:208} INFO - Processing /opt/airflow/dags/php_dag.py took 0.062 seconds
[2025-11-15T19:34:19.890+0000] {processor.py:186} INFO - Started process (PID=337) to work on /opt/airflow/dags/php_dag.py
[2025-11-15T19:34:19.891+0000] {processor.py:914} INFO - Processing file /opt/airflow/dags/php_dag.py for tasks to queue
[2025-11-15T19:34:19.893+0000] {logging_mixin.py:190} INFO - [2025-11-15T19:34:19.893+0000] {dagbag.py:587} INFO - Filling up the DagBag from /opt/airflow/dags/php_dag.py
[2025-11-15T19:34:19.902+0000] {processor.py:925} INFO - DAG(s) 'rodar_script_php' retrieved from /opt/airflow/dags/php_dag.py
[2025-11-15T19:34:19.921+0000] {logging_mixin.py:190} INFO - [2025-11-15T19:34:19.921+0000] {dag.py:3229} INFO - Sync 1 DAGs
[2025-11-15T19:34:19.941+0000] {logging_mixin.py:190} INFO - [2025-11-15T19:34:19.940+0000] {dag.py:4156} INFO - Setting next_dagrun for rodar_script_php to 2025-11-15 00:00:00+00:00, run_after=2025-11-16 00:00:00+00:00
[2025-11-15T19:34:19.953+0000] {processor.py:208} INFO - Processing /opt/airflow/dags/php_dag.py took 0.067 seconds
[2025-11-15T19:34:50.046+0000] {processor.py:186} INFO - Started process (PID=342) to work on /opt/airflow/dags/php_dag.py
[2025-11-15T19:34:50.047+0000] {processor.py:914} INFO - Processing file /opt/airflow/dags/php_dag.py for tasks to queue
[2025-11-15T19:34:50.048+0000] {logging_mixin.py:190} INFO - [2025-11-15T19:34:50.048+0000] {dagbag.py:587} INFO - Filling up the DagBag from /opt/airflow/dags/php_dag.py
[2025-11-15T19:34:50.061+0000] {processor.py:925} INFO - DAG(s) 'rodar_script_php' retrieved from /opt/airflow/dags/php_dag.py
[2025-11-15T19:34:50.082+0000] {logging_mixin.py:190} INFO - [2025-11-15T19:34:50.081+0000] {dag.py:3229} INFO - Sync 1 DAGs
[2025-11-15T19:34:50.099+0000] {logging_mixin.py:190} INFO - [2025-11-15T19:34:50.099+0000] {dag.py:4156} INFO - Setting next_dagrun for rodar_script_php to 2025-11-15 00:00:00+00:00, run_after=2025-11-16 00:00:00+00:00
[2025-11-15T19:34:50.111+0000] {processor.py:208} INFO - Processing /opt/airflow/dags/php_dag.py took 0.070 seconds
[2025-11-15T19:35:20.244+0000] {processor.py:186} INFO - Started process (PID=347) to work on /opt/airflow/dags/php_dag.py
[2025-11-15T19:35:20.245+0000] {processor.py:914} INFO - Processing file /opt/airflow/dags/php_dag.py for tasks to queue
[2025-11-15T19:35:20.247+0000] {logging_mixin.py:190} INFO - [2025-11-15T19:35:20.246+0000] {dagbag.py:587} INFO - Filling up the DagBag from /opt/airflow/dags/php_dag.py
[2025-11-15T19:35:20.255+0000] {processor.py:925} INFO - DAG(s) 'rodar_script_php' retrieved from /opt/airflow/dags/php_dag.py
[2025-11-15T19:35:20.275+0000] {logging_mixin.py:190} INFO - [2025-11-15T19:35:20.275+0000] {dag.py:3229} INFO - Sync 1 DAGs
[2025-11-15T19:35:20.430+0000] {logging_mixin.py:190} INFO - [2025-11-15T19:35:20.430+0000] {dag.py:4156} INFO - Setting next_dagrun for rodar_script_php to 2025-11-15 00:00:00+00:00, run_after=2025-11-16 00:00:00+00:00
[2025-11-15T19:35:20.441+0000] {processor.py:208} INFO - Processing /opt/airflow/dags/php_dag.py took 0.201 seconds
[2025-11-15T19:35:50.612+0000] {processor.py:186} INFO - Started process (PID=352) to work on /opt/airflow/dags/php_dag.py
[2025-11-15T19:35:50.620+0000] {processor.py:914} INFO - Processing file /opt/airflow/dags/php_dag.py for tasks to queue
[2025-11-15T19:35:50.622+0000] {logging_mixin.py:190} INFO - [2025-11-15T19:35:50.621+0000] {dagbag.py:587} INFO - Filling up the DagBag from /opt/airflow/dags/php_dag.py
[2025-11-15T19:35:50.630+0000] {processor.py:925} INFO - DAG(s) 'rodar_script_php' retrieved from /opt/airflow/dags/php_dag.py
[2025-11-15T19:35:50.651+0000] {logging_mixin.py:190} INFO - [2025-11-15T19:35:50.651+0000] {dag.py:3229} INFO - Sync 1 DAGs
[2025-11-15T19:35:50.796+0000] {logging_mixin.py:190} INFO - [2025-11-15T19:35:50.796+0000] {dag.py:4156} INFO - Setting next_dagrun for rodar_script_php to 2025-11-15 00:00:00+00:00, run_after=2025-11-16 00:00:00+00:00
[2025-11-15T19:35:50.807+0000] {processor.py:208} INFO - Processing /opt/airflow/dags/php_dag.py took 0.199 seconds
[2025-11-15T19:36:21.016+0000] {processor.py:186} INFO - Started process (PID=357) to work on /opt/airflow/dags/php_dag.py
[2025-11-15T19:36:21.023+0000] {processor.py:914} INFO - Processing file /opt/airflow/dags/php_dag.py for tasks to queue
[2025-11-15T19:36:21.025+0000] {logging_mixin.py:190} INFO - [2025-11-15T19:36:21.025+0000] {dagbag.py:587} INFO - Filling up the DagBag from /opt/airflow/dags/php_dag.py
[2025-11-15T19:36:21.033+0000] {processor.py:925} INFO - DAG(s) 'rodar_script_php' retrieved from /opt/airflow/dags/php_dag.py
[2025-11-15T19:36:21.051+0000] {logging_mixin.py:190} INFO - [2025-11-15T19:36:21.051+0000] {dag.py:3229} INFO - Sync 1 DAGs
[2025-11-15T19:36:21.069+0000] {logging_mixin.py:190} INFO - [2025-11-15T19:36:21.068+0000] {dag.py:4156} INFO - Setting next_dagrun for rodar_script_php to 2025-11-15 00:00:00+00:00, run_after=2025-11-16 00:00:00+00:00
[2025-11-15T19:36:21.080+0000] {processor.py:208} INFO - Processing /opt/airflow/dags/php_dag.py took 0.069 seconds
[2025-11-15T19:36:51.219+0000] {processor.py:186} INFO - Started process (PID=362) to work on /opt/airflow/dags/php_dag.py
[2025-11-15T19:36:51.220+0000] {processor.py:914} INFO - Processing file /opt/airflow/dags/php_dag.py for tasks to queue
[2025-11-15T19:36:51.222+0000] {logging_mixin.py:190} INFO - [2025-11-15T19:36:51.222+0000] {dagbag.py:587} INFO - Filling up the DagBag from /opt/airflow/dags/php_dag.py
[2025-11-15T19:36:51.231+0000] {processor.py:925} INFO - DAG(s) 'rodar_script_php' retrieved from /opt/airflow/dags/php_dag.py
[2025-11-15T19:36:51.248+0000] {logging_mixin.py:190} INFO - [2025-11-15T19:36:51.248+0000] {dag.py:3229} INFO - Sync 1 DAGs
[2025-11-15T19:36:51.266+0000] {logging_mixin.py:190} INFO - [2025-11-15T19:36:51.266+0000] {dag.py:4156} INFO - Setting next_dagrun for rodar_script_php to 2025-11-15 00:00:00+00:00, run_after=2025-11-16 00:00:00+00:00
[2025-11-15T19:36:51.278+0000] {processor.py:208} INFO - Processing /opt/airflow/dags/php_dag.py took 0.064 seconds
[2025-11-15T19:37:21.449+0000] {processor.py:186} INFO - Started process (PID=367) to work on /opt/airflow/dags/php_dag.py
[2025-11-15T19:37:21.456+0000] {processor.py:914} INFO - Processing file /opt/airflow/dags/php_dag.py for tasks to queue
[2025-11-15T19:37:21.458+0000] {logging_mixin.py:190} INFO - [2025-11-15T19:37:21.458+0000] {dagbag.py:587} INFO - Filling up the DagBag from /opt/airflow/dags/php_dag.py
[2025-11-15T19:37:21.467+0000] {processor.py:925} INFO - DAG(s) 'rodar_script_php' retrieved from /opt/airflow/dags/php_dag.py
[2025-11-15T19:37:21.489+0000] {logging_mixin.py:190} INFO - [2025-11-15T19:37:21.489+0000] {dag.py:3229} INFO - Sync 1 DAGs
[2025-11-15T19:37:21.509+0000] {logging_mixin.py:190} INFO - [2025-11-15T19:37:21.509+0000] {dag.py:4156} INFO - Setting next_dagrun for rodar_script_php to 2025-11-15 00:00:00+00:00, run_after=2025-11-16 00:00:00+00:00
[2025-11-15T19:37:21.523+0000] {processor.py:208} INFO - Processing /opt/airflow/dags/php_dag.py took 0.080 seconds
[2025-11-15T19:37:51.625+0000] {processor.py:186} INFO - Started process (PID=372) to work on /opt/airflow/dags/php_dag.py
[2025-11-15T19:37:51.632+0000] {processor.py:914} INFO - Processing file /opt/airflow/dags/php_dag.py for tasks to queue
[2025-11-15T19:37:51.634+0000] {logging_mixin.py:190} INFO - [2025-11-15T19:37:51.634+0000] {dagbag.py:587} INFO - Filling up the DagBag from /opt/airflow/dags/php_dag.py
[2025-11-15T19:37:51.644+0000] {processor.py:925} INFO - DAG(s) 'rodar_script_php' retrieved from /opt/airflow/dags/php_dag.py
[2025-11-15T19:37:51.664+0000] {logging_mixin.py:190} INFO - [2025-11-15T19:37:51.663+0000] {dag.py:3229} INFO - Sync 1 DAGs
[2025-11-15T19:37:51.684+0000] {logging_mixin.py:190} INFO - [2025-11-15T19:37:51.684+0000] {dag.py:4156} INFO - Setting next_dagrun for rodar_script_php to 2025-11-15 00:00:00+00:00, run_after=2025-11-16 00:00:00+00:00
[2025-11-15T19:37:51.828+0000] {processor.py:208} INFO - Processing /opt/airflow/dags/php_dag.py took 0.208 seconds
[2025-11-15T19:38:21.878+0000] {processor.py:186} INFO - Started process (PID=377) to work on /opt/airflow/dags/php_dag.py
[2025-11-15T19:38:21.878+0000] {processor.py:914} INFO - Processing file /opt/airflow/dags/php_dag.py for tasks to queue
[2025-11-15T19:38:21.880+0000] {logging_mixin.py:190} INFO - [2025-11-15T19:38:21.880+0000] {dagbag.py:587} INFO - Filling up the DagBag from /opt/airflow/dags/php_dag.py
[2025-11-15T19:38:21.889+0000] {processor.py:925} INFO - DAG(s) 'rodar_script_php' retrieved from /opt/airflow/dags/php_dag.py
[2025-11-15T19:38:21.908+0000] {logging_mixin.py:190} INFO - [2025-11-15T19:38:21.908+0000] {dag.py:3229} INFO - Sync 1 DAGs
[2025-11-15T19:38:22.055+0000] {logging_mixin.py:190} INFO - [2025-11-15T19:38:22.054+0000] {dag.py:4156} INFO - Setting next_dagrun for rodar_script_php to 2025-11-15 00:00:00+00:00, run_after=2025-11-16 00:00:00+00:00
[2025-11-15T19:38:22.065+0000] {processor.py:208} INFO - Processing /opt/airflow/dags/php_dag.py took 0.192 seconds
[2025-11-15T19:38:52.192+0000] {processor.py:186} INFO - Started process (PID=382) to work on /opt/airflow/dags/php_dag.py
[2025-11-15T19:38:52.193+0000] {processor.py:914} INFO - Processing file /opt/airflow/dags/php_dag.py for tasks to queue
[2025-11-15T19:38:52.195+0000] {logging_mixin.py:190} INFO - [2025-11-15T19:38:52.194+0000] {dagbag.py:587} INFO - Filling up the DagBag from /opt/airflow/dags/php_dag.py
[2025-11-15T19:38:52.205+0000] {processor.py:925} INFO - DAG(s) 'rodar_script_php' retrieved from /opt/airflow/dags/php_dag.py
[2025-11-15T19:38:52.225+0000] {logging_mixin.py:190} INFO - [2025-11-15T19:38:52.224+0000] {dag.py:3229} INFO - Sync 1 DAGs
[2025-11-15T19:38:52.381+0000] {logging_mixin.py:190} INFO - [2025-11-15T19:38:52.381+0000] {dag.py:4156} INFO - Setting next_dagrun for rodar_script_php to 2025-11-15 00:00:00+00:00, run_after=2025-11-16 00:00:00+00:00
[2025-11-15T19:38:52.392+0000] {processor.py:208} INFO - Processing /opt/airflow/dags/php_dag.py took 0.205 seconds
[2025-11-15T19:39:22.558+0000] {processor.py:186} INFO - Started process (PID=387) to work on /opt/airflow/dags/php_dag.py
[2025-11-15T19:39:22.559+0000] {processor.py:914} INFO - Processing file /opt/airflow/dags/php_dag.py for tasks to queue
[2025-11-15T19:39:22.562+0000] {logging_mixin.py:190} INFO - [2025-11-15T19:39:22.561+0000] {dagbag.py:587} INFO - Filling up the DagBag from /opt/airflow/dags/php_dag.py
[2025-11-15T19:39:22.572+0000] {processor.py:925} INFO - DAG(s) 'rodar_script_php' retrieved from /opt/airflow/dags/php_dag.py
[2025-11-15T19:39:22.594+0000] {logging_mixin.py:190} INFO - [2025-11-15T19:39:22.593+0000] {dag.py:3229} INFO - Sync 1 DAGs
[2025-11-15T19:39:22.613+0000] {logging_mixin.py:190} INFO - [2025-11-15T19:39:22.613+0000] {dag.py:4156} INFO - Setting next_dagrun for rodar_script_php to 2025-11-15 00:00:00+00:00, run_after=2025-11-16 00:00:00+00:00
[2025-11-15T19:39:22.626+0000] {processor.py:208} INFO - Processing /opt/airflow/dags/php_dag.py took 0.072 seconds
[2025-11-15T19:39:52.745+0000] {processor.py:186} INFO - Started process (PID=392) to work on /opt/airflow/dags/php_dag.py
[2025-11-15T19:39:52.746+0000] {processor.py:914} INFO - Processing file /opt/airflow/dags/php_dag.py for tasks to queue
[2025-11-15T19:39:52.748+0000] {logging_mixin.py:190} INFO - [2025-11-15T19:39:52.748+0000] {dagbag.py:587} INFO - Filling up the DagBag from /opt/airflow/dags/php_dag.py
[2025-11-15T19:39:52.758+0000] {processor.py:925} INFO - DAG(s) 'rodar_script_php' retrieved from /opt/airflow/dags/php_dag.py
[2025-11-15T19:39:52.777+0000] {logging_mixin.py:190} INFO - [2025-11-15T19:39:52.776+0000] {dag.py:3229} INFO - Sync 1 DAGs
[2025-11-15T19:39:52.794+0000] {logging_mixin.py:190} INFO - [2025-11-15T19:39:52.794+0000] {dag.py:4156} INFO - Setting next_dagrun for rodar_script_php to 2025-11-15 00:00:00+00:00, run_after=2025-11-16 00:00:00+00:00
[2025-11-15T19:39:52.806+0000] {processor.py:208} INFO - Processing /opt/airflow/dags/php_dag.py took 0.066 seconds
[2025-11-15T19:40:22.963+0000] {processor.py:186} INFO - Started process (PID=397) to work on /opt/airflow/dags/php_dag.py
[2025-11-15T19:40:22.970+0000] {processor.py:914} INFO - Processing file /opt/airflow/dags/php_dag.py for tasks to queue
[2025-11-15T19:40:22.972+0000] {logging_mixin.py:190} INFO - [2025-11-15T19:40:22.972+0000] {dagbag.py:587} INFO - Filling up the DagBag from /opt/airflow/dags/php_dag.py
[2025-11-15T19:40:22.982+0000] {processor.py:925} INFO - DAG(s) 'rodar_script_php' retrieved from /opt/airflow/dags/php_dag.py
[2025-11-15T19:40:23.000+0000] {logging_mixin.py:190} INFO - [2025-11-15T19:40:23.000+0000] {dag.py:3229} INFO - Sync 1 DAGs
[2025-11-15T19:40:23.017+0000] {logging_mixin.py:190} INFO - [2025-11-15T19:40:23.017+0000] {dag.py:4156} INFO - Setting next_dagrun for rodar_script_php to 2025-11-15 00:00:00+00:00, run_after=2025-11-16 00:00:00+00:00
[2025-11-15T19:40:23.030+0000] {processor.py:208} INFO - Processing /opt/airflow/dags/php_dag.py took 0.072 seconds
[2025-11-15T19:40:53.161+0000] {processor.py:186} INFO - Started process (PID=402) to work on /opt/airflow/dags/php_dag.py
[2025-11-15T19:40:53.162+0000] {processor.py:914} INFO - Processing file /opt/airflow/dags/php_dag.py for tasks to queue
[2025-11-15T19:40:53.165+0000] {logging_mixin.py:190} INFO - [2025-11-15T19:40:53.164+0000] {dagbag.py:587} INFO - Filling up the DagBag from /opt/airflow/dags/php_dag.py
[2025-11-15T19:40:53.176+0000] {processor.py:925} INFO - DAG(s) 'rodar_script_php' retrieved from /opt/airflow/dags/php_dag.py
[2025-11-15T19:40:53.195+0000] {logging_mixin.py:190} INFO - [2025-11-15T19:40:53.195+0000] {dag.py:3229} INFO - Sync 1 DAGs
[2025-11-15T19:40:53.215+0000] {logging_mixin.py:190} INFO - [2025-11-15T19:40:53.215+0000] {dag.py:4156} INFO - Setting next_dagrun for rodar_script_php to 2025-11-15 00:00:00+00:00, run_after=2025-11-16 00:00:00+00:00
[2025-11-15T19:40:53.359+0000] {processor.py:208} INFO - Processing /opt/airflow/dags/php_dag.py took 0.205 seconds
[2025-11-15T19:41:23.522+0000] {processor.py:186} INFO - Started process (PID=407) to work on /opt/airflow/dags/php_dag.py
[2025-11-15T19:41:23.523+0000] {processor.py:914} INFO - Processing file /opt/airflow/dags/php_dag.py for tasks to queue
[2025-11-15T19:41:23.525+0000] {logging_mixin.py:190} INFO - [2025-11-15T19:41:23.525+0000] {dagbag.py:587} INFO - Filling up the DagBag from /opt/airflow/dags/php_dag.py
[2025-11-15T19:41:23.535+0000] {processor.py:925} INFO - DAG(s) 'rodar_script_php' retrieved from /opt/airflow/dags/php_dag.py
[2025-11-15T19:41:23.556+0000] {logging_mixin.py:190} INFO - [2025-11-15T19:41:23.556+0000] {dag.py:3229} INFO - Sync 1 DAGs
[2025-11-15T19:41:23.703+0000] {logging_mixin.py:190} INFO - [2025-11-15T19:41:23.702+0000] {dag.py:4156} INFO - Setting next_dagrun for rodar_script_php to 2025-11-15 00:00:00+00:00, run_after=2025-11-16 00:00:00+00:00
[2025-11-15T19:41:23.717+0000] {processor.py:208} INFO - Processing /opt/airflow/dags/php_dag.py took 0.199 seconds
[2025-11-15T19:41:53.883+0000] {processor.py:186} INFO - Started process (PID=412) to work on /opt/airflow/dags/php_dag.py
[2025-11-15T19:41:53.891+0000] {processor.py:914} INFO - Processing file /opt/airflow/dags/php_dag.py for tasks to queue
[2025-11-15T19:41:53.893+0000] {logging_mixin.py:190} INFO - [2025-11-15T19:41:53.892+0000] {dagbag.py:587} INFO - Filling up the DagBag from /opt/airflow/dags/php_dag.py
[2025-11-15T19:41:53.902+0000] {processor.py:925} INFO - DAG(s) 'rodar_script_php' retrieved from /opt/airflow/dags/php_dag.py
[2025-11-15T19:41:53.924+0000] {logging_mixin.py:190} INFO - [2025-11-15T19:41:53.923+0000] {dag.py:3229} INFO - Sync 1 DAGs
[2025-11-15T19:41:54.078+0000] {logging_mixin.py:190} INFO - [2025-11-15T19:41:54.078+0000] {dag.py:4156} INFO - Setting next_dagrun for rodar_script_php to 2025-11-15 00:00:00+00:00, run_after=2025-11-16 00:00:00+00:00
[2025-11-15T19:41:54.089+0000] {processor.py:208} INFO - Processing /opt/airflow/dags/php_dag.py took 0.210 seconds
[2025-11-15T19:42:24.253+0000] {processor.py:186} INFO - Started process (PID=417) to work on /opt/airflow/dags/php_dag.py
[2025-11-15T19:42:24.260+0000] {processor.py:914} INFO - Processing file /opt/airflow/dags/php_dag.py for tasks to queue
[2025-11-15T19:42:24.262+0000] {logging_mixin.py:190} INFO - [2025-11-15T19:42:24.262+0000] {dagbag.py:587} INFO - Filling up the DagBag from /opt/airflow/dags/php_dag.py
[2025-11-15T19:42:24.272+0000] {processor.py:925} INFO - DAG(s) 'rodar_script_php' retrieved from /opt/airflow/dags/php_dag.py
[2025-11-15T19:42:24.295+0000] {logging_mixin.py:190} INFO - [2025-11-15T19:42:24.295+0000] {dag.py:3229} INFO - Sync 1 DAGs
[2025-11-15T19:42:24.314+0000] {logging_mixin.py:190} INFO - [2025-11-15T19:42:24.314+0000] {dag.py:4156} INFO - Setting next_dagrun for rodar_script_php to 2025-11-15 00:00:00+00:00, run_after=2025-11-16 00:00:00+00:00
[2025-11-15T19:42:24.327+0000] {processor.py:208} INFO - Processing /opt/airflow/dags/php_dag.py took 0.080 seconds
[2025-11-15T19:43:24.335+0000] {processor.py:186} INFO - Started process (PID=179) to work on /opt/airflow/dags/php_dag.py
[2025-11-15T19:43:24.336+0000] {processor.py:914} INFO - Processing file /opt/airflow/dags/php_dag.py for tasks to queue
[2025-11-15T19:43:24.338+0000] {logging_mixin.py:190} INFO - [2025-11-15T19:43:24.338+0000] {dagbag.py:587} INFO - Filling up the DagBag from /opt/airflow/dags/php_dag.py
[2025-11-15T19:43:24.353+0000] {processor.py:925} INFO - DAG(s) 'rodar_script_php' retrieved from /opt/airflow/dags/php_dag.py
[2025-11-15T19:43:24.385+0000] {logging_mixin.py:190} INFO - [2025-11-15T19:43:24.385+0000] {dag.py:3229} INFO - Sync 1 DAGs
[2025-11-15T19:43:24.406+0000] {logging_mixin.py:190} INFO - [2025-11-15T19:43:24.406+0000] {dag.py:4156} INFO - Setting next_dagrun for rodar_script_php to 2025-11-15 00:00:00+00:00, run_after=2025-11-16 00:00:00+00:00
[2025-11-15T19:43:24.420+0000] {processor.py:208} INFO - Processing /opt/airflow/dags/php_dag.py took 0.091 seconds
[2025-11-15T19:44:18.696+0000] {processor.py:186} INFO - Started process (PID=179) to work on /opt/airflow/dags/php_dag.py
[2025-11-15T19:44:18.697+0000] {processor.py:914} INFO - Processing file /opt/airflow/dags/php_dag.py for tasks to queue
[2025-11-15T19:44:18.699+0000] {logging_mixin.py:190} INFO - [2025-11-15T19:44:18.698+0000] {dagbag.py:587} INFO - Filling up the DagBag from /opt/airflow/dags/php_dag.py
[2025-11-15T19:44:18.714+0000] {processor.py:925} INFO - DAG(s) 'rodar_script_php' retrieved from /opt/airflow/dags/php_dag.py
[2025-11-15T19:44:18.746+0000] {logging_mixin.py:190} INFO - [2025-11-15T19:44:18.746+0000] {dag.py:3229} INFO - Sync 1 DAGs
[2025-11-15T19:44:18.772+0000] {logging_mixin.py:190} INFO - [2025-11-15T19:44:18.772+0000] {dag.py:4156} INFO - Setting next_dagrun for rodar_script_php to 2025-11-15 00:00:00+00:00, run_after=2025-11-16 00:00:00+00:00
[2025-11-15T19:44:18.785+0000] {processor.py:208} INFO - Processing /opt/airflow/dags/php_dag.py took 0.094 seconds
[2025-11-15T19:44:48.955+0000] {processor.py:186} INFO - Started process (PID=192) to work on /opt/airflow/dags/php_dag.py
[2025-11-15T19:44:48.956+0000] {processor.py:914} INFO - Processing file /opt/airflow/dags/php_dag.py for tasks to queue
[2025-11-15T19:44:48.958+0000] {logging_mixin.py:190} INFO - [2025-11-15T19:44:48.957+0000] {dagbag.py:587} INFO - Filling up the DagBag from /opt/airflow/dags/php_dag.py
[2025-11-15T19:44:48.967+0000] {processor.py:925} INFO - DAG(s) 'rodar_script_php' retrieved from /opt/airflow/dags/php_dag.py
[2025-11-15T19:44:48.990+0000] {logging_mixin.py:190} INFO - [2025-11-15T19:44:48.989+0000] {dag.py:3229} INFO - Sync 1 DAGs
[2025-11-15T19:44:49.009+0000] {logging_mixin.py:190} INFO - [2025-11-15T19:44:49.009+0000] {dag.py:4156} INFO - Setting next_dagrun for rodar_script_php to 2025-11-15 00:00:00+00:00, run_after=2025-11-16 00:00:00+00:00
[2025-11-15T19:44:49.022+0000] {processor.py:208} INFO - Processing /opt/airflow/dags/php_dag.py took 0.073 seconds
[2025-11-15T19:45:19.137+0000] {processor.py:186} INFO - Started process (PID=208) to work on /opt/airflow/dags/php_dag.py
[2025-11-15T19:45:19.138+0000] {processor.py:914} INFO - Processing file /opt/airflow/dags/php_dag.py for tasks to queue
[2025-11-15T19:45:19.140+0000] {logging_mixin.py:190} INFO - [2025-11-15T19:45:19.140+0000] {dagbag.py:587} INFO - Filling up the DagBag from /opt/airflow/dags/php_dag.py
[2025-11-15T19:45:19.151+0000] {processor.py:925} INFO - DAG(s) 'rodar_script_php' retrieved from /opt/airflow/dags/php_dag.py
[2025-11-15T19:45:19.173+0000] {logging_mixin.py:190} INFO - [2025-11-15T19:45:19.172+0000] {dag.py:3229} INFO - Sync 1 DAGs
[2025-11-15T19:45:19.190+0000] {logging_mixin.py:190} INFO - [2025-11-15T19:45:19.190+0000] {dag.py:4156} INFO - Setting next_dagrun for rodar_script_php to 2025-11-15 00:00:00+00:00, run_after=2025-11-16 00:00:00+00:00
[2025-11-15T19:45:19.202+0000] {processor.py:208} INFO - Processing /opt/airflow/dags/php_dag.py took 0.069 seconds
[2025-11-15T19:45:49.366+0000] {processor.py:186} INFO - Started process (PID=224) to work on /opt/airflow/dags/php_dag.py
[2025-11-15T19:45:49.367+0000] {processor.py:914} INFO - Processing file /opt/airflow/dags/php_dag.py for tasks to queue
[2025-11-15T19:45:49.368+0000] {logging_mixin.py:190} INFO - [2025-11-15T19:45:49.368+0000] {dagbag.py:587} INFO - Filling up the DagBag from /opt/airflow/dags/php_dag.py
[2025-11-15T19:45:49.376+0000] {processor.py:925} INFO - DAG(s) 'rodar_script_php' retrieved from /opt/airflow/dags/php_dag.py
[2025-11-15T19:45:49.395+0000] {logging_mixin.py:190} INFO - [2025-11-15T19:45:49.395+0000] {dag.py:3229} INFO - Sync 1 DAGs
[2025-11-15T19:45:49.413+0000] {logging_mixin.py:190} INFO - [2025-11-15T19:45:49.413+0000] {dag.py:4156} INFO - Setting next_dagrun for rodar_script_php to 2025-11-15 00:00:00+00:00, run_after=2025-11-16 00:00:00+00:00
[2025-11-15T19:45:49.426+0000] {processor.py:208} INFO - Processing /opt/airflow/dags/php_dag.py took 0.065 seconds
[2025-11-15T19:46:19.555+0000] {processor.py:186} INFO - Started process (PID=237) to work on /opt/airflow/dags/php_dag.py
[2025-11-15T19:46:19.559+0000] {processor.py:914} INFO - Processing file /opt/airflow/dags/php_dag.py for tasks to queue
[2025-11-15T19:46:19.561+0000] {logging_mixin.py:190} INFO - [2025-11-15T19:46:19.561+0000] {dagbag.py:587} INFO - Filling up the DagBag from /opt/airflow/dags/php_dag.py
[2025-11-15T19:46:19.571+0000] {processor.py:925} INFO - DAG(s) 'rodar_script_php' retrieved from /opt/airflow/dags/php_dag.py
[2025-11-15T19:46:19.591+0000] {logging_mixin.py:190} INFO - [2025-11-15T19:46:19.591+0000] {dag.py:3229} INFO - Sync 1 DAGs
[2025-11-15T19:46:19.610+0000] {logging_mixin.py:190} INFO - [2025-11-15T19:46:19.610+0000] {dag.py:4156} INFO - Setting next_dagrun for rodar_script_php to 2025-11-15 00:00:00+00:00, run_after=2025-11-16 00:00:00+00:00
[2025-11-15T19:46:19.622+0000] {processor.py:208} INFO - Processing /opt/airflow/dags/php_dag.py took 0.072 seconds
[2025-11-15T19:46:49.732+0000] {processor.py:186} INFO - Started process (PID=247) to work on /opt/airflow/dags/php_dag.py
[2025-11-15T19:46:49.733+0000] {processor.py:914} INFO - Processing file /opt/airflow/dags/php_dag.py for tasks to queue
[2025-11-15T19:46:49.735+0000] {logging_mixin.py:190} INFO - [2025-11-15T19:46:49.735+0000] {dagbag.py:587} INFO - Filling up the DagBag from /opt/airflow/dags/php_dag.py
[2025-11-15T19:46:49.744+0000] {processor.py:925} INFO - DAG(s) 'rodar_script_php' retrieved from /opt/airflow/dags/php_dag.py
[2025-11-15T19:46:49.763+0000] {logging_mixin.py:190} INFO - [2025-11-15T19:46:49.763+0000] {dag.py:3229} INFO - Sync 1 DAGs
[2025-11-15T19:46:49.781+0000] {logging_mixin.py:190} INFO - [2025-11-15T19:46:49.780+0000] {dag.py:4156} INFO - Setting next_dagrun for rodar_script_php to 2025-11-15 00:00:00+00:00, run_after=2025-11-16 00:00:00+00:00
[2025-11-15T19:46:49.792+0000] {processor.py:208} INFO - Processing /opt/airflow/dags/php_dag.py took 0.065 seconds
[2025-11-15T19:47:19.945+0000] {processor.py:186} INFO - Started process (PID=257) to work on /opt/airflow/dags/php_dag.py
[2025-11-15T19:47:19.945+0000] {processor.py:914} INFO - Processing file /opt/airflow/dags/php_dag.py for tasks to queue
[2025-11-15T19:47:19.947+0000] {logging_mixin.py:190} INFO - [2025-11-15T19:47:19.947+0000] {dagbag.py:587} INFO - Filling up the DagBag from /opt/airflow/dags/php_dag.py
[2025-11-15T19:47:19.956+0000] {processor.py:925} INFO - DAG(s) 'rodar_script_php' retrieved from /opt/airflow/dags/php_dag.py
[2025-11-15T19:47:19.976+0000] {logging_mixin.py:190} INFO - [2025-11-15T19:47:19.975+0000] {dag.py:3229} INFO - Sync 1 DAGs
[2025-11-15T19:47:19.993+0000] {logging_mixin.py:190} INFO - [2025-11-15T19:47:19.993+0000] {dag.py:4156} INFO - Setting next_dagrun for rodar_script_php to 2025-11-15 00:00:00+00:00, run_after=2025-11-16 00:00:00+00:00
[2025-11-15T19:47:20.005+0000] {processor.py:208} INFO - Processing /opt/airflow/dags/php_dag.py took 0.065 seconds
[2025-11-15T19:47:46.388+0000] {processor.py:186} INFO - Started process (PID=179) to work on /opt/airflow/dags/php_dag.py
[2025-11-15T19:47:46.389+0000] {processor.py:914} INFO - Processing file /opt/airflow/dags/php_dag.py for tasks to queue
[2025-11-15T19:47:46.391+0000] {logging_mixin.py:190} INFO - [2025-11-15T19:47:46.391+0000] {dagbag.py:587} INFO - Filling up the DagBag from /opt/airflow/dags/php_dag.py
[2025-11-15T19:47:46.412+0000] {processor.py:925} INFO - DAG(s) 'rodar_script_php' retrieved from /opt/airflow/dags/php_dag.py
[2025-11-15T19:47:46.449+0000] {logging_mixin.py:190} INFO - [2025-11-15T19:47:46.448+0000] {dag.py:3229} INFO - Sync 1 DAGs
[2025-11-15T19:47:46.469+0000] {logging_mixin.py:190} INFO - [2025-11-15T19:47:46.468+0000] {dag.py:4156} INFO - Setting next_dagrun for rodar_script_php to 2025-11-15 00:00:00+00:00, run_after=2025-11-16 00:00:00+00:00
[2025-11-15T19:47:46.483+0000] {processor.py:208} INFO - Processing /opt/airflow/dags/php_dag.py took 0.104 seconds
[2025-11-15T19:48:16.554+0000] {processor.py:186} INFO - Started process (PID=189) to work on /opt/airflow/dags/php_dag.py
[2025-11-15T19:48:16.554+0000] {processor.py:914} INFO - Processing file /opt/airflow/dags/php_dag.py for tasks to queue
[2025-11-15T19:48:16.556+0000] {logging_mixin.py:190} INFO - [2025-11-15T19:48:16.556+0000] {dagbag.py:587} INFO - Filling up the DagBag from /opt/airflow/dags/php_dag.py
[2025-11-15T19:48:16.566+0000] {processor.py:925} INFO - DAG(s) 'rodar_script_php' retrieved from /opt/airflow/dags/php_dag.py
[2025-11-15T19:48:16.591+0000] {logging_mixin.py:190} INFO - [2025-11-15T19:48:16.591+0000] {dag.py:3229} INFO - Sync 1 DAGs
[2025-11-15T19:48:16.610+0000] {logging_mixin.py:190} INFO - [2025-11-15T19:48:16.610+0000] {dag.py:4156} INFO - Setting next_dagrun for rodar_script_php to 2025-11-15 00:00:00+00:00, run_after=2025-11-16 00:00:00+00:00
[2025-11-15T19:48:16.623+0000] {processor.py:208} INFO - Processing /opt/airflow/dags/php_dag.py took 0.074 seconds
[2025-11-15T19:48:46.783+0000] {processor.py:186} INFO - Started process (PID=199) to work on /opt/airflow/dags/php_dag.py
[2025-11-15T19:48:46.784+0000] {processor.py:914} INFO - Processing file /opt/airflow/dags/php_dag.py for tasks to queue
[2025-11-15T19:48:46.788+0000] {logging_mixin.py:190} INFO - [2025-11-15T19:48:46.788+0000] {dagbag.py:587} INFO - Filling up the DagBag from /opt/airflow/dags/php_dag.py
[2025-11-15T19:48:46.798+0000] {processor.py:925} INFO - DAG(s) 'rodar_script_php' retrieved from /opt/airflow/dags/php_dag.py
[2025-11-15T19:48:46.819+0000] {logging_mixin.py:190} INFO - [2025-11-15T19:48:46.819+0000] {dag.py:3229} INFO - Sync 1 DAGs
[2025-11-15T19:48:46.839+0000] {logging_mixin.py:190} INFO - [2025-11-15T19:48:46.839+0000] {dag.py:4156} INFO - Setting next_dagrun for rodar_script_php to 2025-11-15 00:00:00+00:00, run_after=2025-11-16 00:00:00+00:00
[2025-11-15T19:48:46.853+0000] {processor.py:208} INFO - Processing /opt/airflow/dags/php_dag.py took 0.076 seconds
[2025-11-15T19:49:16.946+0000] {processor.py:186} INFO - Started process (PID=215) to work on /opt/airflow/dags/php_dag.py
[2025-11-15T19:49:16.946+0000] {processor.py:914} INFO - Processing file /opt/airflow/dags/php_dag.py for tasks to queue
[2025-11-15T19:49:16.948+0000] {logging_mixin.py:190} INFO - [2025-11-15T19:49:16.948+0000] {dagbag.py:587} INFO - Filling up the DagBag from /opt/airflow/dags/php_dag.py
[2025-11-15T19:49:16.958+0000] {processor.py:925} INFO - DAG(s) 'rodar_script_php' retrieved from /opt/airflow/dags/php_dag.py
[2025-11-15T19:49:16.978+0000] {logging_mixin.py:190} INFO - [2025-11-15T19:49:16.977+0000] {dag.py:3229} INFO - Sync 1 DAGs
[2025-11-15T19:49:16.996+0000] {logging_mixin.py:190} INFO - [2025-11-15T19:49:16.995+0000] {dag.py:4156} INFO - Setting next_dagrun for rodar_script_php to 2025-11-15 00:00:00+00:00, run_after=2025-11-16 00:00:00+00:00
[2025-11-15T19:49:17.009+0000] {processor.py:208} INFO - Processing /opt/airflow/dags/php_dag.py took 0.068 seconds
[2025-11-15T19:49:47.150+0000] {processor.py:186} INFO - Started process (PID=228) to work on /opt/airflow/dags/php_dag.py
[2025-11-15T19:49:47.151+0000] {processor.py:914} INFO - Processing file /opt/airflow/dags/php_dag.py for tasks to queue
[2025-11-15T19:49:47.153+0000] {logging_mixin.py:190} INFO - [2025-11-15T19:49:47.152+0000] {dagbag.py:587} INFO - Filling up the DagBag from /opt/airflow/dags/php_dag.py
[2025-11-15T19:49:47.161+0000] {processor.py:925} INFO - DAG(s) 'rodar_script_php' retrieved from /opt/airflow/dags/php_dag.py
[2025-11-15T19:49:47.180+0000] {logging_mixin.py:190} INFO - [2025-11-15T19:49:47.180+0000] {dag.py:3229} INFO - Sync 1 DAGs
[2025-11-15T19:49:47.197+0000] {logging_mixin.py:190} INFO - [2025-11-15T19:49:47.197+0000] {dag.py:4156} INFO - Setting next_dagrun for rodar_script_php to 2025-11-15 00:00:00+00:00, run_after=2025-11-16 00:00:00+00:00
[2025-11-15T19:49:47.211+0000] {processor.py:208} INFO - Processing /opt/airflow/dags/php_dag.py took 0.065 seconds
[2025-11-15T19:50:17.318+0000] {processor.py:186} INFO - Started process (PID=244) to work on /opt/airflow/dags/php_dag.py
[2025-11-15T19:50:17.319+0000] {processor.py:914} INFO - Processing file /opt/airflow/dags/php_dag.py for tasks to queue
[2025-11-15T19:50:17.321+0000] {logging_mixin.py:190} INFO - [2025-11-15T19:50:17.320+0000] {dagbag.py:587} INFO - Filling up the DagBag from /opt/airflow/dags/php_dag.py
[2025-11-15T19:50:17.329+0000] {processor.py:925} INFO - DAG(s) 'rodar_script_php' retrieved from /opt/airflow/dags/php_dag.py
[2025-11-15T19:50:17.349+0000] {logging_mixin.py:190} INFO - [2025-11-15T19:50:17.348+0000] {dag.py:3229} INFO - Sync 1 DAGs
[2025-11-15T19:50:17.369+0000] {logging_mixin.py:190} INFO - [2025-11-15T19:50:17.369+0000] {dag.py:4156} INFO - Setting next_dagrun for rodar_script_php to 2025-11-15 00:00:00+00:00, run_after=2025-11-16 00:00:00+00:00
[2025-11-15T19:50:17.381+0000] {processor.py:208} INFO - Processing /opt/airflow/dags/php_dag.py took 0.067 seconds
[2025-11-15T19:50:47.552+0000] {processor.py:186} INFO - Started process (PID=257) to work on /opt/airflow/dags/php_dag.py
[2025-11-15T19:50:47.552+0000] {processor.py:914} INFO - Processing file /opt/airflow/dags/php_dag.py for tasks to queue
[2025-11-15T19:50:47.554+0000] {logging_mixin.py:190} INFO - [2025-11-15T19:50:47.554+0000] {dagbag.py:587} INFO - Filling up the DagBag from /opt/airflow/dags/php_dag.py
[2025-11-15T19:50:47.562+0000] {processor.py:925} INFO - DAG(s) 'rodar_script_php' retrieved from /opt/airflow/dags/php_dag.py
[2025-11-15T19:50:47.583+0000] {logging_mixin.py:190} INFO - [2025-11-15T19:50:47.583+0000] {dag.py:3229} INFO - Sync 1 DAGs
[2025-11-15T19:50:47.605+0000] {logging_mixin.py:190} INFO - [2025-11-15T19:50:47.605+0000] {dag.py:4156} INFO - Setting next_dagrun for rodar_script_php to 2025-11-15 00:00:00+00:00, run_after=2025-11-16 00:00:00+00:00
[2025-11-15T19:50:47.620+0000] {processor.py:208} INFO - Processing /opt/airflow/dags/php_dag.py took 0.073 seconds
[2025-11-15T19:51:17.786+0000] {processor.py:186} INFO - Started process (PID=270) to work on /opt/airflow/dags/php_dag.py
[2025-11-15T19:51:17.787+0000] {processor.py:914} INFO - Processing file /opt/airflow/dags/php_dag.py for tasks to queue
[2025-11-15T19:51:17.789+0000] {logging_mixin.py:190} INFO - [2025-11-15T19:51:17.788+0000] {dagbag.py:587} INFO - Filling up the DagBag from /opt/airflow/dags/php_dag.py
[2025-11-15T19:51:17.796+0000] {processor.py:925} INFO - DAG(s) 'rodar_script_php' retrieved from /opt/airflow/dags/php_dag.py
[2025-11-15T19:51:17.814+0000] {logging_mixin.py:190} INFO - [2025-11-15T19:51:17.814+0000] {dag.py:3229} INFO - Sync 1 DAGs
[2025-11-15T19:51:17.832+0000] {logging_mixin.py:190} INFO - [2025-11-15T19:51:17.831+0000] {dag.py:4156} INFO - Setting next_dagrun for rodar_script_php to 2025-11-15 00:00:00+00:00, run_after=2025-11-16 00:00:00+00:00
[2025-11-15T19:51:17.844+0000] {processor.py:208} INFO - Processing /opt/airflow/dags/php_dag.py took 0.061 seconds
[2025-11-15T19:51:48.032+0000] {processor.py:186} INFO - Started process (PID=280) to work on /opt/airflow/dags/php_dag.py
[2025-11-15T19:51:48.033+0000] {processor.py:914} INFO - Processing file /opt/airflow/dags/php_dag.py for tasks to queue
[2025-11-15T19:51:48.035+0000] {logging_mixin.py:190} INFO - [2025-11-15T19:51:48.034+0000] {dagbag.py:587} INFO - Filling up the DagBag from /opt/airflow/dags/php_dag.py
[2025-11-15T19:51:48.043+0000] {processor.py:925} INFO - DAG(s) 'rodar_script_php' retrieved from /opt/airflow/dags/php_dag.py
[2025-11-15T19:51:48.061+0000] {logging_mixin.py:190} INFO - [2025-11-15T19:51:48.060+0000] {dag.py:3229} INFO - Sync 1 DAGs
[2025-11-15T19:51:48.078+0000] {logging_mixin.py:190} INFO - [2025-11-15T19:51:48.078+0000] {dag.py:4156} INFO - Setting next_dagrun for rodar_script_php to 2025-11-15 00:00:00+00:00, run_after=2025-11-16 00:00:00+00:00
[2025-11-15T19:51:48.090+0000] {processor.py:208} INFO - Processing /opt/airflow/dags/php_dag.py took 0.061 seconds
[2025-11-15T19:52:18.283+0000] {processor.py:186} INFO - Started process (PID=290) to work on /opt/airflow/dags/php_dag.py
[2025-11-15T19:52:18.284+0000] {processor.py:914} INFO - Processing file /opt/airflow/dags/php_dag.py for tasks to queue
[2025-11-15T19:52:18.285+0000] {logging_mixin.py:190} INFO - [2025-11-15T19:52:18.285+0000] {dagbag.py:587} INFO - Filling up the DagBag from /opt/airflow/dags/php_dag.py
[2025-11-15T19:52:18.293+0000] {processor.py:925} INFO - DAG(s) 'rodar_script_php' retrieved from /opt/airflow/dags/php_dag.py
[2025-11-15T19:52:18.312+0000] {logging_mixin.py:190} INFO - [2025-11-15T19:52:18.312+0000] {dag.py:3229} INFO - Sync 1 DAGs
[2025-11-15T19:52:18.329+0000] {logging_mixin.py:190} INFO - [2025-11-15T19:52:18.329+0000] {dag.py:4156} INFO - Setting next_dagrun for rodar_script_php to 2025-11-15 00:00:00+00:00, run_after=2025-11-16 00:00:00+00:00
[2025-11-15T19:52:18.342+0000] {processor.py:208} INFO - Processing /opt/airflow/dags/php_dag.py took 0.062 seconds
[2025-11-15T19:52:48.546+0000] {processor.py:186} INFO - Started process (PID=300) to work on /opt/airflow/dags/php_dag.py
[2025-11-15T19:52:48.547+0000] {processor.py:914} INFO - Processing file /opt/airflow/dags/php_dag.py for tasks to queue
[2025-11-15T19:52:48.550+0000] {logging_mixin.py:190} INFO - [2025-11-15T19:52:48.549+0000] {dagbag.py:587} INFO - Filling up the DagBag from /opt/airflow/dags/php_dag.py
[2025-11-15T19:52:48.559+0000] {processor.py:925} INFO - DAG(s) 'rodar_script_php' retrieved from /opt/airflow/dags/php_dag.py
[2025-11-15T19:52:48.578+0000] {logging_mixin.py:190} INFO - [2025-11-15T19:52:48.578+0000] {dag.py:3229} INFO - Sync 1 DAGs
[2025-11-15T19:52:48.595+0000] {logging_mixin.py:190} INFO - [2025-11-15T19:52:48.595+0000] {dag.py:4156} INFO - Setting next_dagrun for rodar_script_php to 2025-11-15 00:00:00+00:00, run_after=2025-11-16 00:00:00+00:00
[2025-11-15T19:52:48.751+0000] {processor.py:208} INFO - Processing /opt/airflow/dags/php_dag.py took 0.209 seconds
[2025-11-15T19:53:18.792+0000] {processor.py:186} INFO - Started process (PID=310) to work on /opt/airflow/dags/php_dag.py
[2025-11-15T19:53:18.793+0000] {processor.py:914} INFO - Processing file /opt/airflow/dags/php_dag.py for tasks to queue
[2025-11-15T19:53:18.795+0000] {logging_mixin.py:190} INFO - [2025-11-15T19:53:18.795+0000] {dagbag.py:587} INFO - Filling up the DagBag from /opt/airflow/dags/php_dag.py
[2025-11-15T19:53:18.804+0000] {processor.py:925} INFO - DAG(s) 'rodar_script_php' retrieved from /opt/airflow/dags/php_dag.py
[2025-11-15T19:53:18.827+0000] {logging_mixin.py:190} INFO - [2025-11-15T19:53:18.827+0000] {dag.py:3229} INFO - Sync 1 DAGs
[2025-11-15T19:53:18.992+0000] {logging_mixin.py:190} INFO - [2025-11-15T19:53:18.992+0000] {dag.py:4156} INFO - Setting next_dagrun for rodar_script_php to 2025-11-15 00:00:00+00:00, run_after=2025-11-16 00:00:00+00:00
[2025-11-15T19:53:19.003+0000] {processor.py:208} INFO - Processing /opt/airflow/dags/php_dag.py took 0.216 seconds
[2025-11-15T19:53:49.199+0000] {processor.py:186} INFO - Started process (PID=320) to work on /opt/airflow/dags/php_dag.py
[2025-11-15T19:53:49.204+0000] {processor.py:914} INFO - Processing file /opt/airflow/dags/php_dag.py for tasks to queue
[2025-11-15T19:53:49.205+0000] {logging_mixin.py:190} INFO - [2025-11-15T19:53:49.205+0000] {dagbag.py:587} INFO - Filling up the DagBag from /opt/airflow/dags/php_dag.py
[2025-11-15T19:53:49.215+0000] {processor.py:925} INFO - DAG(s) 'rodar_script_php' retrieved from /opt/airflow/dags/php_dag.py
[2025-11-15T19:53:49.234+0000] {logging_mixin.py:190} INFO - [2025-11-15T19:53:49.234+0000] {dag.py:3229} INFO - Sync 1 DAGs
[2025-11-15T19:53:49.251+0000] {logging_mixin.py:190} INFO - [2025-11-15T19:53:49.251+0000] {dag.py:4156} INFO - Setting next_dagrun for rodar_script_php to 2025-11-15 00:00:00+00:00, run_after=2025-11-16 00:00:00+00:00
[2025-11-15T19:53:49.264+0000] {processor.py:208} INFO - Processing /opt/airflow/dags/php_dag.py took 0.069 seconds
[2025-11-15T19:54:19.489+0000] {processor.py:186} INFO - Started process (PID=332) to work on /opt/airflow/dags/php_dag.py
[2025-11-15T19:54:19.496+0000] {processor.py:914} INFO - Processing file /opt/airflow/dags/php_dag.py for tasks to queue
[2025-11-15T19:54:19.498+0000] {logging_mixin.py:190} INFO - [2025-11-15T19:54:19.498+0000] {dagbag.py:587} INFO - Filling up the DagBag from /opt/airflow/dags/php_dag.py
[2025-11-15T19:54:19.506+0000] {processor.py:925} INFO - DAG(s) 'rodar_script_php' retrieved from /opt/airflow/dags/php_dag.py
[2025-11-15T19:54:19.523+0000] {logging_mixin.py:190} INFO - [2025-11-15T19:54:19.523+0000] {dag.py:3229} INFO - Sync 1 DAGs
[2025-11-15T19:54:19.539+0000] {logging_mixin.py:190} INFO - [2025-11-15T19:54:19.539+0000] {dag.py:4156} INFO - Setting next_dagrun for rodar_script_php to 2025-11-15 00:00:00+00:00, run_after=2025-11-16 00:00:00+00:00
[2025-11-15T19:54:19.551+0000] {processor.py:208} INFO - Processing /opt/airflow/dags/php_dag.py took 0.066 seconds
[2025-11-15T19:54:49.762+0000] {processor.py:186} INFO - Started process (PID=342) to work on /opt/airflow/dags/php_dag.py
[2025-11-15T19:54:49.763+0000] {processor.py:914} INFO - Processing file /opt/airflow/dags/php_dag.py for tasks to queue
[2025-11-15T19:54:49.764+0000] {logging_mixin.py:190} INFO - [2025-11-15T19:54:49.764+0000] {dagbag.py:587} INFO - Filling up the DagBag from /opt/airflow/dags/php_dag.py
[2025-11-15T19:54:49.773+0000] {processor.py:925} INFO - DAG(s) 'rodar_script_php' retrieved from /opt/airflow/dags/php_dag.py
[2025-11-15T19:54:49.789+0000] {logging_mixin.py:190} INFO - [2025-11-15T19:54:49.789+0000] {dag.py:3229} INFO - Sync 1 DAGs
[2025-11-15T19:54:49.806+0000] {logging_mixin.py:190} INFO - [2025-11-15T19:54:49.805+0000] {dag.py:4156} INFO - Setting next_dagrun for rodar_script_php to 2025-11-15 00:00:00+00:00, run_after=2025-11-16 00:00:00+00:00
[2025-11-15T19:54:49.819+0000] {processor.py:208} INFO - Processing /opt/airflow/dags/php_dag.py took 0.061 seconds
[2025-11-15T19:55:19.997+0000] {processor.py:186} INFO - Started process (PID=355) to work on /opt/airflow/dags/php_dag.py
[2025-11-15T19:55:19.998+0000] {processor.py:914} INFO - Processing file /opt/airflow/dags/php_dag.py for tasks to queue
[2025-11-15T19:55:19.999+0000] {logging_mixin.py:190} INFO - [2025-11-15T19:55:19.999+0000] {dagbag.py:587} INFO - Filling up the DagBag from /opt/airflow/dags/php_dag.py
[2025-11-15T19:55:20.008+0000] {processor.py:925} INFO - DAG(s) 'rodar_script_php' retrieved from /opt/airflow/dags/php_dag.py
[2025-11-15T19:55:20.027+0000] {logging_mixin.py:190} INFO - [2025-11-15T19:55:20.027+0000] {dag.py:3229} INFO - Sync 1 DAGs
[2025-11-15T19:55:20.045+0000] {logging_mixin.py:190} INFO - [2025-11-15T19:55:20.045+0000] {dag.py:4156} INFO - Setting next_dagrun for rodar_script_php to 2025-11-15 00:00:00+00:00, run_after=2025-11-16 00:00:00+00:00
[2025-11-15T19:55:20.062+0000] {processor.py:208} INFO - Processing /opt/airflow/dags/php_dag.py took 0.069 seconds
[2025-11-15T19:55:50.282+0000] {processor.py:186} INFO - Started process (PID=368) to work on /opt/airflow/dags/php_dag.py
[2025-11-15T19:55:50.282+0000] {processor.py:914} INFO - Processing file /opt/airflow/dags/php_dag.py for tasks to queue
[2025-11-15T19:55:50.284+0000] {logging_mixin.py:190} INFO - [2025-11-15T19:55:50.284+0000] {dagbag.py:587} INFO - Filling up the DagBag from /opt/airflow/dags/php_dag.py
[2025-11-15T19:55:50.292+0000] {processor.py:925} INFO - DAG(s) 'rodar_script_php' retrieved from /opt/airflow/dags/php_dag.py
[2025-11-15T19:55:50.309+0000] {logging_mixin.py:190} INFO - [2025-11-15T19:55:50.309+0000] {dag.py:3229} INFO - Sync 1 DAGs
[2025-11-15T19:55:50.462+0000] {logging_mixin.py:190} INFO - [2025-11-15T19:55:50.462+0000] {dag.py:4156} INFO - Setting next_dagrun for rodar_script_php to 2025-11-15 00:00:00+00:00, run_after=2025-11-16 00:00:00+00:00
[2025-11-15T19:55:50.478+0000] {processor.py:208} INFO - Processing /opt/airflow/dags/php_dag.py took 0.200 seconds
[2025-11-15T19:56:32.567+0000] {processor.py:186} INFO - Started process (PID=179) to work on /opt/airflow/dags/php_dag.py
[2025-11-15T19:56:32.568+0000] {processor.py:914} INFO - Processing file /opt/airflow/dags/php_dag.py for tasks to queue
[2025-11-15T19:56:32.570+0000] {logging_mixin.py:190} INFO - [2025-11-15T19:56:32.569+0000] {dagbag.py:587} INFO - Filling up the DagBag from /opt/airflow/dags/php_dag.py
[2025-11-15T19:56:32.585+0000] {processor.py:925} INFO - DAG(s) 'rodar_script_php' retrieved from /opt/airflow/dags/php_dag.py
[2025-11-15T19:56:32.616+0000] {logging_mixin.py:190} INFO - [2025-11-15T19:56:32.615+0000] {dag.py:3229} INFO - Sync 1 DAGs
[2025-11-15T19:56:32.638+0000] {logging_mixin.py:190} INFO - [2025-11-15T19:56:32.638+0000] {dag.py:4156} INFO - Setting next_dagrun for rodar_script_php to 2025-11-15 00:00:00+00:00, run_after=2025-11-16 00:00:00+00:00
[2025-11-15T19:56:32.651+0000] {processor.py:208} INFO - Processing /opt/airflow/dags/php_dag.py took 0.090 seconds
[2025-11-15T19:57:02.753+0000] {processor.py:186} INFO - Started process (PID=189) to work on /opt/airflow/dags/php_dag.py
[2025-11-15T19:57:02.754+0000] {processor.py:914} INFO - Processing file /opt/airflow/dags/php_dag.py for tasks to queue
[2025-11-15T19:57:02.756+0000] {logging_mixin.py:190} INFO - [2025-11-15T19:57:02.755+0000] {dagbag.py:587} INFO - Filling up the DagBag from /opt/airflow/dags/php_dag.py
[2025-11-15T19:57:02.765+0000] {processor.py:925} INFO - DAG(s) 'rodar_script_php' retrieved from /opt/airflow/dags/php_dag.py
[2025-11-15T19:57:02.786+0000] {logging_mixin.py:190} INFO - [2025-11-15T19:57:02.786+0000] {dag.py:3229} INFO - Sync 1 DAGs
[2025-11-15T19:57:02.804+0000] {logging_mixin.py:190} INFO - [2025-11-15T19:57:02.804+0000] {dag.py:4156} INFO - Setting next_dagrun for rodar_script_php to 2025-11-15 00:00:00+00:00, run_after=2025-11-16 00:00:00+00:00
[2025-11-15T19:57:02.815+0000] {processor.py:208} INFO - Processing /opt/airflow/dags/php_dag.py took 0.067 seconds
[2025-11-15T19:57:33.004+0000] {processor.py:186} INFO - Started process (PID=199) to work on /opt/airflow/dags/php_dag.py
[2025-11-15T19:57:33.008+0000] {processor.py:914} INFO - Processing file /opt/airflow/dags/php_dag.py for tasks to queue
[2025-11-15T19:57:33.012+0000] {logging_mixin.py:190} INFO - [2025-11-15T19:57:33.012+0000] {dagbag.py:587} INFO - Filling up the DagBag from /opt/airflow/dags/php_dag.py
[2025-11-15T19:57:33.021+0000] {processor.py:925} INFO - DAG(s) 'rodar_script_php' retrieved from /opt/airflow/dags/php_dag.py
[2025-11-15T19:57:33.041+0000] {logging_mixin.py:190} INFO - [2025-11-15T19:57:33.041+0000] {dag.py:3229} INFO - Sync 1 DAGs
[2025-11-15T19:57:33.059+0000] {logging_mixin.py:190} INFO - [2025-11-15T19:57:33.058+0000] {dag.py:4156} INFO - Setting next_dagrun for rodar_script_php to 2025-11-15 00:00:00+00:00, run_after=2025-11-16 00:00:00+00:00
[2025-11-15T19:57:33.071+0000] {processor.py:208} INFO - Processing /opt/airflow/dags/php_dag.py took 0.071 seconds
[2025-11-15T19:58:03.189+0000] {processor.py:186} INFO - Started process (PID=209) to work on /opt/airflow/dags/php_dag.py
[2025-11-15T19:58:03.193+0000] {processor.py:914} INFO - Processing file /opt/airflow/dags/php_dag.py for tasks to queue
[2025-11-15T19:58:03.194+0000] {logging_mixin.py:190} INFO - [2025-11-15T19:58:03.194+0000] {dagbag.py:587} INFO - Filling up the DagBag from /opt/airflow/dags/php_dag.py
[2025-11-15T19:58:03.204+0000] {processor.py:925} INFO - DAG(s) 'rodar_script_php' retrieved from /opt/airflow/dags/php_dag.py
[2025-11-15T19:58:03.225+0000] {logging_mixin.py:190} INFO - [2025-11-15T19:58:03.225+0000] {dag.py:3229} INFO - Sync 1 DAGs
[2025-11-15T19:58:03.242+0000] {logging_mixin.py:190} INFO - [2025-11-15T19:58:03.242+0000] {dag.py:4156} INFO - Setting next_dagrun for rodar_script_php to 2025-11-15 00:00:00+00:00, run_after=2025-11-16 00:00:00+00:00
[2025-11-15T19:58:03.254+0000] {processor.py:208} INFO - Processing /opt/airflow/dags/php_dag.py took 0.070 seconds
[2025-11-15T19:58:34.985+0000] {processor.py:186} INFO - Started process (PID=179) to work on /opt/airflow/dags/php_dag.py
[2025-11-15T19:58:34.986+0000] {processor.py:914} INFO - Processing file /opt/airflow/dags/php_dag.py for tasks to queue
[2025-11-15T19:58:34.988+0000] {logging_mixin.py:190} INFO - [2025-11-15T19:58:34.988+0000] {dagbag.py:587} INFO - Filling up the DagBag from /opt/airflow/dags/php_dag.py
[2025-11-15T19:58:35.001+0000] {processor.py:925} INFO - DAG(s) 'rodar_script_php' retrieved from /opt/airflow/dags/php_dag.py
[2025-11-15T19:58:35.028+0000] {logging_mixin.py:190} INFO - [2025-11-15T19:58:35.028+0000] {dag.py:3229} INFO - Sync 1 DAGs
[2025-11-15T19:58:35.047+0000] {logging_mixin.py:190} INFO - [2025-11-15T19:58:35.046+0000] {dag.py:4156} INFO - Setting next_dagrun for rodar_script_php to 2025-11-15 00:00:00+00:00, run_after=2025-11-16 00:00:00+00:00
[2025-11-15T19:58:35.059+0000] {processor.py:208} INFO - Processing /opt/airflow/dags/php_dag.py took 0.078 seconds
[2025-11-15T19:59:05.188+0000] {processor.py:186} INFO - Started process (PID=189) to work on /opt/airflow/dags/php_dag.py
[2025-11-15T19:59:05.188+0000] {processor.py:914} INFO - Processing file /opt/airflow/dags/php_dag.py for tasks to queue
[2025-11-15T19:59:05.190+0000] {logging_mixin.py:190} INFO - [2025-11-15T19:59:05.190+0000] {dagbag.py:587} INFO - Filling up the DagBag from /opt/airflow/dags/php_dag.py
[2025-11-15T19:59:05.201+0000] {processor.py:925} INFO - DAG(s) 'rodar_script_php' retrieved from /opt/airflow/dags/php_dag.py
[2025-11-15T19:59:05.227+0000] {logging_mixin.py:190} INFO - [2025-11-15T19:59:05.227+0000] {dag.py:3229} INFO - Sync 1 DAGs
[2025-11-15T19:59:05.246+0000] {logging_mixin.py:190} INFO - [2025-11-15T19:59:05.246+0000] {dag.py:4156} INFO - Setting next_dagrun for rodar_script_php to 2025-11-15 00:00:00+00:00, run_after=2025-11-16 00:00:00+00:00
[2025-11-15T19:59:05.261+0000] {processor.py:208} INFO - Processing /opt/airflow/dags/php_dag.py took 0.079 seconds
[2025-11-15T19:59:29.385+0000] {processor.py:186} INFO - Started process (PID=199) to work on /opt/airflow/dags/php_dag.py
[2025-11-15T19:59:29.386+0000] {processor.py:914} INFO - Processing file /opt/airflow/dags/php_dag.py for tasks to queue
[2025-11-15T19:59:29.388+0000] {logging_mixin.py:190} INFO - [2025-11-15T19:59:29.387+0000] {dagbag.py:587} INFO - Filling up the DagBag from /opt/airflow/dags/php_dag.py
[2025-11-15T19:59:29.400+0000] {processor.py:925} INFO - DAG(s) 'rodar_script_php' retrieved from /opt/airflow/dags/php_dag.py
[2025-11-15T19:59:29.558+0000] {logging_mixin.py:190} INFO - [2025-11-15T19:59:29.558+0000] {dag.py:3229} INFO - Sync 1 DAGs
[2025-11-15T19:59:29.574+0000] {logging_mixin.py:190} INFO - [2025-11-15T19:59:29.574+0000] {dag.py:4156} INFO - Setting next_dagrun for rodar_script_php to 2025-11-15 00:00:00+00:00, run_after=2025-11-16 00:00:00+00:00
[2025-11-15T19:59:29.591+0000] {processor.py:208} INFO - Processing /opt/airflow/dags/php_dag.py took 0.210 seconds
[2025-11-15T20:00:02.199+0000] {processor.py:186} INFO - Started process (PID=180) to work on /opt/airflow/dags/php_dag.py
[2025-11-15T20:00:02.200+0000] {processor.py:914} INFO - Processing file /opt/airflow/dags/php_dag.py for tasks to queue
[2025-11-15T20:00:02.202+0000] {logging_mixin.py:190} INFO - [2025-11-15T20:00:02.202+0000] {dagbag.py:587} INFO - Filling up the DagBag from /opt/airflow/dags/php_dag.py
[2025-11-15T20:00:02.212+0000] {processor.py:925} INFO - DAG(s) 'rodar_script_php' retrieved from /opt/airflow/dags/php_dag.py
[2025-11-15T20:00:02.242+0000] {logging_mixin.py:190} INFO - [2025-11-15T20:00:02.241+0000] {dag.py:3229} INFO - Sync 1 DAGs
[2025-11-15T20:00:02.262+0000] {logging_mixin.py:190} INFO - [2025-11-15T20:00:02.262+0000] {dag.py:4156} INFO - Setting next_dagrun for rodar_script_php to 2025-11-15 00:00:00+00:00, run_after=2025-11-16 00:00:00+00:00
[2025-11-15T20:00:02.278+0000] {processor.py:208} INFO - Processing /opt/airflow/dags/php_dag.py took 0.085 seconds
[2025-11-15T20:00:32.394+0000] {processor.py:186} INFO - Started process (PID=192) to work on /opt/airflow/dags/php_dag.py
[2025-11-15T20:00:32.394+0000] {processor.py:914} INFO - Processing file /opt/airflow/dags/php_dag.py for tasks to queue
[2025-11-15T20:00:32.396+0000] {logging_mixin.py:190} INFO - [2025-11-15T20:00:32.396+0000] {dagbag.py:587} INFO - Filling up the DagBag from /opt/airflow/dags/php_dag.py
[2025-11-15T20:00:32.405+0000] {processor.py:925} INFO - DAG(s) 'rodar_script_php' retrieved from /opt/airflow/dags/php_dag.py
[2025-11-15T20:00:32.429+0000] {logging_mixin.py:190} INFO - [2025-11-15T20:00:32.429+0000] {dag.py:3229} INFO - Sync 1 DAGs
[2025-11-15T20:00:32.447+0000] {logging_mixin.py:190} INFO - [2025-11-15T20:00:32.447+0000] {dag.py:4156} INFO - Setting next_dagrun for rodar_script_php to 2025-11-15 00:00:00+00:00, run_after=2025-11-16 00:00:00+00:00
[2025-11-15T20:00:32.462+0000] {processor.py:208} INFO - Processing /opt/airflow/dags/php_dag.py took 0.073 seconds
[2025-11-15T20:01:02.597+0000] {processor.py:186} INFO - Started process (PID=208) to work on /opt/airflow/dags/php_dag.py
[2025-11-15T20:01:02.600+0000] {processor.py:914} INFO - Processing file /opt/airflow/dags/php_dag.py for tasks to queue
[2025-11-15T20:01:02.604+0000] {logging_mixin.py:190} INFO - [2025-11-15T20:01:02.604+0000] {dagbag.py:587} INFO - Filling up the DagBag from /opt/airflow/dags/php_dag.py
[2025-11-15T20:01:02.613+0000] {processor.py:925} INFO - DAG(s) 'rodar_script_php' retrieved from /opt/airflow/dags/php_dag.py
[2025-11-15T20:01:02.633+0000] {logging_mixin.py:190} INFO - [2025-11-15T20:01:02.633+0000] {dag.py:3229} INFO - Sync 1 DAGs
[2025-11-15T20:01:02.652+0000] {logging_mixin.py:190} INFO - [2025-11-15T20:01:02.652+0000] {dag.py:4156} INFO - Setting next_dagrun for rodar_script_php to 2025-11-15 00:00:00+00:00, run_after=2025-11-16 00:00:00+00:00
[2025-11-15T20:01:02.666+0000] {processor.py:208} INFO - Processing /opt/airflow/dags/php_dag.py took 0.074 seconds
[2025-11-15T20:01:32.811+0000] {processor.py:186} INFO - Started process (PID=221) to work on /opt/airflow/dags/php_dag.py
[2025-11-15T20:01:32.814+0000] {processor.py:914} INFO - Processing file /opt/airflow/dags/php_dag.py for tasks to queue
[2025-11-15T20:01:32.817+0000] {logging_mixin.py:190} INFO - [2025-11-15T20:01:32.816+0000] {dagbag.py:587} INFO - Filling up the DagBag from /opt/airflow/dags/php_dag.py
[2025-11-15T20:01:32.826+0000] {processor.py:925} INFO - DAG(s) 'rodar_script_php' retrieved from /opt/airflow/dags/php_dag.py
[2025-11-15T20:01:32.848+0000] {logging_mixin.py:190} INFO - [2025-11-15T20:01:32.847+0000] {dag.py:3229} INFO - Sync 1 DAGs
[2025-11-15T20:01:32.866+0000] {logging_mixin.py:190} INFO - [2025-11-15T20:01:32.866+0000] {dag.py:4156} INFO - Setting next_dagrun for rodar_script_php to 2025-11-15 00:00:00+00:00, run_after=2025-11-16 00:00:00+00:00
[2025-11-15T20:01:32.880+0000] {processor.py:208} INFO - Processing /opt/airflow/dags/php_dag.py took 0.074 seconds
[2025-11-15T20:02:03.047+0000] {processor.py:186} INFO - Started process (PID=236) to work on /opt/airflow/dags/php_dag.py
[2025-11-15T20:02:03.048+0000] {processor.py:914} INFO - Processing file /opt/airflow/dags/php_dag.py for tasks to queue
[2025-11-15T20:02:03.050+0000] {logging_mixin.py:190} INFO - [2025-11-15T20:02:03.050+0000] {dagbag.py:587} INFO - Filling up the DagBag from /opt/airflow/dags/php_dag.py
[2025-11-15T20:02:03.059+0000] {processor.py:925} INFO - DAG(s) 'rodar_script_php' retrieved from /opt/airflow/dags/php_dag.py
[2025-11-15T20:02:03.077+0000] {logging_mixin.py:190} INFO - [2025-11-15T20:02:03.077+0000] {dag.py:3229} INFO - Sync 1 DAGs
[2025-11-15T20:02:03.096+0000] {logging_mixin.py:190} INFO - [2025-11-15T20:02:03.096+0000] {dag.py:4156} INFO - Setting next_dagrun for rodar_script_php to 2025-11-15 00:00:00+00:00, run_after=2025-11-16 00:00:00+00:00
[2025-11-15T20:02:03.110+0000] {processor.py:208} INFO - Processing /opt/airflow/dags/php_dag.py took 0.068 seconds
[2025-11-15T20:07:01.862+0000] {processor.py:186} INFO - Started process (PID=180) to work on /opt/airflow/dags/php_dag.py
[2025-11-15T20:07:01.863+0000] {processor.py:914} INFO - Processing file /opt/airflow/dags/php_dag.py for tasks to queue
[2025-11-15T20:07:01.866+0000] {logging_mixin.py:190} INFO - [2025-11-15T20:07:01.865+0000] {dagbag.py:587} INFO - Filling up the DagBag from /opt/airflow/dags/php_dag.py
[2025-11-15T20:07:01.876+0000] {processor.py:925} INFO - DAG(s) 'rodar_script_php' retrieved from /opt/airflow/dags/php_dag.py
[2025-11-15T20:07:02.047+0000] {logging_mixin.py:190} INFO - [2025-11-15T20:07:02.047+0000] {dag.py:3229} INFO - Sync 1 DAGs
[2025-11-15T20:07:02.065+0000] {logging_mixin.py:190} INFO - [2025-11-15T20:07:02.065+0000] {dag.py:4156} INFO - Setting next_dagrun for rodar_script_php to 2025-11-15 00:00:00+00:00, run_after=2025-11-16 00:00:00+00:00
[2025-11-15T20:07:02.079+0000] {processor.py:208} INFO - Processing /opt/airflow/dags/php_dag.py took 0.223 seconds
[2025-11-15T20:07:32.237+0000] {processor.py:186} INFO - Started process (PID=201) to work on /opt/airflow/dags/php_dag.py
[2025-11-15T20:07:32.239+0000] {processor.py:914} INFO - Processing file /opt/airflow/dags/php_dag.py for tasks to queue
[2025-11-15T20:07:32.241+0000] {logging_mixin.py:190} INFO - [2025-11-15T20:07:32.241+0000] {dagbag.py:587} INFO - Filling up the DagBag from /opt/airflow/dags/php_dag.py
[2025-11-15T20:07:32.252+0000] {processor.py:925} INFO - DAG(s) 'rodar_script_php' retrieved from /opt/airflow/dags/php_dag.py
[2025-11-15T20:07:32.275+0000] {logging_mixin.py:190} INFO - [2025-11-15T20:07:32.275+0000] {dag.py:3229} INFO - Sync 1 DAGs
[2025-11-15T20:07:32.292+0000] {logging_mixin.py:190} INFO - [2025-11-15T20:07:32.292+0000] {dag.py:4156} INFO - Setting next_dagrun for rodar_script_php to 2025-11-15 00:00:00+00:00, run_after=2025-11-16 00:00:00+00:00
[2025-11-15T20:07:32.305+0000] {processor.py:208} INFO - Processing /opt/airflow/dags/php_dag.py took 0.073 seconds
[2025-11-15T20:08:02.456+0000] {processor.py:186} INFO - Started process (PID=214) to work on /opt/airflow/dags/php_dag.py
[2025-11-15T20:08:02.460+0000] {processor.py:914} INFO - Processing file /opt/airflow/dags/php_dag.py for tasks to queue
[2025-11-15T20:08:02.464+0000] {logging_mixin.py:190} INFO - [2025-11-15T20:08:02.464+0000] {dagbag.py:587} INFO - Filling up the DagBag from /opt/airflow/dags/php_dag.py
[2025-11-15T20:08:02.474+0000] {processor.py:925} INFO - DAG(s) 'rodar_script_php' retrieved from /opt/airflow/dags/php_dag.py
[2025-11-15T20:08:02.493+0000] {logging_mixin.py:190} INFO - [2025-11-15T20:08:02.493+0000] {dag.py:3229} INFO - Sync 1 DAGs
[2025-11-15T20:08:02.511+0000] {logging_mixin.py:190} INFO - [2025-11-15T20:08:02.511+0000] {dag.py:4156} INFO - Setting next_dagrun for rodar_script_php to 2025-11-15 00:00:00+00:00, run_after=2025-11-16 00:00:00+00:00
[2025-11-15T20:08:02.524+0000] {processor.py:208} INFO - Processing /opt/airflow/dags/php_dag.py took 0.072 seconds
[2025-11-15T20:08:32.631+0000] {processor.py:186} INFO - Started process (PID=224) to work on /opt/airflow/dags/php_dag.py
[2025-11-15T20:08:32.635+0000] {processor.py:914} INFO - Processing file /opt/airflow/dags/php_dag.py for tasks to queue
[2025-11-15T20:08:32.637+0000] {logging_mixin.py:190} INFO - [2025-11-15T20:08:32.637+0000] {dagbag.py:587} INFO - Filling up the DagBag from /opt/airflow/dags/php_dag.py
[2025-11-15T20:08:32.647+0000] {processor.py:925} INFO - DAG(s) 'rodar_script_php' retrieved from /opt/airflow/dags/php_dag.py
[2025-11-15T20:08:32.669+0000] {logging_mixin.py:190} INFO - [2025-11-15T20:08:32.668+0000] {dag.py:3229} INFO - Sync 1 DAGs
[2025-11-15T20:08:32.687+0000] {logging_mixin.py:190} INFO - [2025-11-15T20:08:32.687+0000] {dag.py:4156} INFO - Setting next_dagrun for rodar_script_php to 2025-11-15 00:00:00+00:00, run_after=2025-11-16 00:00:00+00:00
[2025-11-15T20:08:32.700+0000] {processor.py:208} INFO - Processing /opt/airflow/dags/php_dag.py took 0.074 seconds
[2025-11-15T20:09:02.847+0000] {processor.py:186} INFO - Started process (PID=246) to work on /opt/airflow/dags/php_dag.py
[2025-11-15T20:09:02.847+0000] {processor.py:914} INFO - Processing file /opt/airflow/dags/php_dag.py for tasks to queue
[2025-11-15T20:09:02.849+0000] {logging_mixin.py:190} INFO - [2025-11-15T20:09:02.849+0000] {dagbag.py:587} INFO - Filling up the DagBag from /opt/airflow/dags/php_dag.py
[2025-11-15T20:09:02.857+0000] {processor.py:925} INFO - DAG(s) 'rodar_script_php' retrieved from /opt/airflow/dags/php_dag.py
[2025-11-15T20:09:02.875+0000] {logging_mixin.py:190} INFO - [2025-11-15T20:09:02.875+0000] {dag.py:3229} INFO - Sync 1 DAGs
[2025-11-15T20:09:02.894+0000] {logging_mixin.py:190} INFO - [2025-11-15T20:09:02.894+0000] {dag.py:4156} INFO - Setting next_dagrun for rodar_script_php to 2025-11-15 00:00:00+00:00, run_after=2025-11-16 00:00:00+00:00
[2025-11-15T20:09:02.908+0000] {processor.py:208} INFO - Processing /opt/airflow/dags/php_dag.py took 0.065 seconds
[2025-11-15T20:09:33.012+0000] {processor.py:186} INFO - Started process (PID=256) to work on /opt/airflow/dags/php_dag.py
[2025-11-15T20:09:33.013+0000] {processor.py:914} INFO - Processing file /opt/airflow/dags/php_dag.py for tasks to queue
[2025-11-15T20:09:33.015+0000] {logging_mixin.py:190} INFO - [2025-11-15T20:09:33.014+0000] {dagbag.py:587} INFO - Filling up the DagBag from /opt/airflow/dags/php_dag.py
[2025-11-15T20:09:33.024+0000] {processor.py:925} INFO - DAG(s) 'rodar_script_php' retrieved from /opt/airflow/dags/php_dag.py
[2025-11-15T20:09:33.045+0000] {logging_mixin.py:190} INFO - [2025-11-15T20:09:33.045+0000] {dag.py:3229} INFO - Sync 1 DAGs
[2025-11-15T20:09:33.067+0000] {logging_mixin.py:190} INFO - [2025-11-15T20:09:33.067+0000] {dag.py:4156} INFO - Setting next_dagrun for rodar_script_php to 2025-11-15 00:00:00+00:00, run_after=2025-11-16 00:00:00+00:00
[2025-11-15T20:09:33.089+0000] {processor.py:208} INFO - Processing /opt/airflow/dags/php_dag.py took 0.082 seconds
[2025-11-15T20:10:03.207+0000] {processor.py:186} INFO - Started process (PID=275) to work on /opt/airflow/dags/php_dag.py
[2025-11-15T20:10:03.208+0000] {processor.py:914} INFO - Processing file /opt/airflow/dags/php_dag.py for tasks to queue
[2025-11-15T20:10:03.211+0000] {logging_mixin.py:190} INFO - [2025-11-15T20:10:03.210+0000] {dagbag.py:587} INFO - Filling up the DagBag from /opt/airflow/dags/php_dag.py
[2025-11-15T20:10:03.222+0000] {processor.py:925} INFO - DAG(s) 'rodar_script_php' retrieved from /opt/airflow/dags/php_dag.py
[2025-11-15T20:10:03.250+0000] {logging_mixin.py:190} INFO - [2025-11-15T20:10:03.249+0000] {dag.py:3229} INFO - Sync 1 DAGs
[2025-11-15T20:10:03.274+0000] {logging_mixin.py:190} INFO - [2025-11-15T20:10:03.274+0000] {dag.py:4156} INFO - Setting next_dagrun for rodar_script_php to 2025-11-15 00:00:00+00:00, run_after=2025-11-16 00:00:00+00:00
[2025-11-15T20:10:03.291+0000] {processor.py:208} INFO - Processing /opt/airflow/dags/php_dag.py took 0.090 seconds
[2025-11-15T20:10:33.369+0000] {processor.py:186} INFO - Started process (PID=288) to work on /opt/airflow/dags/php_dag.py
[2025-11-15T20:10:33.369+0000] {processor.py:914} INFO - Processing file /opt/airflow/dags/php_dag.py for tasks to queue
[2025-11-15T20:10:33.371+0000] {logging_mixin.py:190} INFO - [2025-11-15T20:10:33.371+0000] {dagbag.py:587} INFO - Filling up the DagBag from /opt/airflow/dags/php_dag.py
[2025-11-15T20:10:33.381+0000] {processor.py:925} INFO - DAG(s) 'rodar_script_php' retrieved from /opt/airflow/dags/php_dag.py
[2025-11-15T20:10:33.401+0000] {logging_mixin.py:190} INFO - [2025-11-15T20:10:33.401+0000] {dag.py:3229} INFO - Sync 1 DAGs
[2025-11-15T20:10:33.423+0000] {logging_mixin.py:190} INFO - [2025-11-15T20:10:33.423+0000] {dag.py:4156} INFO - Setting next_dagrun for rodar_script_php to 2025-11-15 00:00:00+00:00, run_after=2025-11-16 00:00:00+00:00
[2025-11-15T20:10:33.438+0000] {processor.py:208} INFO - Processing /opt/airflow/dags/php_dag.py took 0.075 seconds
[2025-11-15T20:11:03.579+0000] {processor.py:186} INFO - Started process (PID=298) to work on /opt/airflow/dags/php_dag.py
[2025-11-15T20:11:03.581+0000] {processor.py:914} INFO - Processing file /opt/airflow/dags/php_dag.py for tasks to queue
[2025-11-15T20:11:03.583+0000] {logging_mixin.py:190} INFO - [2025-11-15T20:11:03.583+0000] {dagbag.py:587} INFO - Filling up the DagBag from /opt/airflow/dags/php_dag.py
[2025-11-15T20:11:03.596+0000] {processor.py:925} INFO - DAG(s) 'rodar_script_php' retrieved from /opt/airflow/dags/php_dag.py
[2025-11-15T20:11:03.619+0000] {logging_mixin.py:190} INFO - [2025-11-15T20:11:03.619+0000] {dag.py:3229} INFO - Sync 1 DAGs
[2025-11-15T20:11:03.641+0000] {logging_mixin.py:190} INFO - [2025-11-15T20:11:03.640+0000] {dag.py:4156} INFO - Setting next_dagrun for rodar_script_php to 2025-11-15 00:00:00+00:00, run_after=2025-11-16 00:00:00+00:00
[2025-11-15T20:11:03.655+0000] {processor.py:208} INFO - Processing /opt/airflow/dags/php_dag.py took 0.082 seconds
[2025-11-15T20:11:33.738+0000] {processor.py:186} INFO - Started process (PID=308) to work on /opt/airflow/dags/php_dag.py
[2025-11-15T20:11:33.742+0000] {processor.py:914} INFO - Processing file /opt/airflow/dags/php_dag.py for tasks to queue
[2025-11-15T20:11:33.744+0000] {logging_mixin.py:190} INFO - [2025-11-15T20:11:33.743+0000] {dagbag.py:587} INFO - Filling up the DagBag from /opt/airflow/dags/php_dag.py
[2025-11-15T20:11:33.753+0000] {processor.py:925} INFO - DAG(s) 'rodar_script_php' retrieved from /opt/airflow/dags/php_dag.py
[2025-11-15T20:11:33.775+0000] {logging_mixin.py:190} INFO - [2025-11-15T20:11:33.775+0000] {dag.py:3229} INFO - Sync 1 DAGs
[2025-11-15T20:11:33.797+0000] {logging_mixin.py:190} INFO - [2025-11-15T20:11:33.796+0000] {dag.py:4156} INFO - Setting next_dagrun for rodar_script_php to 2025-11-15 00:00:00+00:00, run_after=2025-11-16 00:00:00+00:00
[2025-11-15T20:11:33.810+0000] {processor.py:208} INFO - Processing /opt/airflow/dags/php_dag.py took 0.078 seconds
[2025-11-15T20:12:03.937+0000] {processor.py:186} INFO - Started process (PID=318) to work on /opt/airflow/dags/php_dag.py
[2025-11-15T20:12:03.939+0000] {processor.py:914} INFO - Processing file /opt/airflow/dags/php_dag.py for tasks to queue
[2025-11-15T20:12:03.942+0000] {logging_mixin.py:190} INFO - [2025-11-15T20:12:03.941+0000] {dagbag.py:587} INFO - Filling up the DagBag from /opt/airflow/dags/php_dag.py
[2025-11-15T20:12:03.951+0000] {processor.py:925} INFO - DAG(s) 'rodar_script_php' retrieved from /opt/airflow/dags/php_dag.py
[2025-11-15T20:12:03.972+0000] {logging_mixin.py:190} INFO - [2025-11-15T20:12:03.971+0000] {dag.py:3229} INFO - Sync 1 DAGs
[2025-11-15T20:12:03.991+0000] {logging_mixin.py:190} INFO - [2025-11-15T20:12:03.991+0000] {dag.py:4156} INFO - Setting next_dagrun for rodar_script_php to 2025-11-15 00:00:00+00:00, run_after=2025-11-16 00:00:00+00:00
[2025-11-15T20:12:04.162+0000] {processor.py:208} INFO - Processing /opt/airflow/dags/php_dag.py took 0.230 seconds
[2025-11-15T20:12:34.304+0000] {processor.py:186} INFO - Started process (PID=331) to work on /opt/airflow/dags/php_dag.py
[2025-11-15T20:12:34.308+0000] {processor.py:914} INFO - Processing file /opt/airflow/dags/php_dag.py for tasks to queue
[2025-11-15T20:12:34.310+0000] {logging_mixin.py:190} INFO - [2025-11-15T20:12:34.310+0000] {dagbag.py:587} INFO - Filling up the DagBag from /opt/airflow/dags/php_dag.py
[2025-11-15T20:12:34.322+0000] {processor.py:925} INFO - DAG(s) 'rodar_script_php' retrieved from /opt/airflow/dags/php_dag.py
[2025-11-15T20:12:34.344+0000] {logging_mixin.py:190} INFO - [2025-11-15T20:12:34.344+0000] {dag.py:3229} INFO - Sync 1 DAGs
[2025-11-15T20:12:34.526+0000] {logging_mixin.py:190} INFO - [2025-11-15T20:12:34.526+0000] {dag.py:4156} INFO - Setting next_dagrun for rodar_script_php to 2025-11-15 00:00:00+00:00, run_after=2025-11-16 00:00:00+00:00
[2025-11-15T20:12:34.542+0000] {processor.py:208} INFO - Processing /opt/airflow/dags/php_dag.py took 0.243 seconds
[2025-11-15T20:13:04.685+0000] {processor.py:186} INFO - Started process (PID=341) to work on /opt/airflow/dags/php_dag.py
[2025-11-15T20:13:04.686+0000] {processor.py:914} INFO - Processing file /opt/airflow/dags/php_dag.py for tasks to queue
[2025-11-15T20:13:04.687+0000] {logging_mixin.py:190} INFO - [2025-11-15T20:13:04.687+0000] {dagbag.py:587} INFO - Filling up the DagBag from /opt/airflow/dags/php_dag.py
[2025-11-15T20:13:04.697+0000] {processor.py:925} INFO - DAG(s) 'rodar_script_php' retrieved from /opt/airflow/dags/php_dag.py
[2025-11-15T20:13:04.717+0000] {logging_mixin.py:190} INFO - [2025-11-15T20:13:04.717+0000] {dag.py:3229} INFO - Sync 1 DAGs
[2025-11-15T20:13:04.735+0000] {logging_mixin.py:190} INFO - [2025-11-15T20:13:04.735+0000] {dag.py:4156} INFO - Setting next_dagrun for rodar_script_php to 2025-11-15 00:00:00+00:00, run_after=2025-11-16 00:00:00+00:00
[2025-11-15T20:13:04.751+0000] {processor.py:208} INFO - Processing /opt/airflow/dags/php_dag.py took 0.071 seconds
[2025-11-15T20:13:34.834+0000] {processor.py:186} INFO - Started process (PID=351) to work on /opt/airflow/dags/php_dag.py
[2025-11-15T20:13:34.835+0000] {processor.py:914} INFO - Processing file /opt/airflow/dags/php_dag.py for tasks to queue
[2025-11-15T20:13:34.836+0000] {logging_mixin.py:190} INFO - [2025-11-15T20:13:34.836+0000] {dagbag.py:587} INFO - Filling up the DagBag from /opt/airflow/dags/php_dag.py
[2025-11-15T20:13:34.847+0000] {processor.py:925} INFO - DAG(s) 'rodar_script_php' retrieved from /opt/airflow/dags/php_dag.py
[2025-11-15T20:13:34.870+0000] {logging_mixin.py:190} INFO - [2025-11-15T20:13:34.870+0000] {dag.py:3229} INFO - Sync 1 DAGs
[2025-11-15T20:13:34.895+0000] {logging_mixin.py:190} INFO - [2025-11-15T20:13:34.895+0000] {dag.py:4156} INFO - Setting next_dagrun for rodar_script_php to 2025-11-15 00:00:00+00:00, run_after=2025-11-16 00:00:00+00:00
[2025-11-15T20:13:34.912+0000] {processor.py:208} INFO - Processing /opt/airflow/dags/php_dag.py took 0.084 seconds
[2025-11-15T20:14:05.030+0000] {processor.py:186} INFO - Started process (PID=361) to work on /opt/airflow/dags/php_dag.py
[2025-11-15T20:14:05.031+0000] {processor.py:914} INFO - Processing file /opt/airflow/dags/php_dag.py for tasks to queue
[2025-11-15T20:14:05.033+0000] {logging_mixin.py:190} INFO - [2025-11-15T20:14:05.033+0000] {dagbag.py:587} INFO - Filling up the DagBag from /opt/airflow/dags/php_dag.py
[2025-11-15T20:14:05.044+0000] {processor.py:925} INFO - DAG(s) 'rodar_script_php' retrieved from /opt/airflow/dags/php_dag.py
[2025-11-15T20:14:05.065+0000] {logging_mixin.py:190} INFO - [2025-11-15T20:14:05.065+0000] {dag.py:3229} INFO - Sync 1 DAGs
[2025-11-15T20:14:05.083+0000] {logging_mixin.py:190} INFO - [2025-11-15T20:14:05.083+0000] {dag.py:4156} INFO - Setting next_dagrun for rodar_script_php to 2025-11-15 00:00:00+00:00, run_after=2025-11-16 00:00:00+00:00
[2025-11-15T20:14:05.097+0000] {processor.py:208} INFO - Processing /opt/airflow/dags/php_dag.py took 0.072 seconds
[2025-11-15T20:14:52.249+0000] {processor.py:186} INFO - Started process (PID=179) to work on /opt/airflow/dags/php_dag.py
[2025-11-15T20:14:52.251+0000] {processor.py:914} INFO - Processing file /opt/airflow/dags/php_dag.py for tasks to queue
[2025-11-15T20:14:52.253+0000] {logging_mixin.py:190} INFO - [2025-11-15T20:14:52.253+0000] {dagbag.py:587} INFO - Filling up the DagBag from /opt/airflow/dags/php_dag.py
[2025-11-15T20:14:52.269+0000] {processor.py:925} INFO - DAG(s) 'rodar_script_php' retrieved from /opt/airflow/dags/php_dag.py
[2025-11-15T20:14:52.304+0000] {logging_mixin.py:190} INFO - [2025-11-15T20:14:52.304+0000] {dag.py:3229} INFO - Sync 1 DAGs
[2025-11-15T20:14:52.327+0000] {logging_mixin.py:190} INFO - [2025-11-15T20:14:52.327+0000] {dag.py:4156} INFO - Setting next_dagrun for rodar_script_php to 2025-11-15 00:00:00+00:00, run_after=2025-11-16 00:00:00+00:00
[2025-11-15T20:14:52.341+0000] {processor.py:208} INFO - Processing /opt/airflow/dags/php_dag.py took 0.098 seconds
[2025-11-15T20:15:22.405+0000] {processor.py:186} INFO - Started process (PID=201) to work on /opt/airflow/dags/php_dag.py
[2025-11-15T20:15:22.406+0000] {processor.py:914} INFO - Processing file /opt/airflow/dags/php_dag.py for tasks to queue
[2025-11-15T20:15:22.407+0000] {logging_mixin.py:190} INFO - [2025-11-15T20:15:22.407+0000] {dagbag.py:587} INFO - Filling up the DagBag from /opt/airflow/dags/php_dag.py
[2025-11-15T20:15:22.419+0000] {processor.py:925} INFO - DAG(s) 'rodar_script_php' retrieved from /opt/airflow/dags/php_dag.py
[2025-11-15T20:15:22.442+0000] {logging_mixin.py:190} INFO - [2025-11-15T20:15:22.442+0000] {dag.py:3229} INFO - Sync 1 DAGs
[2025-11-15T20:15:22.461+0000] {logging_mixin.py:190} INFO - [2025-11-15T20:15:22.460+0000] {dag.py:4156} INFO - Setting next_dagrun for rodar_script_php to 2025-11-15 00:00:00+00:00, run_after=2025-11-16 00:00:00+00:00
[2025-11-15T20:15:22.474+0000] {processor.py:208} INFO - Processing /opt/airflow/dags/php_dag.py took 0.074 seconds
[2025-11-15T20:15:52.623+0000] {processor.py:186} INFO - Started process (PID=211) to work on /opt/airflow/dags/php_dag.py
[2025-11-15T20:15:52.624+0000] {processor.py:914} INFO - Processing file /opt/airflow/dags/php_dag.py for tasks to queue
[2025-11-15T20:15:52.628+0000] {logging_mixin.py:190} INFO - [2025-11-15T20:15:52.628+0000] {dagbag.py:587} INFO - Filling up the DagBag from /opt/airflow/dags/php_dag.py
[2025-11-15T20:15:52.639+0000] {processor.py:925} INFO - DAG(s) 'rodar_script_php' retrieved from /opt/airflow/dags/php_dag.py
[2025-11-15T20:15:52.659+0000] {logging_mixin.py:190} INFO - [2025-11-15T20:15:52.659+0000] {dag.py:3229} INFO - Sync 1 DAGs
[2025-11-15T20:15:52.678+0000] {logging_mixin.py:190} INFO - [2025-11-15T20:15:52.678+0000] {dag.py:4156} INFO - Setting next_dagrun for rodar_script_php to 2025-11-15 00:00:00+00:00, run_after=2025-11-16 00:00:00+00:00
[2025-11-15T20:15:52.691+0000] {processor.py:208} INFO - Processing /opt/airflow/dags/php_dag.py took 0.075 seconds
[2025-11-15T20:16:22.785+0000] {processor.py:186} INFO - Started process (PID=224) to work on /opt/airflow/dags/php_dag.py
[2025-11-15T20:16:22.786+0000] {processor.py:914} INFO - Processing file /opt/airflow/dags/php_dag.py for tasks to queue
[2025-11-15T20:16:22.792+0000] {logging_mixin.py:190} INFO - [2025-11-15T20:16:22.791+0000] {dagbag.py:587} INFO - Filling up the DagBag from /opt/airflow/dags/php_dag.py
[2025-11-15T20:16:22.809+0000] {processor.py:925} INFO - DAG(s) 'rodar_script_php' retrieved from /opt/airflow/dags/php_dag.py
[2025-11-15T20:16:22.832+0000] {logging_mixin.py:190} INFO - [2025-11-15T20:16:22.831+0000] {dag.py:3229} INFO - Sync 1 DAGs
[2025-11-15T20:16:22.851+0000] {logging_mixin.py:190} INFO - [2025-11-15T20:16:22.851+0000] {dag.py:4156} INFO - Setting next_dagrun for rodar_script_php to 2025-11-15 00:00:00+00:00, run_after=2025-11-16 00:00:00+00:00
[2025-11-15T20:16:22.865+0000] {processor.py:208} INFO - Processing /opt/airflow/dags/php_dag.py took 0.088 seconds
[2025-11-15T20:16:52.977+0000] {processor.py:186} INFO - Started process (PID=234) to work on /opt/airflow/dags/php_dag.py
[2025-11-15T20:16:52.978+0000] {processor.py:914} INFO - Processing file /opt/airflow/dags/php_dag.py for tasks to queue
[2025-11-15T20:16:52.980+0000] {logging_mixin.py:190} INFO - [2025-11-15T20:16:52.979+0000] {dagbag.py:587} INFO - Filling up the DagBag from /opt/airflow/dags/php_dag.py
[2025-11-15T20:16:52.991+0000] {processor.py:925} INFO - DAG(s) 'rodar_script_php' retrieved from /opt/airflow/dags/php_dag.py
[2025-11-15T20:16:53.013+0000] {logging_mixin.py:190} INFO - [2025-11-15T20:16:53.013+0000] {dag.py:3229} INFO - Sync 1 DAGs
[2025-11-15T20:16:53.034+0000] {logging_mixin.py:190} INFO - [2025-11-15T20:16:53.034+0000] {dag.py:4156} INFO - Setting next_dagrun for rodar_script_php to 2025-11-15 00:00:00+00:00, run_after=2025-11-16 00:00:00+00:00
[2025-11-15T20:16:53.051+0000] {processor.py:208} INFO - Processing /opt/airflow/dags/php_dag.py took 0.079 seconds
[2025-11-15T20:17:23.163+0000] {processor.py:186} INFO - Started process (PID=244) to work on /opt/airflow/dags/php_dag.py
[2025-11-15T20:17:23.165+0000] {processor.py:914} INFO - Processing file /opt/airflow/dags/php_dag.py for tasks to queue
[2025-11-15T20:17:23.167+0000] {logging_mixin.py:190} INFO - [2025-11-15T20:17:23.166+0000] {dagbag.py:587} INFO - Filling up the DagBag from /opt/airflow/dags/php_dag.py
[2025-11-15T20:17:23.177+0000] {processor.py:925} INFO - DAG(s) 'rodar_script_php' retrieved from /opt/airflow/dags/php_dag.py
[2025-11-15T20:17:23.200+0000] {logging_mixin.py:190} INFO - [2025-11-15T20:17:23.199+0000] {dag.py:3229} INFO - Sync 1 DAGs
[2025-11-15T20:17:23.221+0000] {logging_mixin.py:190} INFO - [2025-11-15T20:17:23.221+0000] {dag.py:4156} INFO - Setting next_dagrun for rodar_script_php to 2025-11-15 00:00:00+00:00, run_after=2025-11-16 00:00:00+00:00
[2025-11-15T20:17:23.238+0000] {processor.py:208} INFO - Processing /opt/airflow/dags/php_dag.py took 0.081 seconds
[2025-11-15T20:17:53.334+0000] {processor.py:186} INFO - Started process (PID=254) to work on /opt/airflow/dags/php_dag.py
[2025-11-15T20:17:53.335+0000] {processor.py:914} INFO - Processing file /opt/airflow/dags/php_dag.py for tasks to queue
[2025-11-15T20:17:53.337+0000] {logging_mixin.py:190} INFO - [2025-11-15T20:17:53.337+0000] {dagbag.py:587} INFO - Filling up the DagBag from /opt/airflow/dags/php_dag.py
[2025-11-15T20:17:53.349+0000] {processor.py:925} INFO - DAG(s) 'rodar_script_php' retrieved from /opt/airflow/dags/php_dag.py
[2025-11-15T20:17:53.372+0000] {logging_mixin.py:190} INFO - [2025-11-15T20:17:53.371+0000] {dag.py:3229} INFO - Sync 1 DAGs
[2025-11-15T20:17:53.392+0000] {logging_mixin.py:190} INFO - [2025-11-15T20:17:53.392+0000] {dag.py:4156} INFO - Setting next_dagrun for rodar_script_php to 2025-11-15 00:00:00+00:00, run_after=2025-11-16 00:00:00+00:00
[2025-11-15T20:17:53.407+0000] {processor.py:208} INFO - Processing /opt/airflow/dags/php_dag.py took 0.078 seconds
[2025-11-15T20:18:23.528+0000] {processor.py:186} INFO - Started process (PID=264) to work on /opt/airflow/dags/php_dag.py
[2025-11-15T20:18:23.528+0000] {processor.py:914} INFO - Processing file /opt/airflow/dags/php_dag.py for tasks to queue
[2025-11-15T20:18:23.530+0000] {logging_mixin.py:190} INFO - [2025-11-15T20:18:23.530+0000] {dagbag.py:587} INFO - Filling up the DagBag from /opt/airflow/dags/php_dag.py
[2025-11-15T20:18:23.540+0000] {processor.py:925} INFO - DAG(s) 'rodar_script_php' retrieved from /opt/airflow/dags/php_dag.py
[2025-11-15T20:18:23.560+0000] {logging_mixin.py:190} INFO - [2025-11-15T20:18:23.560+0000] {dag.py:3229} INFO - Sync 1 DAGs
[2025-11-15T20:18:23.581+0000] {logging_mixin.py:190} INFO - [2025-11-15T20:18:23.580+0000] {dag.py:4156} INFO - Setting next_dagrun for rodar_script_php to 2025-11-15 00:00:00+00:00, run_after=2025-11-16 00:00:00+00:00
[2025-11-15T20:18:23.594+0000] {processor.py:208} INFO - Processing /opt/airflow/dags/php_dag.py took 0.073 seconds
[2025-11-15T20:18:53.679+0000] {processor.py:186} INFO - Started process (PID=286) to work on /opt/airflow/dags/php_dag.py
[2025-11-15T20:18:53.680+0000] {processor.py:914} INFO - Processing file /opt/airflow/dags/php_dag.py for tasks to queue
[2025-11-15T20:18:53.682+0000] {logging_mixin.py:190} INFO - [2025-11-15T20:18:53.682+0000] {dagbag.py:587} INFO - Filling up the DagBag from /opt/airflow/dags/php_dag.py
[2025-11-15T20:18:53.692+0000] {processor.py:925} INFO - DAG(s) 'rodar_script_php' retrieved from /opt/airflow/dags/php_dag.py
[2025-11-15T20:18:53.715+0000] {logging_mixin.py:190} INFO - [2025-11-15T20:18:53.714+0000] {dag.py:3229} INFO - Sync 1 DAGs
[2025-11-15T20:18:53.737+0000] {logging_mixin.py:190} INFO - [2025-11-15T20:18:53.737+0000] {dag.py:4156} INFO - Setting next_dagrun for rodar_script_php to 2025-11-15 00:00:00+00:00, run_after=2025-11-16 00:00:00+00:00
[2025-11-15T20:18:53.753+0000] {processor.py:208} INFO - Processing /opt/airflow/dags/php_dag.py took 0.080 seconds
[2025-11-15T20:19:23.858+0000] {processor.py:186} INFO - Started process (PID=296) to work on /opt/airflow/dags/php_dag.py
[2025-11-15T20:19:23.859+0000] {processor.py:914} INFO - Processing file /opt/airflow/dags/php_dag.py for tasks to queue
[2025-11-15T20:19:23.861+0000] {logging_mixin.py:190} INFO - [2025-11-15T20:19:23.861+0000] {dagbag.py:587} INFO - Filling up the DagBag from /opt/airflow/dags/php_dag.py
[2025-11-15T20:19:23.871+0000] {processor.py:925} INFO - DAG(s) 'rodar_script_php' retrieved from /opt/airflow/dags/php_dag.py
[2025-11-15T20:19:23.891+0000] {logging_mixin.py:190} INFO - [2025-11-15T20:19:23.891+0000] {dag.py:3229} INFO - Sync 1 DAGs
[2025-11-15T20:19:23.910+0000] {logging_mixin.py:190} INFO - [2025-11-15T20:19:23.910+0000] {dag.py:4156} INFO - Setting next_dagrun for rodar_script_php to 2025-11-15 00:00:00+00:00, run_after=2025-11-16 00:00:00+00:00
[2025-11-15T20:19:23.923+0000] {processor.py:208} INFO - Processing /opt/airflow/dags/php_dag.py took 0.070 seconds
[2025-11-15T20:19:54.022+0000] {processor.py:186} INFO - Started process (PID=306) to work on /opt/airflow/dags/php_dag.py
[2025-11-15T20:19:54.022+0000] {processor.py:914} INFO - Processing file /opt/airflow/dags/php_dag.py for tasks to queue
[2025-11-15T20:19:54.025+0000] {logging_mixin.py:190} INFO - [2025-11-15T20:19:54.025+0000] {dagbag.py:587} INFO - Filling up the DagBag from /opt/airflow/dags/php_dag.py
[2025-11-15T20:19:54.035+0000] {processor.py:925} INFO - DAG(s) 'rodar_script_php' retrieved from /opt/airflow/dags/php_dag.py
[2025-11-15T20:19:54.056+0000] {logging_mixin.py:190} INFO - [2025-11-15T20:19:54.056+0000] {dag.py:3229} INFO - Sync 1 DAGs
[2025-11-15T20:19:54.080+0000] {logging_mixin.py:190} INFO - [2025-11-15T20:19:54.079+0000] {dag.py:4156} INFO - Setting next_dagrun for rodar_script_php to 2025-11-15 00:00:00+00:00, run_after=2025-11-16 00:00:00+00:00
[2025-11-15T20:19:54.259+0000] {processor.py:208} INFO - Processing /opt/airflow/dags/php_dag.py took 0.243 seconds
[2025-11-15T20:20:24.411+0000] {processor.py:186} INFO - Started process (PID=328) to work on /opt/airflow/dags/php_dag.py
[2025-11-15T20:20:24.412+0000] {processor.py:914} INFO - Processing file /opt/airflow/dags/php_dag.py for tasks to queue
[2025-11-15T20:20:24.415+0000] {logging_mixin.py:190} INFO - [2025-11-15T20:20:24.415+0000] {dagbag.py:587} INFO - Filling up the DagBag from /opt/airflow/dags/php_dag.py
[2025-11-15T20:20:24.426+0000] {processor.py:925} INFO - DAG(s) 'rodar_script_php' retrieved from /opt/airflow/dags/php_dag.py
[2025-11-15T20:20:24.450+0000] {logging_mixin.py:190} INFO - [2025-11-15T20:20:24.450+0000] {dag.py:3229} INFO - Sync 1 DAGs
[2025-11-15T20:20:24.651+0000] {logging_mixin.py:190} INFO - [2025-11-15T20:20:24.651+0000] {dag.py:4156} INFO - Setting next_dagrun for rodar_script_php to 2025-11-15 00:00:00+00:00, run_after=2025-11-16 00:00:00+00:00
[2025-11-15T20:20:24.664+0000] {processor.py:208} INFO - Processing /opt/airflow/dags/php_dag.py took 0.259 seconds
[2025-11-15T20:20:54.815+0000] {processor.py:186} INFO - Started process (PID=338) to work on /opt/airflow/dags/php_dag.py
[2025-11-15T20:20:54.816+0000] {processor.py:914} INFO - Processing file /opt/airflow/dags/php_dag.py for tasks to queue
[2025-11-15T20:20:54.817+0000] {logging_mixin.py:190} INFO - [2025-11-15T20:20:54.817+0000] {dagbag.py:587} INFO - Filling up the DagBag from /opt/airflow/dags/php_dag.py
[2025-11-15T20:20:54.827+0000] {processor.py:925} INFO - DAG(s) 'rodar_script_php' retrieved from /opt/airflow/dags/php_dag.py
[2025-11-15T20:20:54.850+0000] {logging_mixin.py:190} INFO - [2025-11-15T20:20:54.850+0000] {dag.py:3229} INFO - Sync 1 DAGs
[2025-11-15T20:20:54.869+0000] {logging_mixin.py:190} INFO - [2025-11-15T20:20:54.868+0000] {dag.py:4156} INFO - Setting next_dagrun for rodar_script_php to 2025-11-15 00:00:00+00:00, run_after=2025-11-16 00:00:00+00:00
[2025-11-15T20:20:54.884+0000] {processor.py:208} INFO - Processing /opt/airflow/dags/php_dag.py took 0.074 seconds
[2025-11-15T20:21:24.970+0000] {processor.py:186} INFO - Started process (PID=348) to work on /opt/airflow/dags/php_dag.py
[2025-11-15T20:21:24.970+0000] {processor.py:914} INFO - Processing file /opt/airflow/dags/php_dag.py for tasks to queue
[2025-11-15T20:21:24.972+0000] {logging_mixin.py:190} INFO - [2025-11-15T20:21:24.972+0000] {dagbag.py:587} INFO - Filling up the DagBag from /opt/airflow/dags/php_dag.py
[2025-11-15T20:21:24.982+0000] {processor.py:925} INFO - DAG(s) 'rodar_script_php' retrieved from /opt/airflow/dags/php_dag.py
[2025-11-15T20:21:25.004+0000] {logging_mixin.py:190} INFO - [2025-11-15T20:21:25.004+0000] {dag.py:3229} INFO - Sync 1 DAGs
[2025-11-15T20:21:25.025+0000] {logging_mixin.py:190} INFO - [2025-11-15T20:21:25.024+0000] {dag.py:4156} INFO - Setting next_dagrun for rodar_script_php to 2025-11-15 00:00:00+00:00, run_after=2025-11-16 00:00:00+00:00
[2025-11-15T20:21:25.038+0000] {processor.py:208} INFO - Processing /opt/airflow/dags/php_dag.py took 0.074 seconds
[2025-11-15T20:21:55.175+0000] {processor.py:186} INFO - Started process (PID=358) to work on /opt/airflow/dags/php_dag.py
[2025-11-15T20:21:55.175+0000] {processor.py:914} INFO - Processing file /opt/airflow/dags/php_dag.py for tasks to queue
[2025-11-15T20:21:55.178+0000] {logging_mixin.py:190} INFO - [2025-11-15T20:21:55.177+0000] {dagbag.py:587} INFO - Filling up the DagBag from /opt/airflow/dags/php_dag.py
[2025-11-15T20:21:55.190+0000] {processor.py:925} INFO - DAG(s) 'rodar_script_php' retrieved from /opt/airflow/dags/php_dag.py
[2025-11-15T20:21:55.210+0000] {logging_mixin.py:190} INFO - [2025-11-15T20:21:55.209+0000] {dag.py:3229} INFO - Sync 1 DAGs
[2025-11-15T20:21:55.230+0000] {logging_mixin.py:190} INFO - [2025-11-15T20:21:55.230+0000] {dag.py:4156} INFO - Setting next_dagrun for rodar_script_php to 2025-11-15 00:00:00+00:00, run_after=2025-11-16 00:00:00+00:00
[2025-11-15T20:21:55.247+0000] {processor.py:208} INFO - Processing /opt/airflow/dags/php_dag.py took 0.078 seconds
[2025-11-15T20:22:25.330+0000] {processor.py:186} INFO - Started process (PID=368) to work on /opt/airflow/dags/php_dag.py
[2025-11-15T20:22:25.330+0000] {processor.py:914} INFO - Processing file /opt/airflow/dags/php_dag.py for tasks to queue
[2025-11-15T20:22:25.333+0000] {logging_mixin.py:190} INFO - [2025-11-15T20:22:25.332+0000] {dagbag.py:587} INFO - Filling up the DagBag from /opt/airflow/dags/php_dag.py
[2025-11-15T20:22:25.347+0000] {processor.py:925} INFO - DAG(s) 'rodar_script_php' retrieved from /opt/airflow/dags/php_dag.py
[2025-11-15T20:22:25.369+0000] {logging_mixin.py:190} INFO - [2025-11-15T20:22:25.369+0000] {dag.py:3229} INFO - Sync 1 DAGs
[2025-11-15T20:22:25.389+0000] {logging_mixin.py:190} INFO - [2025-11-15T20:22:25.388+0000] {dag.py:4156} INFO - Setting next_dagrun for rodar_script_php to 2025-11-15 00:00:00+00:00, run_after=2025-11-16 00:00:00+00:00
[2025-11-15T20:22:25.403+0000] {processor.py:208} INFO - Processing /opt/airflow/dags/php_dag.py took 0.078 seconds
[2025-11-15T20:22:55.530+0000] {processor.py:186} INFO - Started process (PID=378) to work on /opt/airflow/dags/php_dag.py
[2025-11-15T20:22:55.531+0000] {processor.py:914} INFO - Processing file /opt/airflow/dags/php_dag.py for tasks to queue
[2025-11-15T20:22:55.533+0000] {logging_mixin.py:190} INFO - [2025-11-15T20:22:55.533+0000] {dagbag.py:587} INFO - Filling up the DagBag from /opt/airflow/dags/php_dag.py
[2025-11-15T20:22:55.544+0000] {processor.py:925} INFO - DAG(s) 'rodar_script_php' retrieved from /opt/airflow/dags/php_dag.py
[2025-11-15T20:22:55.566+0000] {logging_mixin.py:190} INFO - [2025-11-15T20:22:55.566+0000] {dag.py:3229} INFO - Sync 1 DAGs
[2025-11-15T20:22:55.766+0000] {logging_mixin.py:190} INFO - [2025-11-15T20:22:55.766+0000] {dag.py:4156} INFO - Setting next_dagrun for rodar_script_php to 2025-11-15 00:00:00+00:00, run_after=2025-11-16 00:00:00+00:00
[2025-11-15T20:22:55.785+0000] {processor.py:208} INFO - Processing /opt/airflow/dags/php_dag.py took 0.260 seconds
[2025-11-15T20:23:25.933+0000] {processor.py:186} INFO - Started process (PID=388) to work on /opt/airflow/dags/php_dag.py
[2025-11-15T20:23:25.936+0000] {processor.py:914} INFO - Processing file /opt/airflow/dags/php_dag.py for tasks to queue
[2025-11-15T20:23:25.939+0000] {logging_mixin.py:190} INFO - [2025-11-15T20:23:25.938+0000] {dagbag.py:587} INFO - Filling up the DagBag from /opt/airflow/dags/php_dag.py
[2025-11-15T20:23:25.949+0000] {processor.py:925} INFO - DAG(s) 'rodar_script_php' retrieved from /opt/airflow/dags/php_dag.py
[2025-11-15T20:23:25.973+0000] {logging_mixin.py:190} INFO - [2025-11-15T20:23:25.973+0000] {dag.py:3229} INFO - Sync 1 DAGs
[2025-11-15T20:23:26.167+0000] {logging_mixin.py:190} INFO - [2025-11-15T20:23:26.166+0000] {dag.py:4156} INFO - Setting next_dagrun for rodar_script_php to 2025-11-15 00:00:00+00:00, run_after=2025-11-16 00:00:00+00:00
[2025-11-15T20:23:26.187+0000] {processor.py:208} INFO - Processing /opt/airflow/dags/php_dag.py took 0.259 seconds
[2025-11-15T20:23:56.335+0000] {processor.py:186} INFO - Started process (PID=398) to work on /opt/airflow/dags/php_dag.py
[2025-11-15T20:23:56.335+0000] {processor.py:914} INFO - Processing file /opt/airflow/dags/php_dag.py for tasks to queue
[2025-11-15T20:23:56.338+0000] {logging_mixin.py:190} INFO - [2025-11-15T20:23:56.337+0000] {dagbag.py:587} INFO - Filling up the DagBag from /opt/airflow/dags/php_dag.py
[2025-11-15T20:23:56.350+0000] {processor.py:925} INFO - DAG(s) 'rodar_script_php' retrieved from /opt/airflow/dags/php_dag.py
[2025-11-15T20:23:56.372+0000] {logging_mixin.py:190} INFO - [2025-11-15T20:23:56.372+0000] {dag.py:3229} INFO - Sync 1 DAGs
[2025-11-15T20:23:56.393+0000] {logging_mixin.py:190} INFO - [2025-11-15T20:23:56.392+0000] {dag.py:4156} INFO - Setting next_dagrun for rodar_script_php to 2025-11-15 00:00:00+00:00, run_after=2025-11-16 00:00:00+00:00
[2025-11-15T20:23:56.408+0000] {processor.py:208} INFO - Processing /opt/airflow/dags/php_dag.py took 0.078 seconds
[2025-11-15T20:24:26.491+0000] {processor.py:186} INFO - Started process (PID=408) to work on /opt/airflow/dags/php_dag.py
[2025-11-15T20:24:26.495+0000] {processor.py:914} INFO - Processing file /opt/airflow/dags/php_dag.py for tasks to queue
[2025-11-15T20:24:26.498+0000] {logging_mixin.py:190} INFO - [2025-11-15T20:24:26.497+0000] {dagbag.py:587} INFO - Filling up the DagBag from /opt/airflow/dags/php_dag.py
[2025-11-15T20:24:26.508+0000] {processor.py:925} INFO - DAG(s) 'rodar_script_php' retrieved from /opt/airflow/dags/php_dag.py
[2025-11-15T20:24:26.532+0000] {logging_mixin.py:190} INFO - [2025-11-15T20:24:26.531+0000] {dag.py:3229} INFO - Sync 1 DAGs
[2025-11-15T20:24:26.550+0000] {logging_mixin.py:190} INFO - [2025-11-15T20:24:26.550+0000] {dag.py:4156} INFO - Setting next_dagrun for rodar_script_php to 2025-11-15 00:00:00+00:00, run_after=2025-11-16 00:00:00+00:00
[2025-11-15T20:24:26.563+0000] {processor.py:208} INFO - Processing /opt/airflow/dags/php_dag.py took 0.076 seconds
[2025-11-15T20:24:56.706+0000] {processor.py:186} INFO - Started process (PID=418) to work on /opt/airflow/dags/php_dag.py
[2025-11-15T20:24:56.709+0000] {processor.py:914} INFO - Processing file /opt/airflow/dags/php_dag.py for tasks to queue
[2025-11-15T20:24:56.711+0000] {logging_mixin.py:190} INFO - [2025-11-15T20:24:56.711+0000] {dagbag.py:587} INFO - Filling up the DagBag from /opt/airflow/dags/php_dag.py
[2025-11-15T20:24:56.722+0000] {processor.py:925} INFO - DAG(s) 'rodar_script_php' retrieved from /opt/airflow/dags/php_dag.py
[2025-11-15T20:24:56.747+0000] {logging_mixin.py:190} INFO - [2025-11-15T20:24:56.747+0000] {dag.py:3229} INFO - Sync 1 DAGs
[2025-11-15T20:24:56.769+0000] {logging_mixin.py:190} INFO - [2025-11-15T20:24:56.769+0000] {dag.py:4156} INFO - Setting next_dagrun for rodar_script_php to 2025-11-15 00:00:00+00:00, run_after=2025-11-16 00:00:00+00:00
[2025-11-15T20:24:56.784+0000] {processor.py:208} INFO - Processing /opt/airflow/dags/php_dag.py took 0.083 seconds
[2025-11-15T20:25:26.852+0000] {processor.py:186} INFO - Started process (PID=440) to work on /opt/airflow/dags/php_dag.py
[2025-11-15T20:25:26.856+0000] {processor.py:914} INFO - Processing file /opt/airflow/dags/php_dag.py for tasks to queue
[2025-11-15T20:25:26.857+0000] {logging_mixin.py:190} INFO - [2025-11-15T20:25:26.857+0000] {dagbag.py:587} INFO - Filling up the DagBag from /opt/airflow/dags/php_dag.py
[2025-11-15T20:25:26.866+0000] {processor.py:925} INFO - DAG(s) 'rodar_script_php' retrieved from /opt/airflow/dags/php_dag.py
[2025-11-15T20:25:26.886+0000] {logging_mixin.py:190} INFO - [2025-11-15T20:25:26.886+0000] {dag.py:3229} INFO - Sync 1 DAGs
[2025-11-15T20:25:26.904+0000] {logging_mixin.py:190} INFO - [2025-11-15T20:25:26.904+0000] {dag.py:4156} INFO - Setting next_dagrun for rodar_script_php to 2025-11-15 00:00:00+00:00, run_after=2025-11-16 00:00:00+00:00
[2025-11-15T20:25:27.068+0000] {processor.py:208} INFO - Processing /opt/airflow/dags/php_dag.py took 0.220 seconds
[2025-11-15T20:25:57.217+0000] {processor.py:186} INFO - Started process (PID=450) to work on /opt/airflow/dags/php_dag.py
[2025-11-15T20:25:57.219+0000] {processor.py:914} INFO - Processing file /opt/airflow/dags/php_dag.py for tasks to queue
[2025-11-15T20:25:57.221+0000] {logging_mixin.py:190} INFO - [2025-11-15T20:25:57.220+0000] {dagbag.py:587} INFO - Filling up the DagBag from /opt/airflow/dags/php_dag.py
[2025-11-15T20:25:57.231+0000] {processor.py:925} INFO - DAG(s) 'rodar_script_php' retrieved from /opt/airflow/dags/php_dag.py
[2025-11-15T20:25:57.259+0000] {logging_mixin.py:190} INFO - [2025-11-15T20:25:57.259+0000] {dag.py:3229} INFO - Sync 1 DAGs
[2025-11-15T20:25:57.438+0000] {logging_mixin.py:190} INFO - [2025-11-15T20:25:57.438+0000] {dag.py:4156} INFO - Setting next_dagrun for rodar_script_php to 2025-11-15 00:00:00+00:00, run_after=2025-11-16 00:00:00+00:00
[2025-11-15T20:25:57.455+0000] {processor.py:208} INFO - Processing /opt/airflow/dags/php_dag.py took 0.244 seconds
[2025-11-15T20:26:27.606+0000] {processor.py:186} INFO - Started process (PID=460) to work on /opt/airflow/dags/php_dag.py
[2025-11-15T20:26:27.607+0000] {processor.py:914} INFO - Processing file /opt/airflow/dags/php_dag.py for tasks to queue
[2025-11-15T20:26:27.609+0000] {logging_mixin.py:190} INFO - [2025-11-15T20:26:27.609+0000] {dagbag.py:587} INFO - Filling up the DagBag from /opt/airflow/dags/php_dag.py
[2025-11-15T20:26:27.619+0000] {processor.py:925} INFO - DAG(s) 'rodar_script_php' retrieved from /opt/airflow/dags/php_dag.py
[2025-11-15T20:26:27.640+0000] {logging_mixin.py:190} INFO - [2025-11-15T20:26:27.640+0000] {dag.py:3229} INFO - Sync 1 DAGs
[2025-11-15T20:26:27.817+0000] {logging_mixin.py:190} INFO - [2025-11-15T20:26:27.817+0000] {dag.py:4156} INFO - Setting next_dagrun for rodar_script_php to 2025-11-15 00:00:00+00:00, run_after=2025-11-16 00:00:00+00:00
[2025-11-15T20:26:27.831+0000] {processor.py:208} INFO - Processing /opt/airflow/dags/php_dag.py took 0.230 seconds
[2025-11-15T20:26:57.987+0000] {processor.py:186} INFO - Started process (PID=470) to work on /opt/airflow/dags/php_dag.py
[2025-11-15T20:26:57.988+0000] {processor.py:914} INFO - Processing file /opt/airflow/dags/php_dag.py for tasks to queue
[2025-11-15T20:26:57.990+0000] {logging_mixin.py:190} INFO - [2025-11-15T20:26:57.990+0000] {dagbag.py:587} INFO - Filling up the DagBag from /opt/airflow/dags/php_dag.py
[2025-11-15T20:26:58.000+0000] {processor.py:925} INFO - DAG(s) 'rodar_script_php' retrieved from /opt/airflow/dags/php_dag.py
[2025-11-15T20:26:58.019+0000] {logging_mixin.py:190} INFO - [2025-11-15T20:26:58.019+0000] {dag.py:3229} INFO - Sync 1 DAGs
[2025-11-15T20:26:58.037+0000] {logging_mixin.py:190} INFO - [2025-11-15T20:26:58.037+0000] {dag.py:4156} INFO - Setting next_dagrun for rodar_script_php to 2025-11-15 00:00:00+00:00, run_after=2025-11-16 00:00:00+00:00
[2025-11-15T20:26:58.053+0000] {processor.py:208} INFO - Processing /opt/airflow/dags/php_dag.py took 0.071 seconds
[2025-11-15T20:27:28.137+0000] {processor.py:186} INFO - Started process (PID=480) to work on /opt/airflow/dags/php_dag.py
[2025-11-15T20:27:28.138+0000] {processor.py:914} INFO - Processing file /opt/airflow/dags/php_dag.py for tasks to queue
[2025-11-15T20:27:28.139+0000] {logging_mixin.py:190} INFO - [2025-11-15T20:27:28.139+0000] {dagbag.py:587} INFO - Filling up the DagBag from /opt/airflow/dags/php_dag.py
[2025-11-15T20:27:28.149+0000] {processor.py:925} INFO - DAG(s) 'rodar_script_php' retrieved from /opt/airflow/dags/php_dag.py
[2025-11-15T20:27:28.169+0000] {logging_mixin.py:190} INFO - [2025-11-15T20:27:28.169+0000] {dag.py:3229} INFO - Sync 1 DAGs
[2025-11-15T20:27:28.188+0000] {logging_mixin.py:190} INFO - [2025-11-15T20:27:28.188+0000] {dag.py:4156} INFO - Setting next_dagrun for rodar_script_php to 2025-11-15 00:00:00+00:00, run_after=2025-11-16 00:00:00+00:00
[2025-11-15T20:27:28.201+0000] {processor.py:208} INFO - Processing /opt/airflow/dags/php_dag.py took 0.070 seconds
[2025-11-15T20:27:58.333+0000] {processor.py:186} INFO - Started process (PID=490) to work on /opt/airflow/dags/php_dag.py
[2025-11-15T20:27:58.334+0000] {processor.py:914} INFO - Processing file /opt/airflow/dags/php_dag.py for tasks to queue
[2025-11-15T20:27:58.337+0000] {logging_mixin.py:190} INFO - [2025-11-15T20:27:58.336+0000] {dagbag.py:587} INFO - Filling up the DagBag from /opt/airflow/dags/php_dag.py
[2025-11-15T20:27:58.345+0000] {processor.py:925} INFO - DAG(s) 'rodar_script_php' retrieved from /opt/airflow/dags/php_dag.py
[2025-11-15T20:27:58.364+0000] {logging_mixin.py:190} INFO - [2025-11-15T20:27:58.364+0000] {dag.py:3229} INFO - Sync 1 DAGs
[2025-11-15T20:27:58.382+0000] {logging_mixin.py:190} INFO - [2025-11-15T20:27:58.382+0000] {dag.py:4156} INFO - Setting next_dagrun for rodar_script_php to 2025-11-15 00:00:00+00:00, run_after=2025-11-16 00:00:00+00:00
[2025-11-15T20:27:58.394+0000] {processor.py:208} INFO - Processing /opt/airflow/dags/php_dag.py took 0.065 seconds
[2025-11-15T20:28:28.514+0000] {processor.py:186} INFO - Started process (PID=500) to work on /opt/airflow/dags/php_dag.py
[2025-11-15T20:28:28.515+0000] {processor.py:914} INFO - Processing file /opt/airflow/dags/php_dag.py for tasks to queue
[2025-11-15T20:28:28.517+0000] {logging_mixin.py:190} INFO - [2025-11-15T20:28:28.516+0000] {dagbag.py:587} INFO - Filling up the DagBag from /opt/airflow/dags/php_dag.py
[2025-11-15T20:28:28.527+0000] {processor.py:925} INFO - DAG(s) 'rodar_script_php' retrieved from /opt/airflow/dags/php_dag.py
[2025-11-15T20:28:28.551+0000] {logging_mixin.py:190} INFO - [2025-11-15T20:28:28.551+0000] {dag.py:3229} INFO - Sync 1 DAGs
[2025-11-15T20:28:28.575+0000] {logging_mixin.py:190} INFO - [2025-11-15T20:28:28.575+0000] {dag.py:4156} INFO - Setting next_dagrun for rodar_script_php to 2025-11-15 00:00:00+00:00, run_after=2025-11-16 00:00:00+00:00
[2025-11-15T20:28:28.782+0000] {processor.py:208} INFO - Processing /opt/airflow/dags/php_dag.py took 0.276 seconds
[2025-11-15T20:28:58.950+0000] {processor.py:186} INFO - Started process (PID=510) to work on /opt/airflow/dags/php_dag.py
[2025-11-15T20:28:58.952+0000] {processor.py:914} INFO - Processing file /opt/airflow/dags/php_dag.py for tasks to queue
[2025-11-15T20:28:58.954+0000] {logging_mixin.py:190} INFO - [2025-11-15T20:28:58.953+0000] {dagbag.py:587} INFO - Filling up the DagBag from /opt/airflow/dags/php_dag.py
[2025-11-15T20:28:58.964+0000] {processor.py:925} INFO - DAG(s) 'rodar_script_php' retrieved from /opt/airflow/dags/php_dag.py
[2025-11-15T20:28:58.987+0000] {logging_mixin.py:190} INFO - [2025-11-15T20:28:58.987+0000] {dag.py:3229} INFO - Sync 1 DAGs
[2025-11-15T20:28:59.198+0000] {logging_mixin.py:190} INFO - [2025-11-15T20:28:59.198+0000] {dag.py:4156} INFO - Setting next_dagrun for rodar_script_php to 2025-11-15 00:00:00+00:00, run_after=2025-11-16 00:00:00+00:00
[2025-11-15T20:28:59.214+0000] {processor.py:208} INFO - Processing /opt/airflow/dags/php_dag.py took 0.268 seconds
[2025-11-15T20:29:29.387+0000] {processor.py:186} INFO - Started process (PID=520) to work on /opt/airflow/dags/php_dag.py
[2025-11-15T20:29:29.388+0000] {processor.py:914} INFO - Processing file /opt/airflow/dags/php_dag.py for tasks to queue
[2025-11-15T20:29:29.390+0000] {logging_mixin.py:190} INFO - [2025-11-15T20:29:29.390+0000] {dagbag.py:587} INFO - Filling up the DagBag from /opt/airflow/dags/php_dag.py
[2025-11-15T20:29:29.402+0000] {processor.py:925} INFO - DAG(s) 'rodar_script_php' retrieved from /opt/airflow/dags/php_dag.py
[2025-11-15T20:29:29.423+0000] {logging_mixin.py:190} INFO - [2025-11-15T20:29:29.423+0000] {dag.py:3229} INFO - Sync 1 DAGs
[2025-11-15T20:29:29.445+0000] {logging_mixin.py:190} INFO - [2025-11-15T20:29:29.445+0000] {dag.py:4156} INFO - Setting next_dagrun for rodar_script_php to 2025-11-15 00:00:00+00:00, run_after=2025-11-16 00:00:00+00:00
[2025-11-15T20:29:29.458+0000] {processor.py:208} INFO - Processing /opt/airflow/dags/php_dag.py took 0.078 seconds
[2025-11-15T20:29:59.570+0000] {processor.py:186} INFO - Started process (PID=530) to work on /opt/airflow/dags/php_dag.py
[2025-11-15T20:29:59.572+0000] {processor.py:914} INFO - Processing file /opt/airflow/dags/php_dag.py for tasks to queue
[2025-11-15T20:29:59.575+0000] {logging_mixin.py:190} INFO - [2025-11-15T20:29:59.574+0000] {dagbag.py:587} INFO - Filling up the DagBag from /opt/airflow/dags/php_dag.py
[2025-11-15T20:29:59.589+0000] {processor.py:925} INFO - DAG(s) 'rodar_script_php' retrieved from /opt/airflow/dags/php_dag.py
[2025-11-15T20:29:59.615+0000] {logging_mixin.py:190} INFO - [2025-11-15T20:29:59.614+0000] {dag.py:3229} INFO - Sync 1 DAGs
[2025-11-15T20:29:59.639+0000] {logging_mixin.py:190} INFO - [2025-11-15T20:29:59.638+0000] {dag.py:4156} INFO - Setting next_dagrun for rodar_script_php to 2025-11-15 00:00:00+00:00, run_after=2025-11-16 00:00:00+00:00
[2025-11-15T20:29:59.657+0000] {processor.py:208} INFO - Processing /opt/airflow/dags/php_dag.py took 0.092 seconds
[2025-11-15T20:30:29.764+0000] {processor.py:186} INFO - Started process (PID=552) to work on /opt/airflow/dags/php_dag.py
[2025-11-15T20:30:29.765+0000] {processor.py:914} INFO - Processing file /opt/airflow/dags/php_dag.py for tasks to queue
[2025-11-15T20:30:29.767+0000] {logging_mixin.py:190} INFO - [2025-11-15T20:30:29.767+0000] {dagbag.py:587} INFO - Filling up the DagBag from /opt/airflow/dags/php_dag.py
[2025-11-15T20:30:29.779+0000] {processor.py:925} INFO - DAG(s) 'rodar_script_php' retrieved from /opt/airflow/dags/php_dag.py
[2025-11-15T20:30:29.805+0000] {logging_mixin.py:190} INFO - [2025-11-15T20:30:29.804+0000] {dag.py:3229} INFO - Sync 1 DAGs
[2025-11-15T20:30:29.827+0000] {logging_mixin.py:190} INFO - [2025-11-15T20:30:29.827+0000] {dag.py:4156} INFO - Setting next_dagrun for rodar_script_php to 2025-11-15 00:00:00+00:00, run_after=2025-11-16 00:00:00+00:00
[2025-11-15T20:30:29.845+0000] {processor.py:208} INFO - Processing /opt/airflow/dags/php_dag.py took 0.085 seconds
[2025-11-15T20:30:59.984+0000] {processor.py:186} INFO - Started process (PID=562) to work on /opt/airflow/dags/php_dag.py
[2025-11-15T20:30:59.985+0000] {processor.py:914} INFO - Processing file /opt/airflow/dags/php_dag.py for tasks to queue
[2025-11-15T20:30:59.987+0000] {logging_mixin.py:190} INFO - [2025-11-15T20:30:59.987+0000] {dagbag.py:587} INFO - Filling up the DagBag from /opt/airflow/dags/php_dag.py
[2025-11-15T20:30:59.999+0000] {processor.py:925} INFO - DAG(s) 'rodar_script_php' retrieved from /opt/airflow/dags/php_dag.py
[2025-11-15T20:31:00.029+0000] {logging_mixin.py:190} INFO - [2025-11-15T20:31:00.028+0000] {dag.py:3229} INFO - Sync 1 DAGs
[2025-11-15T20:31:00.051+0000] {logging_mixin.py:190} INFO - [2025-11-15T20:31:00.051+0000] {dag.py:4156} INFO - Setting next_dagrun for rodar_script_php to 2025-11-15 00:00:00+00:00, run_after=2025-11-16 00:00:00+00:00
[2025-11-15T20:31:00.067+0000] {processor.py:208} INFO - Processing /opt/airflow/dags/php_dag.py took 0.088 seconds
[2025-11-15T20:31:30.187+0000] {processor.py:186} INFO - Started process (PID=572) to work on /opt/airflow/dags/php_dag.py
[2025-11-15T20:31:30.188+0000] {processor.py:914} INFO - Processing file /opt/airflow/dags/php_dag.py for tasks to queue
[2025-11-15T20:31:30.190+0000] {logging_mixin.py:190} INFO - [2025-11-15T20:31:30.190+0000] {dagbag.py:587} INFO - Filling up the DagBag from /opt/airflow/dags/php_dag.py
[2025-11-15T20:31:30.200+0000] {processor.py:925} INFO - DAG(s) 'rodar_script_php' retrieved from /opt/airflow/dags/php_dag.py
[2025-11-15T20:31:30.221+0000] {logging_mixin.py:190} INFO - [2025-11-15T20:31:30.220+0000] {dag.py:3229} INFO - Sync 1 DAGs
[2025-11-15T20:31:30.441+0000] {logging_mixin.py:190} INFO - [2025-11-15T20:31:30.441+0000] {dag.py:4156} INFO - Setting next_dagrun for rodar_script_php to 2025-11-15 00:00:00+00:00, run_after=2025-11-16 00:00:00+00:00
[2025-11-15T20:31:30.456+0000] {processor.py:208} INFO - Processing /opt/airflow/dags/php_dag.py took 0.277 seconds
[2025-11-15T20:32:00.642+0000] {processor.py:186} INFO - Started process (PID=582) to work on /opt/airflow/dags/php_dag.py
[2025-11-15T20:32:00.644+0000] {processor.py:914} INFO - Processing file /opt/airflow/dags/php_dag.py for tasks to queue
[2025-11-15T20:32:00.646+0000] {logging_mixin.py:190} INFO - [2025-11-15T20:32:00.646+0000] {dagbag.py:587} INFO - Filling up the DagBag from /opt/airflow/dags/php_dag.py
[2025-11-15T20:32:00.659+0000] {processor.py:925} INFO - DAG(s) 'rodar_script_php' retrieved from /opt/airflow/dags/php_dag.py
[2025-11-15T20:32:00.684+0000] {logging_mixin.py:190} INFO - [2025-11-15T20:32:00.684+0000] {dag.py:3229} INFO - Sync 1 DAGs
[2025-11-15T20:32:00.914+0000] {logging_mixin.py:190} INFO - [2025-11-15T20:32:00.913+0000] {dag.py:4156} INFO - Setting next_dagrun for rodar_script_php to 2025-11-15 00:00:00+00:00, run_after=2025-11-16 00:00:00+00:00
[2025-11-15T20:32:00.927+0000] {processor.py:208} INFO - Processing /opt/airflow/dags/php_dag.py took 0.292 seconds
[2025-11-15T20:32:31.100+0000] {processor.py:186} INFO - Started process (PID=592) to work on /opt/airflow/dags/php_dag.py
[2025-11-15T20:32:31.100+0000] {processor.py:914} INFO - Processing file /opt/airflow/dags/php_dag.py for tasks to queue
[2025-11-15T20:32:31.103+0000] {logging_mixin.py:190} INFO - [2025-11-15T20:32:31.102+0000] {dagbag.py:587} INFO - Filling up the DagBag from /opt/airflow/dags/php_dag.py
[2025-11-15T20:32:31.114+0000] {processor.py:925} INFO - DAG(s) 'rodar_script_php' retrieved from /opt/airflow/dags/php_dag.py
[2025-11-15T20:32:31.139+0000] {logging_mixin.py:190} INFO - [2025-11-15T20:32:31.139+0000] {dag.py:3229} INFO - Sync 1 DAGs
[2025-11-15T20:32:31.159+0000] {logging_mixin.py:190} INFO - [2025-11-15T20:32:31.159+0000] {dag.py:4156} INFO - Setting next_dagrun for rodar_script_php to 2025-11-15 00:00:00+00:00, run_after=2025-11-16 00:00:00+00:00
[2025-11-15T20:32:31.177+0000] {processor.py:208} INFO - Processing /opt/airflow/dags/php_dag.py took 0.083 seconds
[2025-11-15T20:33:01.260+0000] {processor.py:186} INFO - Started process (PID=602) to work on /opt/airflow/dags/php_dag.py
[2025-11-15T20:33:01.260+0000] {processor.py:914} INFO - Processing file /opt/airflow/dags/php_dag.py for tasks to queue
[2025-11-15T20:33:01.262+0000] {logging_mixin.py:190} INFO - [2025-11-15T20:33:01.262+0000] {dagbag.py:587} INFO - Filling up the DagBag from /opt/airflow/dags/php_dag.py
[2025-11-15T20:33:01.272+0000] {processor.py:925} INFO - DAG(s) 'rodar_script_php' retrieved from /opt/airflow/dags/php_dag.py
[2025-11-15T20:33:01.291+0000] {logging_mixin.py:190} INFO - [2025-11-15T20:33:01.291+0000] {dag.py:3229} INFO - Sync 1 DAGs
[2025-11-15T20:33:01.311+0000] {logging_mixin.py:190} INFO - [2025-11-15T20:33:01.310+0000] {dag.py:4156} INFO - Setting next_dagrun for rodar_script_php to 2025-11-15 00:00:00+00:00, run_after=2025-11-16 00:00:00+00:00
[2025-11-15T20:33:01.328+0000] {processor.py:208} INFO - Processing /opt/airflow/dags/php_dag.py took 0.074 seconds
[2025-11-15T20:33:31.488+0000] {processor.py:186} INFO - Started process (PID=612) to work on /opt/airflow/dags/php_dag.py
[2025-11-15T20:33:31.489+0000] {processor.py:914} INFO - Processing file /opt/airflow/dags/php_dag.py for tasks to queue
[2025-11-15T20:33:31.491+0000] {logging_mixin.py:190} INFO - [2025-11-15T20:33:31.491+0000] {dagbag.py:587} INFO - Filling up the DagBag from /opt/airflow/dags/php_dag.py
[2025-11-15T20:33:31.502+0000] {processor.py:925} INFO - DAG(s) 'rodar_script_php' retrieved from /opt/airflow/dags/php_dag.py
[2025-11-15T20:33:31.526+0000] {logging_mixin.py:190} INFO - [2025-11-15T20:33:31.525+0000] {dag.py:3229} INFO - Sync 1 DAGs
[2025-11-15T20:33:31.548+0000] {logging_mixin.py:190} INFO - [2025-11-15T20:33:31.547+0000] {dag.py:4156} INFO - Setting next_dagrun for rodar_script_php to 2025-11-15 00:00:00+00:00, run_after=2025-11-16 00:00:00+00:00
[2025-11-15T20:33:31.564+0000] {processor.py:208} INFO - Processing /opt/airflow/dags/php_dag.py took 0.082 seconds
[2025-11-15T20:34:01.650+0000] {processor.py:186} INFO - Started process (PID=622) to work on /opt/airflow/dags/php_dag.py
[2025-11-15T20:34:01.651+0000] {processor.py:914} INFO - Processing file /opt/airflow/dags/php_dag.py for tasks to queue
[2025-11-15T20:34:01.653+0000] {logging_mixin.py:190} INFO - [2025-11-15T20:34:01.653+0000] {dagbag.py:587} INFO - Filling up the DagBag from /opt/airflow/dags/php_dag.py
[2025-11-15T20:34:01.663+0000] {processor.py:925} INFO - DAG(s) 'rodar_script_php' retrieved from /opt/airflow/dags/php_dag.py
[2025-11-15T20:34:01.685+0000] {logging_mixin.py:190} INFO - [2025-11-15T20:34:01.685+0000] {dag.py:3229} INFO - Sync 1 DAGs
[2025-11-15T20:34:01.706+0000] {logging_mixin.py:190} INFO - [2025-11-15T20:34:01.706+0000] {dag.py:4156} INFO - Setting next_dagrun for rodar_script_php to 2025-11-15 00:00:00+00:00, run_after=2025-11-16 00:00:00+00:00
[2025-11-15T20:34:01.890+0000] {processor.py:208} INFO - Processing /opt/airflow/dags/php_dag.py took 0.245 seconds
[2025-11-15T20:34:32.065+0000] {processor.py:186} INFO - Started process (PID=632) to work on /opt/airflow/dags/php_dag.py
[2025-11-15T20:34:32.066+0000] {processor.py:914} INFO - Processing file /opt/airflow/dags/php_dag.py for tasks to queue
[2025-11-15T20:34:32.069+0000] {logging_mixin.py:190} INFO - [2025-11-15T20:34:32.068+0000] {dagbag.py:587} INFO - Filling up the DagBag from /opt/airflow/dags/php_dag.py
[2025-11-15T20:34:32.083+0000] {processor.py:925} INFO - DAG(s) 'rodar_script_php' retrieved from /opt/airflow/dags/php_dag.py
[2025-11-15T20:34:32.115+0000] {logging_mixin.py:190} INFO - [2025-11-15T20:34:32.114+0000] {dag.py:3229} INFO - Sync 1 DAGs
[2025-11-15T20:34:32.340+0000] {logging_mixin.py:190} INFO - [2025-11-15T20:34:32.340+0000] {dag.py:4156} INFO - Setting next_dagrun for rodar_script_php to 2025-11-15 00:00:00+00:00, run_after=2025-11-16 00:00:00+00:00
[2025-11-15T20:34:32.361+0000] {processor.py:208} INFO - Processing /opt/airflow/dags/php_dag.py took 0.303 seconds
[2025-11-15T20:35:02.527+0000] {processor.py:186} INFO - Started process (PID=648) to work on /opt/airflow/dags/php_dag.py
[2025-11-15T20:35:02.528+0000] {processor.py:914} INFO - Processing file /opt/airflow/dags/php_dag.py for tasks to queue
[2025-11-15T20:35:02.529+0000] {logging_mixin.py:190} INFO - [2025-11-15T20:35:02.529+0000] {dagbag.py:587} INFO - Filling up the DagBag from /opt/airflow/dags/php_dag.py
[2025-11-15T20:35:02.541+0000] {processor.py:925} INFO - DAG(s) 'rodar_script_php' retrieved from /opt/airflow/dags/php_dag.py
[2025-11-15T20:35:02.561+0000] {logging_mixin.py:190} INFO - [2025-11-15T20:35:02.561+0000] {dag.py:3229} INFO - Sync 1 DAGs
[2025-11-15T20:35:02.742+0000] {logging_mixin.py:190} INFO - [2025-11-15T20:35:02.742+0000] {dag.py:4156} INFO - Setting next_dagrun for rodar_script_php to 2025-11-15 00:00:00+00:00, run_after=2025-11-16 00:00:00+00:00
[2025-11-15T20:35:02.754+0000] {processor.py:208} INFO - Processing /opt/airflow/dags/php_dag.py took 0.232 seconds
[2025-11-15T20:35:32.909+0000] {processor.py:186} INFO - Started process (PID=664) to work on /opt/airflow/dags/php_dag.py
[2025-11-15T20:35:32.910+0000] {processor.py:914} INFO - Processing file /opt/airflow/dags/php_dag.py for tasks to queue
[2025-11-15T20:35:32.912+0000] {logging_mixin.py:190} INFO - [2025-11-15T20:35:32.912+0000] {dagbag.py:587} INFO - Filling up the DagBag from /opt/airflow/dags/php_dag.py
[2025-11-15T20:35:32.922+0000] {processor.py:925} INFO - DAG(s) 'rodar_script_php' retrieved from /opt/airflow/dags/php_dag.py
[2025-11-15T20:35:32.942+0000] {logging_mixin.py:190} INFO - [2025-11-15T20:35:32.942+0000] {dag.py:3229} INFO - Sync 1 DAGs
[2025-11-15T20:35:32.960+0000] {logging_mixin.py:190} INFO - [2025-11-15T20:35:32.960+0000] {dag.py:4156} INFO - Setting next_dagrun for rodar_script_php to 2025-11-15 00:00:00+00:00, run_after=2025-11-16 00:00:00+00:00
[2025-11-15T20:35:32.972+0000] {processor.py:208} INFO - Processing /opt/airflow/dags/php_dag.py took 0.068 seconds
[2025-11-15T20:36:03.066+0000] {processor.py:186} INFO - Started process (PID=674) to work on /opt/airflow/dags/php_dag.py
[2025-11-15T20:36:03.066+0000] {processor.py:914} INFO - Processing file /opt/airflow/dags/php_dag.py for tasks to queue
[2025-11-15T20:36:03.068+0000] {logging_mixin.py:190} INFO - [2025-11-15T20:36:03.068+0000] {dagbag.py:587} INFO - Filling up the DagBag from /opt/airflow/dags/php_dag.py
[2025-11-15T20:36:03.078+0000] {processor.py:925} INFO - DAG(s) 'rodar_script_php' retrieved from /opt/airflow/dags/php_dag.py
[2025-11-15T20:36:03.105+0000] {logging_mixin.py:190} INFO - [2025-11-15T20:36:03.105+0000] {dag.py:3229} INFO - Sync 1 DAGs
[2025-11-15T20:36:03.123+0000] {logging_mixin.py:190} INFO - [2025-11-15T20:36:03.123+0000] {dag.py:4156} INFO - Setting next_dagrun for rodar_script_php to 2025-11-15 00:00:00+00:00, run_after=2025-11-16 00:00:00+00:00
[2025-11-15T20:36:03.137+0000] {processor.py:208} INFO - Processing /opt/airflow/dags/php_dag.py took 0.078 seconds
[2025-11-15T20:36:33.261+0000] {processor.py:186} INFO - Started process (PID=684) to work on /opt/airflow/dags/php_dag.py
[2025-11-15T20:36:33.265+0000] {processor.py:914} INFO - Processing file /opt/airflow/dags/php_dag.py for tasks to queue
[2025-11-15T20:36:33.268+0000] {logging_mixin.py:190} INFO - [2025-11-15T20:36:33.267+0000] {dagbag.py:587} INFO - Filling up the DagBag from /opt/airflow/dags/php_dag.py
[2025-11-15T20:36:33.277+0000] {processor.py:925} INFO - DAG(s) 'rodar_script_php' retrieved from /opt/airflow/dags/php_dag.py
[2025-11-15T20:36:33.299+0000] {logging_mixin.py:190} INFO - [2025-11-15T20:36:33.299+0000] {dag.py:3229} INFO - Sync 1 DAGs
[2025-11-15T20:36:33.320+0000] {logging_mixin.py:190} INFO - [2025-11-15T20:36:33.320+0000] {dag.py:4156} INFO - Setting next_dagrun for rodar_script_php to 2025-11-15 00:00:00+00:00, run_after=2025-11-16 00:00:00+00:00
[2025-11-15T20:36:33.335+0000] {processor.py:208} INFO - Processing /opt/airflow/dags/php_dag.py took 0.078 seconds
[2025-11-15T20:37:03.437+0000] {processor.py:186} INFO - Started process (PID=694) to work on /opt/airflow/dags/php_dag.py
[2025-11-15T20:37:03.437+0000] {processor.py:914} INFO - Processing file /opt/airflow/dags/php_dag.py for tasks to queue
[2025-11-15T20:37:03.439+0000] {logging_mixin.py:190} INFO - [2025-11-15T20:37:03.439+0000] {dagbag.py:587} INFO - Filling up the DagBag from /opt/airflow/dags/php_dag.py
[2025-11-15T20:37:03.447+0000] {processor.py:925} INFO - DAG(s) 'rodar_script_php' retrieved from /opt/airflow/dags/php_dag.py
[2025-11-15T20:37:03.465+0000] {logging_mixin.py:190} INFO - [2025-11-15T20:37:03.464+0000] {dag.py:3229} INFO - Sync 1 DAGs
[2025-11-15T20:37:03.482+0000] {logging_mixin.py:190} INFO - [2025-11-15T20:37:03.482+0000] {dag.py:4156} INFO - Setting next_dagrun for rodar_script_php to 2025-11-15 00:00:00+00:00, run_after=2025-11-16 00:00:00+00:00
[2025-11-15T20:37:03.641+0000] {processor.py:208} INFO - Processing /opt/airflow/dags/php_dag.py took 0.209 seconds
[2025-11-15T20:37:33.806+0000] {processor.py:186} INFO - Started process (PID=704) to work on /opt/airflow/dags/php_dag.py
[2025-11-15T20:37:33.806+0000] {processor.py:914} INFO - Processing file /opt/airflow/dags/php_dag.py for tasks to queue
[2025-11-15T20:37:33.808+0000] {logging_mixin.py:190} INFO - [2025-11-15T20:37:33.808+0000] {dagbag.py:587} INFO - Filling up the DagBag from /opt/airflow/dags/php_dag.py
[2025-11-15T20:37:33.817+0000] {processor.py:925} INFO - DAG(s) 'rodar_script_php' retrieved from /opt/airflow/dags/php_dag.py
[2025-11-15T20:37:33.835+0000] {logging_mixin.py:190} INFO - [2025-11-15T20:37:33.835+0000] {dag.py:3229} INFO - Sync 1 DAGs
[2025-11-15T20:37:33.999+0000] {logging_mixin.py:190} INFO - [2025-11-15T20:37:33.999+0000] {dag.py:4156} INFO - Setting next_dagrun for rodar_script_php to 2025-11-15 00:00:00+00:00, run_after=2025-11-16 00:00:00+00:00
[2025-11-15T20:37:34.011+0000] {processor.py:208} INFO - Processing /opt/airflow/dags/php_dag.py took 0.210 seconds
[2025-11-15T20:38:04.154+0000] {processor.py:186} INFO - Started process (PID=714) to work on /opt/airflow/dags/php_dag.py
[2025-11-15T20:38:04.155+0000] {processor.py:914} INFO - Processing file /opt/airflow/dags/php_dag.py for tasks to queue
[2025-11-15T20:38:04.157+0000] {logging_mixin.py:190} INFO - [2025-11-15T20:38:04.156+0000] {dagbag.py:587} INFO - Filling up the DagBag from /opt/airflow/dags/php_dag.py
[2025-11-15T20:38:04.166+0000] {processor.py:925} INFO - DAG(s) 'rodar_script_php' retrieved from /opt/airflow/dags/php_dag.py
[2025-11-15T20:38:04.184+0000] {logging_mixin.py:190} INFO - [2025-11-15T20:38:04.183+0000] {dag.py:3229} INFO - Sync 1 DAGs
[2025-11-15T20:38:04.346+0000] {logging_mixin.py:190} INFO - [2025-11-15T20:38:04.346+0000] {dag.py:4156} INFO - Setting next_dagrun for rodar_script_php to 2025-11-15 00:00:00+00:00, run_after=2025-11-16 00:00:00+00:00
[2025-11-15T20:38:04.357+0000] {processor.py:208} INFO - Processing /opt/airflow/dags/php_dag.py took 0.207 seconds
[2025-11-15T20:38:34.503+0000] {processor.py:186} INFO - Started process (PID=724) to work on /opt/airflow/dags/php_dag.py
[2025-11-15T20:38:34.504+0000] {processor.py:914} INFO - Processing file /opt/airflow/dags/php_dag.py for tasks to queue
[2025-11-15T20:38:34.506+0000] {logging_mixin.py:190} INFO - [2025-11-15T20:38:34.505+0000] {dagbag.py:587} INFO - Filling up the DagBag from /opt/airflow/dags/php_dag.py
[2025-11-15T20:38:34.514+0000] {processor.py:925} INFO - DAG(s) 'rodar_script_php' retrieved from /opt/airflow/dags/php_dag.py
[2025-11-15T20:38:34.532+0000] {logging_mixin.py:190} INFO - [2025-11-15T20:38:34.532+0000] {dag.py:3229} INFO - Sync 1 DAGs
[2025-11-15T20:38:34.549+0000] {logging_mixin.py:190} INFO - [2025-11-15T20:38:34.549+0000] {dag.py:4156} INFO - Setting next_dagrun for rodar_script_php to 2025-11-15 00:00:00+00:00, run_after=2025-11-16 00:00:00+00:00
[2025-11-15T20:38:34.561+0000] {processor.py:208} INFO - Processing /opt/airflow/dags/php_dag.py took 0.063 seconds
[2025-11-15T20:39:04.677+0000] {processor.py:186} INFO - Started process (PID=734) to work on /opt/airflow/dags/php_dag.py
[2025-11-15T20:39:04.678+0000] {processor.py:914} INFO - Processing file /opt/airflow/dags/php_dag.py for tasks to queue
[2025-11-15T20:39:04.680+0000] {logging_mixin.py:190} INFO - [2025-11-15T20:39:04.679+0000] {dagbag.py:587} INFO - Filling up the DagBag from /opt/airflow/dags/php_dag.py
[2025-11-15T20:39:04.690+0000] {processor.py:925} INFO - DAG(s) 'rodar_script_php' retrieved from /opt/airflow/dags/php_dag.py
[2025-11-15T20:39:04.710+0000] {logging_mixin.py:190} INFO - [2025-11-15T20:39:04.710+0000] {dag.py:3229} INFO - Sync 1 DAGs
[2025-11-15T20:39:04.728+0000] {logging_mixin.py:190} INFO - [2025-11-15T20:39:04.728+0000] {dag.py:4156} INFO - Setting next_dagrun for rodar_script_php to 2025-11-15 00:00:00+00:00, run_after=2025-11-16 00:00:00+00:00
[2025-11-15T20:39:04.740+0000] {processor.py:208} INFO - Processing /opt/airflow/dags/php_dag.py took 0.068 seconds
[2025-11-15T20:39:34.864+0000] {processor.py:186} INFO - Started process (PID=744) to work on /opt/airflow/dags/php_dag.py
[2025-11-15T20:39:34.865+0000] {processor.py:914} INFO - Processing file /opt/airflow/dags/php_dag.py for tasks to queue
[2025-11-15T20:39:34.866+0000] {logging_mixin.py:190} INFO - [2025-11-15T20:39:34.866+0000] {dagbag.py:587} INFO - Filling up the DagBag from /opt/airflow/dags/php_dag.py
[2025-11-15T20:39:34.876+0000] {processor.py:925} INFO - DAG(s) 'rodar_script_php' retrieved from /opt/airflow/dags/php_dag.py
[2025-11-15T20:39:34.896+0000] {logging_mixin.py:190} INFO - [2025-11-15T20:39:34.896+0000] {dag.py:3229} INFO - Sync 1 DAGs
[2025-11-15T20:39:34.914+0000] {logging_mixin.py:190} INFO - [2025-11-15T20:39:34.914+0000] {dag.py:4156} INFO - Setting next_dagrun for rodar_script_php to 2025-11-15 00:00:00+00:00, run_after=2025-11-16 00:00:00+00:00
[2025-11-15T20:39:34.927+0000] {processor.py:208} INFO - Processing /opt/airflow/dags/php_dag.py took 0.068 seconds
[2025-11-15T20:40:05.044+0000] {processor.py:186} INFO - Started process (PID=766) to work on /opt/airflow/dags/php_dag.py
[2025-11-15T20:40:05.045+0000] {processor.py:914} INFO - Processing file /opt/airflow/dags/php_dag.py for tasks to queue
[2025-11-15T20:40:05.047+0000] {logging_mixin.py:190} INFO - [2025-11-15T20:40:05.047+0000] {dagbag.py:587} INFO - Filling up the DagBag from /opt/airflow/dags/php_dag.py
[2025-11-15T20:40:05.056+0000] {processor.py:925} INFO - DAG(s) 'rodar_script_php' retrieved from /opt/airflow/dags/php_dag.py
[2025-11-15T20:40:05.072+0000] {logging_mixin.py:190} INFO - [2025-11-15T20:40:05.072+0000] {dag.py:3229} INFO - Sync 1 DAGs
[2025-11-15T20:40:05.236+0000] {logging_mixin.py:190} INFO - [2025-11-15T20:40:05.236+0000] {dag.py:4156} INFO - Setting next_dagrun for rodar_script_php to 2025-11-15 00:00:00+00:00, run_after=2025-11-16 00:00:00+00:00
[2025-11-15T20:40:05.248+0000] {processor.py:208} INFO - Processing /opt/airflow/dags/php_dag.py took 0.210 seconds
[2025-11-15T20:40:35.405+0000] {processor.py:186} INFO - Started process (PID=776) to work on /opt/airflow/dags/php_dag.py
[2025-11-15T20:40:35.406+0000] {processor.py:914} INFO - Processing file /opt/airflow/dags/php_dag.py for tasks to queue
[2025-11-15T20:40:35.408+0000] {logging_mixin.py:190} INFO - [2025-11-15T20:40:35.408+0000] {dagbag.py:587} INFO - Filling up the DagBag from /opt/airflow/dags/php_dag.py
[2025-11-15T20:40:35.418+0000] {processor.py:925} INFO - DAG(s) 'rodar_script_php' retrieved from /opt/airflow/dags/php_dag.py
[2025-11-15T20:40:35.437+0000] {logging_mixin.py:190} INFO - [2025-11-15T20:40:35.437+0000] {dag.py:3229} INFO - Sync 1 DAGs
[2025-11-15T20:40:35.599+0000] {logging_mixin.py:190} INFO - [2025-11-15T20:40:35.599+0000] {dag.py:4156} INFO - Setting next_dagrun for rodar_script_php to 2025-11-15 00:00:00+00:00, run_after=2025-11-16 00:00:00+00:00
[2025-11-15T20:40:35.611+0000] {processor.py:208} INFO - Processing /opt/airflow/dags/php_dag.py took 0.211 seconds
[2025-11-15T20:41:05.775+0000] {processor.py:186} INFO - Started process (PID=786) to work on /opt/airflow/dags/php_dag.py
[2025-11-15T20:41:05.776+0000] {processor.py:914} INFO - Processing file /opt/airflow/dags/php_dag.py for tasks to queue
[2025-11-15T20:41:05.777+0000] {logging_mixin.py:190} INFO - [2025-11-15T20:41:05.777+0000] {dagbag.py:587} INFO - Filling up the DagBag from /opt/airflow/dags/php_dag.py
[2025-11-15T20:41:05.788+0000] {processor.py:925} INFO - DAG(s) 'rodar_script_php' retrieved from /opt/airflow/dags/php_dag.py
[2025-11-15T20:41:05.810+0000] {logging_mixin.py:190} INFO - [2025-11-15T20:41:05.810+0000] {dag.py:3229} INFO - Sync 1 DAGs
[2025-11-15T20:41:05.826+0000] {logging_mixin.py:190} INFO - [2025-11-15T20:41:05.826+0000] {dag.py:4156} INFO - Setting next_dagrun for rodar_script_php to 2025-11-15 00:00:00+00:00, run_after=2025-11-16 00:00:00+00:00
[2025-11-15T20:41:05.838+0000] {processor.py:208} INFO - Processing /opt/airflow/dags/php_dag.py took 0.068 seconds
[2025-11-15T20:41:35.948+0000] {processor.py:186} INFO - Started process (PID=796) to work on /opt/airflow/dags/php_dag.py
[2025-11-15T20:41:35.949+0000] {processor.py:914} INFO - Processing file /opt/airflow/dags/php_dag.py for tasks to queue
[2025-11-15T20:41:35.951+0000] {logging_mixin.py:190} INFO - [2025-11-15T20:41:35.950+0000] {dagbag.py:587} INFO - Filling up the DagBag from /opt/airflow/dags/php_dag.py
[2025-11-15T20:41:35.959+0000] {processor.py:925} INFO - DAG(s) 'rodar_script_php' retrieved from /opt/airflow/dags/php_dag.py
[2025-11-15T20:41:35.977+0000] {logging_mixin.py:190} INFO - [2025-11-15T20:41:35.977+0000] {dag.py:3229} INFO - Sync 1 DAGs
[2025-11-15T20:41:35.993+0000] {logging_mixin.py:190} INFO - [2025-11-15T20:41:35.993+0000] {dag.py:4156} INFO - Setting next_dagrun for rodar_script_php to 2025-11-15 00:00:00+00:00, run_after=2025-11-16 00:00:00+00:00
[2025-11-15T20:41:36.005+0000] {processor.py:208} INFO - Processing /opt/airflow/dags/php_dag.py took 0.062 seconds
[2025-11-15T20:42:06.159+0000] {processor.py:186} INFO - Started process (PID=806) to work on /opt/airflow/dags/php_dag.py
[2025-11-15T20:42:06.163+0000] {processor.py:914} INFO - Processing file /opt/airflow/dags/php_dag.py for tasks to queue
[2025-11-15T20:42:06.165+0000] {logging_mixin.py:190} INFO - [2025-11-15T20:42:06.165+0000] {dagbag.py:587} INFO - Filling up the DagBag from /opt/airflow/dags/php_dag.py
[2025-11-15T20:42:06.174+0000] {processor.py:925} INFO - DAG(s) 'rodar_script_php' retrieved from /opt/airflow/dags/php_dag.py
[2025-11-15T20:42:06.192+0000] {logging_mixin.py:190} INFO - [2025-11-15T20:42:06.192+0000] {dag.py:3229} INFO - Sync 1 DAGs
[2025-11-15T20:42:06.209+0000] {logging_mixin.py:190} INFO - [2025-11-15T20:42:06.209+0000] {dag.py:4156} INFO - Setting next_dagrun for rodar_script_php to 2025-11-15 00:00:00+00:00, run_after=2025-11-16 00:00:00+00:00
[2025-11-15T20:42:06.226+0000] {processor.py:208} INFO - Processing /opt/airflow/dags/php_dag.py took 0.072 seconds
[2025-11-15T20:42:36.339+0000] {processor.py:186} INFO - Started process (PID=816) to work on /opt/airflow/dags/php_dag.py
[2025-11-15T20:42:36.339+0000] {processor.py:914} INFO - Processing file /opt/airflow/dags/php_dag.py for tasks to queue
[2025-11-15T20:42:36.340+0000] {logging_mixin.py:190} INFO - [2025-11-15T20:42:36.340+0000] {dagbag.py:587} INFO - Filling up the DagBag from /opt/airflow/dags/php_dag.py
[2025-11-15T20:42:36.349+0000] {processor.py:925} INFO - DAG(s) 'rodar_script_php' retrieved from /opt/airflow/dags/php_dag.py
[2025-11-15T20:42:36.367+0000] {logging_mixin.py:190} INFO - [2025-11-15T20:42:36.367+0000] {dag.py:3229} INFO - Sync 1 DAGs
[2025-11-15T20:42:36.386+0000] {logging_mixin.py:190} INFO - [2025-11-15T20:42:36.386+0000] {dag.py:4156} INFO - Setting next_dagrun for rodar_script_php to 2025-11-15 00:00:00+00:00, run_after=2025-11-16 00:00:00+00:00
[2025-11-15T20:42:36.550+0000] {processor.py:208} INFO - Processing /opt/airflow/dags/php_dag.py took 0.216 seconds
[2025-11-15T20:43:06.709+0000] {processor.py:186} INFO - Started process (PID=826) to work on /opt/airflow/dags/php_dag.py
[2025-11-15T20:43:06.710+0000] {processor.py:914} INFO - Processing file /opt/airflow/dags/php_dag.py for tasks to queue
[2025-11-15T20:43:06.712+0000] {logging_mixin.py:190} INFO - [2025-11-15T20:43:06.712+0000] {dagbag.py:587} INFO - Filling up the DagBag from /opt/airflow/dags/php_dag.py
[2025-11-15T20:43:06.720+0000] {processor.py:925} INFO - DAG(s) 'rodar_script_php' retrieved from /opt/airflow/dags/php_dag.py
[2025-11-15T20:43:06.740+0000] {logging_mixin.py:190} INFO - [2025-11-15T20:43:06.740+0000] {dag.py:3229} INFO - Sync 1 DAGs
[2025-11-15T20:43:06.907+0000] {logging_mixin.py:190} INFO - [2025-11-15T20:43:06.906+0000] {dag.py:4156} INFO - Setting next_dagrun for rodar_script_php to 2025-11-15 00:00:00+00:00, run_after=2025-11-16 00:00:00+00:00
[2025-11-15T20:43:06.919+0000] {processor.py:208} INFO - Processing /opt/airflow/dags/php_dag.py took 0.214 seconds
[2025-11-15T20:43:37.076+0000] {processor.py:186} INFO - Started process (PID=836) to work on /opt/airflow/dags/php_dag.py
[2025-11-15T20:43:37.077+0000] {processor.py:914} INFO - Processing file /opt/airflow/dags/php_dag.py for tasks to queue
[2025-11-15T20:43:37.079+0000] {logging_mixin.py:190} INFO - [2025-11-15T20:43:37.079+0000] {dagbag.py:587} INFO - Filling up the DagBag from /opt/airflow/dags/php_dag.py
[2025-11-15T20:43:37.087+0000] {processor.py:925} INFO - DAG(s) 'rodar_script_php' retrieved from /opt/airflow/dags/php_dag.py
[2025-11-15T20:43:37.106+0000] {logging_mixin.py:190} INFO - [2025-11-15T20:43:37.106+0000] {dag.py:3229} INFO - Sync 1 DAGs
[2025-11-15T20:43:37.272+0000] {logging_mixin.py:190} INFO - [2025-11-15T20:43:37.272+0000] {dag.py:4156} INFO - Setting next_dagrun for rodar_script_php to 2025-11-15 00:00:00+00:00, run_after=2025-11-16 00:00:00+00:00
[2025-11-15T20:43:37.283+0000] {processor.py:208} INFO - Processing /opt/airflow/dags/php_dag.py took 0.211 seconds
[2025-11-15T20:44:07.432+0000] {processor.py:186} INFO - Started process (PID=846) to work on /opt/airflow/dags/php_dag.py
[2025-11-15T20:44:07.432+0000] {processor.py:914} INFO - Processing file /opt/airflow/dags/php_dag.py for tasks to queue
[2025-11-15T20:44:07.435+0000] {logging_mixin.py:190} INFO - [2025-11-15T20:44:07.434+0000] {dagbag.py:587} INFO - Filling up the DagBag from /opt/airflow/dags/php_dag.py
[2025-11-15T20:44:07.444+0000] {processor.py:925} INFO - DAG(s) 'rodar_script_php' retrieved from /opt/airflow/dags/php_dag.py
[2025-11-15T20:44:07.462+0000] {logging_mixin.py:190} INFO - [2025-11-15T20:44:07.462+0000] {dag.py:3229} INFO - Sync 1 DAGs
[2025-11-15T20:44:07.481+0000] {logging_mixin.py:190} INFO - [2025-11-15T20:44:07.480+0000] {dag.py:4156} INFO - Setting next_dagrun for rodar_script_php to 2025-11-15 00:00:00+00:00, run_after=2025-11-16 00:00:00+00:00
[2025-11-15T20:44:07.494+0000] {processor.py:208} INFO - Processing /opt/airflow/dags/php_dag.py took 0.067 seconds
[2025-11-15T20:44:37.585+0000] {processor.py:186} INFO - Started process (PID=856) to work on /opt/airflow/dags/php_dag.py
[2025-11-15T20:44:37.585+0000] {processor.py:914} INFO - Processing file /opt/airflow/dags/php_dag.py for tasks to queue
[2025-11-15T20:44:37.587+0000] {logging_mixin.py:190} INFO - [2025-11-15T20:44:37.587+0000] {dagbag.py:587} INFO - Filling up the DagBag from /opt/airflow/dags/php_dag.py
[2025-11-15T20:44:37.596+0000] {processor.py:925} INFO - DAG(s) 'rodar_script_php' retrieved from /opt/airflow/dags/php_dag.py
[2025-11-15T20:44:37.615+0000] {logging_mixin.py:190} INFO - [2025-11-15T20:44:37.615+0000] {dag.py:3229} INFO - Sync 1 DAGs
[2025-11-15T20:44:37.634+0000] {logging_mixin.py:190} INFO - [2025-11-15T20:44:37.633+0000] {dag.py:4156} INFO - Setting next_dagrun for rodar_script_php to 2025-11-15 00:00:00+00:00, run_after=2025-11-16 00:00:00+00:00
[2025-11-15T20:44:37.647+0000] {processor.py:208} INFO - Processing /opt/airflow/dags/php_dag.py took 0.066 seconds
[2025-11-15T20:45:07.811+0000] {processor.py:186} INFO - Started process (PID=878) to work on /opt/airflow/dags/php_dag.py
[2025-11-15T20:45:07.811+0000] {processor.py:914} INFO - Processing file /opt/airflow/dags/php_dag.py for tasks to queue
[2025-11-15T20:45:07.813+0000] {logging_mixin.py:190} INFO - [2025-11-15T20:45:07.813+0000] {dagbag.py:587} INFO - Filling up the DagBag from /opt/airflow/dags/php_dag.py
[2025-11-15T20:45:07.822+0000] {processor.py:925} INFO - DAG(s) 'rodar_script_php' retrieved from /opt/airflow/dags/php_dag.py
[2025-11-15T20:45:07.839+0000] {logging_mixin.py:190} INFO - [2025-11-15T20:45:07.838+0000] {dag.py:3229} INFO - Sync 1 DAGs
[2025-11-15T20:45:07.855+0000] {logging_mixin.py:190} INFO - [2025-11-15T20:45:07.854+0000] {dag.py:4156} INFO - Setting next_dagrun for rodar_script_php to 2025-11-15 00:00:00+00:00, run_after=2025-11-16 00:00:00+00:00
[2025-11-15T20:45:07.867+0000] {processor.py:208} INFO - Processing /opt/airflow/dags/php_dag.py took 0.062 seconds
[2025-11-15T20:45:37.993+0000] {processor.py:186} INFO - Started process (PID=888) to work on /opt/airflow/dags/php_dag.py
[2025-11-15T20:45:37.993+0000] {processor.py:914} INFO - Processing file /opt/airflow/dags/php_dag.py for tasks to queue
[2025-11-15T20:45:37.996+0000] {logging_mixin.py:190} INFO - [2025-11-15T20:45:37.996+0000] {dagbag.py:587} INFO - Filling up the DagBag from /opt/airflow/dags/php_dag.py
[2025-11-15T20:45:38.005+0000] {processor.py:925} INFO - DAG(s) 'rodar_script_php' retrieved from /opt/airflow/dags/php_dag.py
[2025-11-15T20:45:38.025+0000] {logging_mixin.py:190} INFO - [2025-11-15T20:45:38.025+0000] {dag.py:3229} INFO - Sync 1 DAGs
[2025-11-15T20:45:38.044+0000] {logging_mixin.py:190} INFO - [2025-11-15T20:45:38.044+0000] {dag.py:4156} INFO - Setting next_dagrun for rodar_script_php to 2025-11-15 00:00:00+00:00, run_after=2025-11-16 00:00:00+00:00
[2025-11-15T20:45:38.220+0000] {processor.py:208} INFO - Processing /opt/airflow/dags/php_dag.py took 0.233 seconds
[2025-11-15T20:46:08.369+0000] {processor.py:186} INFO - Started process (PID=898) to work on /opt/airflow/dags/php_dag.py
[2025-11-15T20:46:08.370+0000] {processor.py:914} INFO - Processing file /opt/airflow/dags/php_dag.py for tasks to queue
[2025-11-15T20:46:08.372+0000] {logging_mixin.py:190} INFO - [2025-11-15T20:46:08.372+0000] {dagbag.py:587} INFO - Filling up the DagBag from /opt/airflow/dags/php_dag.py
[2025-11-15T20:46:08.382+0000] {processor.py:925} INFO - DAG(s) 'rodar_script_php' retrieved from /opt/airflow/dags/php_dag.py
[2025-11-15T20:46:08.403+0000] {logging_mixin.py:190} INFO - [2025-11-15T20:46:08.402+0000] {dag.py:3229} INFO - Sync 1 DAGs
[2025-11-15T20:46:08.584+0000] {logging_mixin.py:190} INFO - [2025-11-15T20:46:08.584+0000] {dag.py:4156} INFO - Setting next_dagrun for rodar_script_php to 2025-11-15 00:00:00+00:00, run_after=2025-11-16 00:00:00+00:00
[2025-11-15T20:46:08.596+0000] {processor.py:208} INFO - Processing /opt/airflow/dags/php_dag.py took 0.232 seconds
[2025-11-15T20:46:38.760+0000] {processor.py:186} INFO - Started process (PID=908) to work on /opt/airflow/dags/php_dag.py
[2025-11-15T20:46:38.761+0000] {processor.py:914} INFO - Processing file /opt/airflow/dags/php_dag.py for tasks to queue
[2025-11-15T20:46:38.762+0000] {logging_mixin.py:190} INFO - [2025-11-15T20:46:38.762+0000] {dagbag.py:587} INFO - Filling up the DagBag from /opt/airflow/dags/php_dag.py
[2025-11-15T20:46:38.772+0000] {processor.py:925} INFO - DAG(s) 'rodar_script_php' retrieved from /opt/airflow/dags/php_dag.py
[2025-11-15T20:46:38.949+0000] {logging_mixin.py:190} INFO - [2025-11-15T20:46:38.949+0000] {dag.py:3229} INFO - Sync 1 DAGs
[2025-11-15T20:46:38.964+0000] {logging_mixin.py:190} INFO - [2025-11-15T20:46:38.963+0000] {dag.py:4156} INFO - Setting next_dagrun for rodar_script_php to 2025-11-15 00:00:00+00:00, run_after=2025-11-16 00:00:00+00:00
[2025-11-15T20:46:38.974+0000] {processor.py:208} INFO - Processing /opt/airflow/dags/php_dag.py took 0.219 seconds
[2025-11-15T20:47:09.143+0000] {processor.py:186} INFO - Started process (PID=918) to work on /opt/airflow/dags/php_dag.py
[2025-11-15T20:47:09.147+0000] {processor.py:914} INFO - Processing file /opt/airflow/dags/php_dag.py for tasks to queue
[2025-11-15T20:47:09.149+0000] {logging_mixin.py:190} INFO - [2025-11-15T20:47:09.149+0000] {dagbag.py:587} INFO - Filling up the DagBag from /opt/airflow/dags/php_dag.py
[2025-11-15T20:47:09.158+0000] {processor.py:925} INFO - DAG(s) 'rodar_script_php' retrieved from /opt/airflow/dags/php_dag.py
[2025-11-15T20:47:09.179+0000] {logging_mixin.py:190} INFO - [2025-11-15T20:47:09.178+0000] {dag.py:3229} INFO - Sync 1 DAGs
[2025-11-15T20:47:09.196+0000] {logging_mixin.py:190} INFO - [2025-11-15T20:47:09.196+0000] {dag.py:4156} INFO - Setting next_dagrun for rodar_script_php to 2025-11-15 00:00:00+00:00, run_after=2025-11-16 00:00:00+00:00
[2025-11-15T20:47:09.208+0000] {processor.py:208} INFO - Processing /opt/airflow/dags/php_dag.py took 0.069 seconds
[2025-11-15T20:47:39.303+0000] {processor.py:186} INFO - Started process (PID=928) to work on /opt/airflow/dags/php_dag.py
[2025-11-15T20:47:39.303+0000] {processor.py:914} INFO - Processing file /opt/airflow/dags/php_dag.py for tasks to queue
[2025-11-15T20:47:39.305+0000] {logging_mixin.py:190} INFO - [2025-11-15T20:47:39.305+0000] {dagbag.py:587} INFO - Filling up the DagBag from /opt/airflow/dags/php_dag.py
[2025-11-15T20:47:39.316+0000] {processor.py:925} INFO - DAG(s) 'rodar_script_php' retrieved from /opt/airflow/dags/php_dag.py
[2025-11-15T20:47:39.335+0000] {logging_mixin.py:190} INFO - [2025-11-15T20:47:39.335+0000] {dag.py:3229} INFO - Sync 1 DAGs
[2025-11-15T20:47:39.353+0000] {logging_mixin.py:190} INFO - [2025-11-15T20:47:39.352+0000] {dag.py:4156} INFO - Setting next_dagrun for rodar_script_php to 2025-11-15 00:00:00+00:00, run_after=2025-11-16 00:00:00+00:00
[2025-11-15T20:47:39.365+0000] {processor.py:208} INFO - Processing /opt/airflow/dags/php_dag.py took 0.067 seconds
[2025-11-15T20:48:09.536+0000] {processor.py:186} INFO - Started process (PID=938) to work on /opt/airflow/dags/php_dag.py
[2025-11-15T20:48:09.540+0000] {processor.py:914} INFO - Processing file /opt/airflow/dags/php_dag.py for tasks to queue
[2025-11-15T20:48:09.542+0000] {logging_mixin.py:190} INFO - [2025-11-15T20:48:09.542+0000] {dagbag.py:587} INFO - Filling up the DagBag from /opt/airflow/dags/php_dag.py
[2025-11-15T20:48:09.552+0000] {processor.py:925} INFO - DAG(s) 'rodar_script_php' retrieved from /opt/airflow/dags/php_dag.py
[2025-11-15T20:48:09.572+0000] {logging_mixin.py:190} INFO - [2025-11-15T20:48:09.572+0000] {dag.py:3229} INFO - Sync 1 DAGs
[2025-11-15T20:48:09.591+0000] {logging_mixin.py:190} INFO - [2025-11-15T20:48:09.590+0000] {dag.py:4156} INFO - Setting next_dagrun for rodar_script_php to 2025-11-15 00:00:00+00:00, run_after=2025-11-16 00:00:00+00:00
[2025-11-15T20:48:09.606+0000] {processor.py:208} INFO - Processing /opt/airflow/dags/php_dag.py took 0.074 seconds
[2025-11-15T20:48:39.693+0000] {processor.py:186} INFO - Started process (PID=948) to work on /opt/airflow/dags/php_dag.py
[2025-11-15T20:48:39.694+0000] {processor.py:914} INFO - Processing file /opt/airflow/dags/php_dag.py for tasks to queue
[2025-11-15T20:48:39.696+0000] {logging_mixin.py:190} INFO - [2025-11-15T20:48:39.696+0000] {dagbag.py:587} INFO - Filling up the DagBag from /opt/airflow/dags/php_dag.py
[2025-11-15T20:48:39.710+0000] {processor.py:925} INFO - DAG(s) 'rodar_script_php' retrieved from /opt/airflow/dags/php_dag.py
[2025-11-15T20:48:39.734+0000] {logging_mixin.py:190} INFO - [2025-11-15T20:48:39.734+0000] {dag.py:3229} INFO - Sync 1 DAGs
[2025-11-15T20:48:39.917+0000] {logging_mixin.py:190} INFO - [2025-11-15T20:48:39.917+0000] {dag.py:4156} INFO - Setting next_dagrun for rodar_script_php to 2025-11-15 00:00:00+00:00, run_after=2025-11-16 00:00:00+00:00
[2025-11-15T20:48:39.931+0000] {processor.py:208} INFO - Processing /opt/airflow/dags/php_dag.py took 0.244 seconds
[2025-11-15T20:49:10.077+0000] {processor.py:186} INFO - Started process (PID=958) to work on /opt/airflow/dags/php_dag.py
[2025-11-15T20:49:10.079+0000] {processor.py:914} INFO - Processing file /opt/airflow/dags/php_dag.py for tasks to queue
[2025-11-15T20:49:10.081+0000] {logging_mixin.py:190} INFO - [2025-11-15T20:49:10.081+0000] {dagbag.py:587} INFO - Filling up the DagBag from /opt/airflow/dags/php_dag.py
[2025-11-15T20:49:10.092+0000] {processor.py:925} INFO - DAG(s) 'rodar_script_php' retrieved from /opt/airflow/dags/php_dag.py
[2025-11-15T20:49:10.111+0000] {logging_mixin.py:190} INFO - [2025-11-15T20:49:10.111+0000] {dag.py:3229} INFO - Sync 1 DAGs
[2025-11-15T20:49:10.276+0000] {logging_mixin.py:190} INFO - [2025-11-15T20:49:10.276+0000] {dag.py:4156} INFO - Setting next_dagrun for rodar_script_php to 2025-11-15 00:00:00+00:00, run_after=2025-11-16 00:00:00+00:00
[2025-11-15T20:49:10.287+0000] {processor.py:208} INFO - Processing /opt/airflow/dags/php_dag.py took 0.216 seconds
[2025-11-15T20:49:56.164+0000] {processor.py:186} INFO - Started process (PID=179) to work on /opt/airflow/dags/php_dag.py
[2025-11-15T20:49:56.165+0000] {processor.py:914} INFO - Processing file /opt/airflow/dags/php_dag.py for tasks to queue
[2025-11-15T20:49:56.167+0000] {logging_mixin.py:190} INFO - [2025-11-15T20:49:56.167+0000] {dagbag.py:587} INFO - Filling up the DagBag from /opt/airflow/dags/php_dag.py
[2025-11-15T20:49:56.186+0000] {processor.py:925} INFO - DAG(s) 'rodar_script_php' retrieved from /opt/airflow/dags/php_dag.py
[2025-11-15T20:49:56.219+0000] {logging_mixin.py:190} INFO - [2025-11-15T20:49:56.219+0000] {dag.py:3229} INFO - Sync 1 DAGs
[2025-11-15T20:49:56.240+0000] {logging_mixin.py:190} INFO - [2025-11-15T20:49:56.240+0000] {dag.py:4156} INFO - Setting next_dagrun for rodar_script_php to 2025-11-15 00:00:00+00:00, run_after=2025-11-16 00:00:00+00:00
[2025-11-15T20:49:56.253+0000] {processor.py:208} INFO - Processing /opt/airflow/dags/php_dag.py took 0.096 seconds
[2025-11-15T20:50:26.412+0000] {processor.py:186} INFO - Started process (PID=201) to work on /opt/airflow/dags/php_dag.py
[2025-11-15T20:50:26.412+0000] {processor.py:914} INFO - Processing file /opt/airflow/dags/php_dag.py for tasks to queue
[2025-11-15T20:50:26.414+0000] {logging_mixin.py:190} INFO - [2025-11-15T20:50:26.413+0000] {dagbag.py:587} INFO - Filling up the DagBag from /opt/airflow/dags/php_dag.py
[2025-11-15T20:50:26.422+0000] {processor.py:925} INFO - DAG(s) 'rodar_script_php' retrieved from /opt/airflow/dags/php_dag.py
[2025-11-15T20:50:26.442+0000] {logging_mixin.py:190} INFO - [2025-11-15T20:50:26.441+0000] {dag.py:3229} INFO - Sync 1 DAGs
[2025-11-15T20:50:26.460+0000] {logging_mixin.py:190} INFO - [2025-11-15T20:50:26.459+0000] {dag.py:4156} INFO - Setting next_dagrun for rodar_script_php to 2025-11-15 00:00:00+00:00, run_after=2025-11-16 00:00:00+00:00
[2025-11-15T20:50:26.472+0000] {processor.py:208} INFO - Processing /opt/airflow/dags/php_dag.py took 0.065 seconds
[2025-11-15T20:50:56.625+0000] {processor.py:186} INFO - Started process (PID=211) to work on /opt/airflow/dags/php_dag.py
[2025-11-15T20:50:56.625+0000] {processor.py:914} INFO - Processing file /opt/airflow/dags/php_dag.py for tasks to queue
[2025-11-15T20:50:56.630+0000] {logging_mixin.py:190} INFO - [2025-11-15T20:50:56.630+0000] {dagbag.py:587} INFO - Filling up the DagBag from /opt/airflow/dags/php_dag.py
[2025-11-15T20:50:56.640+0000] {processor.py:925} INFO - DAG(s) 'rodar_script_php' retrieved from /opt/airflow/dags/php_dag.py
[2025-11-15T20:50:56.663+0000] {logging_mixin.py:190} INFO - [2025-11-15T20:50:56.662+0000] {dag.py:3229} INFO - Sync 1 DAGs
[2025-11-15T20:50:56.683+0000] {logging_mixin.py:190} INFO - [2025-11-15T20:50:56.682+0000] {dag.py:4156} INFO - Setting next_dagrun for rodar_script_php to 2025-11-15 00:00:00+00:00, run_after=2025-11-16 00:00:00+00:00
[2025-11-15T20:50:56.696+0000] {processor.py:208} INFO - Processing /opt/airflow/dags/php_dag.py took 0.076 seconds
[2025-11-15T20:51:26.805+0000] {processor.py:186} INFO - Started process (PID=221) to work on /opt/airflow/dags/php_dag.py
[2025-11-15T20:51:26.805+0000] {processor.py:914} INFO - Processing file /opt/airflow/dags/php_dag.py for tasks to queue
[2025-11-15T20:51:26.807+0000] {logging_mixin.py:190} INFO - [2025-11-15T20:51:26.807+0000] {dagbag.py:587} INFO - Filling up the DagBag from /opt/airflow/dags/php_dag.py
[2025-11-15T20:51:26.817+0000] {processor.py:925} INFO - DAG(s) 'rodar_script_php' retrieved from /opt/airflow/dags/php_dag.py
[2025-11-15T20:51:26.837+0000] {logging_mixin.py:190} INFO - [2025-11-15T20:51:26.837+0000] {dag.py:3229} INFO - Sync 1 DAGs
[2025-11-15T20:51:26.856+0000] {logging_mixin.py:190} INFO - [2025-11-15T20:51:26.856+0000] {dag.py:4156} INFO - Setting next_dagrun for rodar_script_php to 2025-11-15 00:00:00+00:00, run_after=2025-11-16 00:00:00+00:00
[2025-11-15T20:51:26.869+0000] {processor.py:208} INFO - Processing /opt/airflow/dags/php_dag.py took 0.069 seconds
[2025-11-15T20:51:57.037+0000] {processor.py:186} INFO - Started process (PID=231) to work on /opt/airflow/dags/php_dag.py
[2025-11-15T20:51:57.037+0000] {processor.py:914} INFO - Processing file /opt/airflow/dags/php_dag.py for tasks to queue
[2025-11-15T20:51:57.040+0000] {logging_mixin.py:190} INFO - [2025-11-15T20:51:57.039+0000] {dagbag.py:587} INFO - Filling up the DagBag from /opt/airflow/dags/php_dag.py
[2025-11-15T20:51:57.049+0000] {processor.py:925} INFO - DAG(s) 'rodar_script_php' retrieved from /opt/airflow/dags/php_dag.py
[2025-11-15T20:51:57.069+0000] {logging_mixin.py:190} INFO - [2025-11-15T20:51:57.069+0000] {dag.py:3229} INFO - Sync 1 DAGs
[2025-11-15T20:51:57.087+0000] {logging_mixin.py:190} INFO - [2025-11-15T20:51:57.086+0000] {dag.py:4156} INFO - Setting next_dagrun for rodar_script_php to 2025-11-15 00:00:00+00:00, run_after=2025-11-16 00:00:00+00:00
[2025-11-15T20:51:57.100+0000] {processor.py:208} INFO - Processing /opt/airflow/dags/php_dag.py took 0.068 seconds
[2025-11-15T20:52:27.200+0000] {processor.py:186} INFO - Started process (PID=241) to work on /opt/airflow/dags/php_dag.py
[2025-11-15T20:52:27.203+0000] {processor.py:914} INFO - Processing file /opt/airflow/dags/php_dag.py for tasks to queue
[2025-11-15T20:52:27.205+0000] {logging_mixin.py:190} INFO - [2025-11-15T20:52:27.205+0000] {dagbag.py:587} INFO - Filling up the DagBag from /opt/airflow/dags/php_dag.py
[2025-11-15T20:52:27.216+0000] {processor.py:925} INFO - DAG(s) 'rodar_script_php' retrieved from /opt/airflow/dags/php_dag.py
[2025-11-15T20:52:27.237+0000] {logging_mixin.py:190} INFO - [2025-11-15T20:52:27.237+0000] {dag.py:3229} INFO - Sync 1 DAGs
[2025-11-15T20:52:27.257+0000] {logging_mixin.py:190} INFO - [2025-11-15T20:52:27.257+0000] {dag.py:4156} INFO - Setting next_dagrun for rodar_script_php to 2025-11-15 00:00:00+00:00, run_after=2025-11-16 00:00:00+00:00
[2025-11-15T20:52:27.271+0000] {processor.py:208} INFO - Processing /opt/airflow/dags/php_dag.py took 0.077 seconds
[2025-11-15T20:52:57.405+0000] {processor.py:186} INFO - Started process (PID=251) to work on /opt/airflow/dags/php_dag.py
[2025-11-15T20:52:57.409+0000] {processor.py:914} INFO - Processing file /opt/airflow/dags/php_dag.py for tasks to queue
[2025-11-15T20:52:57.410+0000] {logging_mixin.py:190} INFO - [2025-11-15T20:52:57.410+0000] {dagbag.py:587} INFO - Filling up the DagBag from /opt/airflow/dags/php_dag.py
[2025-11-15T20:52:57.421+0000] {processor.py:925} INFO - DAG(s) 'rodar_script_php' retrieved from /opt/airflow/dags/php_dag.py
[2025-11-15T20:52:57.440+0000] {logging_mixin.py:190} INFO - [2025-11-15T20:52:57.439+0000] {dag.py:3229} INFO - Sync 1 DAGs
[2025-11-15T20:52:57.457+0000] {logging_mixin.py:190} INFO - [2025-11-15T20:52:57.457+0000] {dag.py:4156} INFO - Setting next_dagrun for rodar_script_php to 2025-11-15 00:00:00+00:00, run_after=2025-11-16 00:00:00+00:00
[2025-11-15T20:52:57.469+0000] {processor.py:208} INFO - Processing /opt/airflow/dags/php_dag.py took 0.068 seconds
[2025-11-15T20:53:27.601+0000] {processor.py:186} INFO - Started process (PID=261) to work on /opt/airflow/dags/php_dag.py
[2025-11-15T20:53:27.602+0000] {processor.py:914} INFO - Processing file /opt/airflow/dags/php_dag.py for tasks to queue
[2025-11-15T20:53:27.603+0000] {logging_mixin.py:190} INFO - [2025-11-15T20:53:27.603+0000] {dagbag.py:587} INFO - Filling up the DagBag from /opt/airflow/dags/php_dag.py
[2025-11-15T20:53:27.613+0000] {processor.py:925} INFO - DAG(s) 'rodar_script_php' retrieved from /opt/airflow/dags/php_dag.py
[2025-11-15T20:53:27.631+0000] {logging_mixin.py:190} INFO - [2025-11-15T20:53:27.631+0000] {dag.py:3229} INFO - Sync 1 DAGs
[2025-11-15T20:53:27.649+0000] {logging_mixin.py:190} INFO - [2025-11-15T20:53:27.648+0000] {dag.py:4156} INFO - Setting next_dagrun for rodar_script_php to 2025-11-15 00:00:00+00:00, run_after=2025-11-16 00:00:00+00:00
[2025-11-15T20:53:27.661+0000] {processor.py:208} INFO - Processing /opt/airflow/dags/php_dag.py took 0.064 seconds
[2025-11-15T20:53:57.828+0000] {processor.py:186} INFO - Started process (PID=273) to work on /opt/airflow/dags/php_dag.py
[2025-11-15T20:53:57.829+0000] {processor.py:914} INFO - Processing file /opt/airflow/dags/php_dag.py for tasks to queue
[2025-11-15T20:53:57.831+0000] {logging_mixin.py:190} INFO - [2025-11-15T20:53:57.831+0000] {dagbag.py:587} INFO - Filling up the DagBag from /opt/airflow/dags/php_dag.py
[2025-11-15T20:53:57.840+0000] {processor.py:925} INFO - DAG(s) 'rodar_script_php' retrieved from /opt/airflow/dags/php_dag.py
[2025-11-15T20:53:57.859+0000] {logging_mixin.py:190} INFO - [2025-11-15T20:53:57.858+0000] {dag.py:3229} INFO - Sync 1 DAGs
[2025-11-15T20:53:57.876+0000] {logging_mixin.py:190} INFO - [2025-11-15T20:53:57.876+0000] {dag.py:4156} INFO - Setting next_dagrun for rodar_script_php to 2025-11-15 00:00:00+00:00, run_after=2025-11-16 00:00:00+00:00
[2025-11-15T20:53:57.889+0000] {processor.py:208} INFO - Processing /opt/airflow/dags/php_dag.py took 0.066 seconds
[2025-11-15T20:54:28.053+0000] {processor.py:186} INFO - Started process (PID=283) to work on /opt/airflow/dags/php_dag.py
[2025-11-15T20:54:28.060+0000] {processor.py:914} INFO - Processing file /opt/airflow/dags/php_dag.py for tasks to queue
[2025-11-15T20:54:28.062+0000] {logging_mixin.py:190} INFO - [2025-11-15T20:54:28.062+0000] {dagbag.py:587} INFO - Filling up the DagBag from /opt/airflow/dags/php_dag.py
[2025-11-15T20:54:28.071+0000] {processor.py:925} INFO - DAG(s) 'rodar_script_php' retrieved from /opt/airflow/dags/php_dag.py
[2025-11-15T20:54:28.089+0000] {logging_mixin.py:190} INFO - [2025-11-15T20:54:28.089+0000] {dag.py:3229} INFO - Sync 1 DAGs
[2025-11-15T20:54:28.107+0000] {logging_mixin.py:190} INFO - [2025-11-15T20:54:28.107+0000] {dag.py:4156} INFO - Setting next_dagrun for rodar_script_php to 2025-11-15 00:00:00+00:00, run_after=2025-11-16 00:00:00+00:00
[2025-11-15T20:54:28.119+0000] {processor.py:208} INFO - Processing /opt/airflow/dags/php_dag.py took 0.070 seconds
[2025-11-15T20:54:58.332+0000] {processor.py:186} INFO - Started process (PID=293) to work on /opt/airflow/dags/php_dag.py
[2025-11-15T20:54:58.332+0000] {processor.py:914} INFO - Processing file /opt/airflow/dags/php_dag.py for tasks to queue
[2025-11-15T20:54:58.334+0000] {logging_mixin.py:190} INFO - [2025-11-15T20:54:58.334+0000] {dagbag.py:587} INFO - Filling up the DagBag from /opt/airflow/dags/php_dag.py
[2025-11-15T20:54:58.344+0000] {processor.py:925} INFO - DAG(s) 'rodar_script_php' retrieved from /opt/airflow/dags/php_dag.py
[2025-11-15T20:54:58.362+0000] {logging_mixin.py:190} INFO - [2025-11-15T20:54:58.362+0000] {dag.py:3229} INFO - Sync 1 DAGs
[2025-11-15T20:54:58.381+0000] {logging_mixin.py:190} INFO - [2025-11-15T20:54:58.380+0000] {dag.py:4156} INFO - Setting next_dagrun for rodar_script_php to 2025-11-15 00:00:00+00:00, run_after=2025-11-16 00:00:00+00:00
[2025-11-15T20:54:58.524+0000] {processor.py:208} INFO - Processing /opt/airflow/dags/php_dag.py took 0.196 seconds
[2025-11-15T20:55:28.753+0000] {processor.py:186} INFO - Started process (PID=303) to work on /opt/airflow/dags/php_dag.py
[2025-11-15T20:55:28.760+0000] {processor.py:914} INFO - Processing file /opt/airflow/dags/php_dag.py for tasks to queue
[2025-11-15T20:55:28.762+0000] {logging_mixin.py:190} INFO - [2025-11-15T20:55:28.762+0000] {dagbag.py:587} INFO - Filling up the DagBag from /opt/airflow/dags/php_dag.py
[2025-11-15T20:55:28.770+0000] {processor.py:925} INFO - DAG(s) 'rodar_script_php' retrieved from /opt/airflow/dags/php_dag.py
[2025-11-15T20:55:28.788+0000] {logging_mixin.py:190} INFO - [2025-11-15T20:55:28.787+0000] {dag.py:3229} INFO - Sync 1 DAGs
[2025-11-15T20:55:28.934+0000] {logging_mixin.py:190} INFO - [2025-11-15T20:55:28.933+0000] {dag.py:4156} INFO - Setting next_dagrun for rodar_script_php to 2025-11-15 00:00:00+00:00, run_after=2025-11-16 00:00:00+00:00
[2025-11-15T20:55:28.944+0000] {processor.py:208} INFO - Processing /opt/airflow/dags/php_dag.py took 0.195 seconds
[2025-11-15T20:55:59.119+0000] {processor.py:186} INFO - Started process (PID=313) to work on /opt/airflow/dags/php_dag.py
[2025-11-15T20:55:59.120+0000] {processor.py:914} INFO - Processing file /opt/airflow/dags/php_dag.py for tasks to queue
[2025-11-15T20:55:59.122+0000] {logging_mixin.py:190} INFO - [2025-11-15T20:55:59.121+0000] {dagbag.py:587} INFO - Filling up the DagBag from /opt/airflow/dags/php_dag.py
[2025-11-15T20:55:59.132+0000] {processor.py:925} INFO - DAG(s) 'rodar_script_php' retrieved from /opt/airflow/dags/php_dag.py
[2025-11-15T20:55:59.153+0000] {logging_mixin.py:190} INFO - [2025-11-15T20:55:59.152+0000] {dag.py:3229} INFO - Sync 1 DAGs
[2025-11-15T20:55:59.173+0000] {logging_mixin.py:190} INFO - [2025-11-15T20:55:59.173+0000] {dag.py:4156} INFO - Setting next_dagrun for rodar_script_php to 2025-11-15 00:00:00+00:00, run_after=2025-11-16 00:00:00+00:00
[2025-11-15T20:55:59.187+0000] {processor.py:208} INFO - Processing /opt/airflow/dags/php_dag.py took 0.073 seconds
[2025-11-15T20:56:39.266+0000] {processor.py:186} INFO - Started process (PID=179) to work on /opt/airflow/dags/php_dag.py
[2025-11-15T20:56:39.267+0000] {processor.py:914} INFO - Processing file /opt/airflow/dags/php_dag.py for tasks to queue
[2025-11-15T20:56:39.269+0000] {logging_mixin.py:190} INFO - [2025-11-15T20:56:39.269+0000] {dagbag.py:587} INFO - Filling up the DagBag from /opt/airflow/dags/php_dag.py
[2025-11-15T20:56:39.286+0000] {processor.py:925} INFO - DAG(s) 'rodar_script_php' retrieved from /opt/airflow/dags/php_dag.py
[2025-11-15T20:56:39.318+0000] {logging_mixin.py:190} INFO - [2025-11-15T20:56:39.318+0000] {dag.py:3229} INFO - Sync 1 DAGs
[2025-11-15T20:56:39.341+0000] {logging_mixin.py:190} INFO - [2025-11-15T20:56:39.341+0000] {dag.py:4156} INFO - Setting next_dagrun for rodar_script_php to 2025-11-15 00:00:00+00:00, run_after=2025-11-16 00:00:00+00:00
[2025-11-15T20:56:39.356+0000] {processor.py:208} INFO - Processing /opt/airflow/dags/php_dag.py took 0.097 seconds
[2025-11-15T20:57:09.453+0000] {processor.py:186} INFO - Started process (PID=189) to work on /opt/airflow/dags/php_dag.py
[2025-11-15T20:57:09.454+0000] {processor.py:914} INFO - Processing file /opt/airflow/dags/php_dag.py for tasks to queue
[2025-11-15T20:57:09.456+0000] {logging_mixin.py:190} INFO - [2025-11-15T20:57:09.456+0000] {dagbag.py:587} INFO - Filling up the DagBag from /opt/airflow/dags/php_dag.py
[2025-11-15T20:57:09.465+0000] {processor.py:925} INFO - DAG(s) 'rodar_script_php' retrieved from /opt/airflow/dags/php_dag.py
[2025-11-15T20:57:09.486+0000] {logging_mixin.py:190} INFO - [2025-11-15T20:57:09.486+0000] {dag.py:3229} INFO - Sync 1 DAGs
[2025-11-15T20:57:09.503+0000] {logging_mixin.py:190} INFO - [2025-11-15T20:57:09.503+0000] {dag.py:4156} INFO - Setting next_dagrun for rodar_script_php to 2025-11-15 00:00:00+00:00, run_after=2025-11-16 00:00:00+00:00
[2025-11-15T20:57:09.516+0000] {processor.py:208} INFO - Processing /opt/airflow/dags/php_dag.py took 0.067 seconds
[2025-11-15T20:57:39.692+0000] {processor.py:186} INFO - Started process (PID=199) to work on /opt/airflow/dags/php_dag.py
[2025-11-15T20:57:39.693+0000] {processor.py:914} INFO - Processing file /opt/airflow/dags/php_dag.py for tasks to queue
[2025-11-15T20:57:39.697+0000] {logging_mixin.py:190} INFO - [2025-11-15T20:57:39.697+0000] {dagbag.py:587} INFO - Filling up the DagBag from /opt/airflow/dags/php_dag.py
[2025-11-15T20:57:39.706+0000] {processor.py:925} INFO - DAG(s) 'rodar_script_php' retrieved from /opt/airflow/dags/php_dag.py
[2025-11-15T20:57:39.726+0000] {logging_mixin.py:190} INFO - [2025-11-15T20:57:39.726+0000] {dag.py:3229} INFO - Sync 1 DAGs
[2025-11-15T20:57:39.744+0000] {logging_mixin.py:190} INFO - [2025-11-15T20:57:39.743+0000] {dag.py:4156} INFO - Setting next_dagrun for rodar_script_php to 2025-11-15 00:00:00+00:00, run_after=2025-11-16 00:00:00+00:00
[2025-11-15T20:57:39.756+0000] {processor.py:208} INFO - Processing /opt/airflow/dags/php_dag.py took 0.070 seconds
[2025-11-15T20:58:09.865+0000] {processor.py:186} INFO - Started process (PID=221) to work on /opt/airflow/dags/php_dag.py
[2025-11-15T20:58:09.866+0000] {processor.py:914} INFO - Processing file /opt/airflow/dags/php_dag.py for tasks to queue
[2025-11-15T20:58:09.869+0000] {logging_mixin.py:190} INFO - [2025-11-15T20:58:09.869+0000] {dagbag.py:587} INFO - Filling up the DagBag from /opt/airflow/dags/php_dag.py
[2025-11-15T20:58:09.880+0000] {processor.py:925} INFO - DAG(s) 'rodar_script_php' retrieved from /opt/airflow/dags/php_dag.py
[2025-11-15T20:58:09.901+0000] {logging_mixin.py:190} INFO - [2025-11-15T20:58:09.901+0000] {dag.py:3229} INFO - Sync 1 DAGs
[2025-11-15T20:58:09.920+0000] {logging_mixin.py:190} INFO - [2025-11-15T20:58:09.919+0000] {dag.py:4156} INFO - Setting next_dagrun for rodar_script_php to 2025-11-15 00:00:00+00:00, run_after=2025-11-16 00:00:00+00:00
[2025-11-15T20:58:09.933+0000] {processor.py:208} INFO - Processing /opt/airflow/dags/php_dag.py took 0.073 seconds
[2025-11-15T20:58:40.056+0000] {processor.py:186} INFO - Started process (PID=231) to work on /opt/airflow/dags/php_dag.py
[2025-11-15T20:58:40.059+0000] {processor.py:914} INFO - Processing file /opt/airflow/dags/php_dag.py for tasks to queue
[2025-11-15T20:58:40.062+0000] {logging_mixin.py:190} INFO - [2025-11-15T20:58:40.061+0000] {dagbag.py:587} INFO - Filling up the DagBag from /opt/airflow/dags/php_dag.py
[2025-11-15T20:58:40.071+0000] {processor.py:925} INFO - DAG(s) 'rodar_script_php' retrieved from /opt/airflow/dags/php_dag.py
[2025-11-15T20:58:40.091+0000] {logging_mixin.py:190} INFO - [2025-11-15T20:58:40.091+0000] {dag.py:3229} INFO - Sync 1 DAGs
[2025-11-15T20:58:40.109+0000] {logging_mixin.py:190} INFO - [2025-11-15T20:58:40.109+0000] {dag.py:4156} INFO - Setting next_dagrun for rodar_script_php to 2025-11-15 00:00:00+00:00, run_after=2025-11-16 00:00:00+00:00
[2025-11-15T20:58:40.123+0000] {processor.py:208} INFO - Processing /opt/airflow/dags/php_dag.py took 0.072 seconds
[2025-11-15T20:59:20.163+0000] {processor.py:186} INFO - Started process (PID=179) to work on /opt/airflow/dags/php_dag.py
[2025-11-15T20:59:20.164+0000] {processor.py:914} INFO - Processing file /opt/airflow/dags/php_dag.py for tasks to queue
[2025-11-15T20:59:20.165+0000] {logging_mixin.py:190} INFO - [2025-11-15T20:59:20.165+0000] {dagbag.py:587} INFO - Filling up the DagBag from /opt/airflow/dags/php_dag.py
[2025-11-15T20:59:20.180+0000] {processor.py:925} INFO - DAG(s) 'rodar_script_php' retrieved from /opt/airflow/dags/php_dag.py
[2025-11-15T20:59:20.212+0000] {logging_mixin.py:190} INFO - [2025-11-15T20:59:20.211+0000] {dag.py:3229} INFO - Sync 1 DAGs
[2025-11-15T20:59:20.235+0000] {logging_mixin.py:190} INFO - [2025-11-15T20:59:20.235+0000] {dag.py:4156} INFO - Setting next_dagrun for rodar_script_php to 2025-11-15 00:00:00+00:00, run_after=2025-11-16 00:00:00+00:00
[2025-11-15T20:59:20.251+0000] {processor.py:208} INFO - Processing /opt/airflow/dags/php_dag.py took 0.093 seconds
[2025-11-15T20:59:50.334+0000] {processor.py:186} INFO - Started process (PID=189) to work on /opt/airflow/dags/php_dag.py
[2025-11-15T20:59:50.335+0000] {processor.py:914} INFO - Processing file /opt/airflow/dags/php_dag.py for tasks to queue
[2025-11-15T20:59:50.337+0000] {logging_mixin.py:190} INFO - [2025-11-15T20:59:50.337+0000] {dagbag.py:587} INFO - Filling up the DagBag from /opt/airflow/dags/php_dag.py
[2025-11-15T20:59:50.348+0000] {processor.py:925} INFO - DAG(s) 'rodar_script_php' retrieved from /opt/airflow/dags/php_dag.py
[2025-11-15T20:59:50.372+0000] {logging_mixin.py:190} INFO - [2025-11-15T20:59:50.372+0000] {dag.py:3229} INFO - Sync 1 DAGs
[2025-11-15T20:59:50.391+0000] {logging_mixin.py:190} INFO - [2025-11-15T20:59:50.391+0000] {dag.py:4156} INFO - Setting next_dagrun for rodar_script_php to 2025-11-15 00:00:00+00:00, run_after=2025-11-16 00:00:00+00:00
[2025-11-15T20:59:50.404+0000] {processor.py:208} INFO - Processing /opt/airflow/dags/php_dag.py took 0.075 seconds
[2025-11-15T21:00:20.582+0000] {processor.py:186} INFO - Started process (PID=211) to work on /opt/airflow/dags/php_dag.py
[2025-11-15T21:00:20.583+0000] {processor.py:914} INFO - Processing file /opt/airflow/dags/php_dag.py for tasks to queue
[2025-11-15T21:00:20.587+0000] {logging_mixin.py:190} INFO - [2025-11-15T21:00:20.587+0000] {dagbag.py:587} INFO - Filling up the DagBag from /opt/airflow/dags/php_dag.py
[2025-11-15T21:00:20.597+0000] {processor.py:925} INFO - DAG(s) 'rodar_script_php' retrieved from /opt/airflow/dags/php_dag.py
[2025-11-15T21:00:20.614+0000] {logging_mixin.py:190} INFO - [2025-11-15T21:00:20.614+0000] {dag.py:3229} INFO - Sync 1 DAGs
[2025-11-15T21:00:20.633+0000] {logging_mixin.py:190} INFO - [2025-11-15T21:00:20.633+0000] {dag.py:4156} INFO - Setting next_dagrun for rodar_script_php to 2025-11-15 00:00:00+00:00, run_after=2025-11-16 00:00:00+00:00
[2025-11-15T21:00:20.645+0000] {processor.py:208} INFO - Processing /opt/airflow/dags/php_dag.py took 0.067 seconds
[2025-11-15T21:00:50.769+0000] {processor.py:186} INFO - Started process (PID=221) to work on /opt/airflow/dags/php_dag.py
[2025-11-15T21:00:50.770+0000] {processor.py:914} INFO - Processing file /opt/airflow/dags/php_dag.py for tasks to queue
[2025-11-15T21:00:50.772+0000] {logging_mixin.py:190} INFO - [2025-11-15T21:00:50.772+0000] {dagbag.py:587} INFO - Filling up the DagBag from /opt/airflow/dags/php_dag.py
[2025-11-15T21:00:50.782+0000] {processor.py:925} INFO - DAG(s) 'rodar_script_php' retrieved from /opt/airflow/dags/php_dag.py
[2025-11-15T21:00:50.801+0000] {logging_mixin.py:190} INFO - [2025-11-15T21:00:50.801+0000] {dag.py:3229} INFO - Sync 1 DAGs
[2025-11-15T21:00:50.819+0000] {logging_mixin.py:190} INFO - [2025-11-15T21:00:50.819+0000] {dag.py:4156} INFO - Setting next_dagrun for rodar_script_php to 2025-11-15 00:00:00+00:00, run_after=2025-11-16 00:00:00+00:00
[2025-11-15T21:00:50.832+0000] {processor.py:208} INFO - Processing /opt/airflow/dags/php_dag.py took 0.067 seconds
[2025-11-15T21:01:21.034+0000] {processor.py:186} INFO - Started process (PID=231) to work on /opt/airflow/dags/php_dag.py
[2025-11-15T21:01:21.037+0000] {processor.py:914} INFO - Processing file /opt/airflow/dags/php_dag.py for tasks to queue
[2025-11-15T21:01:21.039+0000] {logging_mixin.py:190} INFO - [2025-11-15T21:01:21.039+0000] {dagbag.py:587} INFO - Filling up the DagBag from /opt/airflow/dags/php_dag.py
[2025-11-15T21:01:21.050+0000] {processor.py:925} INFO - DAG(s) 'rodar_script_php' retrieved from /opt/airflow/dags/php_dag.py
[2025-11-15T21:01:21.075+0000] {logging_mixin.py:190} INFO - [2025-11-15T21:01:21.075+0000] {dag.py:3229} INFO - Sync 1 DAGs
[2025-11-15T21:01:21.096+0000] {logging_mixin.py:190} INFO - [2025-11-15T21:01:21.096+0000] {dag.py:4156} INFO - Setting next_dagrun for rodar_script_php to 2025-11-15 00:00:00+00:00, run_after=2025-11-16 00:00:00+00:00
[2025-11-15T21:01:21.115+0000] {processor.py:208} INFO - Processing /opt/airflow/dags/php_dag.py took 0.086 seconds
[2025-11-15T21:01:51.198+0000] {processor.py:186} INFO - Started process (PID=241) to work on /opt/airflow/dags/php_dag.py
[2025-11-15T21:01:51.198+0000] {processor.py:914} INFO - Processing file /opt/airflow/dags/php_dag.py for tasks to queue
[2025-11-15T21:01:51.200+0000] {logging_mixin.py:190} INFO - [2025-11-15T21:01:51.200+0000] {dagbag.py:587} INFO - Filling up the DagBag from /opt/airflow/dags/php_dag.py
[2025-11-15T21:01:51.211+0000] {processor.py:925} INFO - DAG(s) 'rodar_script_php' retrieved from /opt/airflow/dags/php_dag.py
[2025-11-15T21:01:51.231+0000] {logging_mixin.py:190} INFO - [2025-11-15T21:01:51.230+0000] {dag.py:3229} INFO - Sync 1 DAGs
[2025-11-15T21:01:51.250+0000] {logging_mixin.py:190} INFO - [2025-11-15T21:01:51.250+0000] {dag.py:4156} INFO - Setting next_dagrun for rodar_script_php to 2025-11-15 00:00:00+00:00, run_after=2025-11-16 00:00:00+00:00
[2025-11-15T21:01:51.262+0000] {processor.py:208} INFO - Processing /opt/airflow/dags/php_dag.py took 0.070 seconds
[2025-11-15T21:02:21.450+0000] {processor.py:186} INFO - Started process (PID=251) to work on /opt/airflow/dags/php_dag.py
[2025-11-15T21:02:21.450+0000] {processor.py:914} INFO - Processing file /opt/airflow/dags/php_dag.py for tasks to queue
[2025-11-15T21:02:21.453+0000] {logging_mixin.py:190} INFO - [2025-11-15T21:02:21.452+0000] {dagbag.py:587} INFO - Filling up the DagBag from /opt/airflow/dags/php_dag.py
[2025-11-15T21:02:21.462+0000] {processor.py:925} INFO - DAG(s) 'rodar_script_php' retrieved from /opt/airflow/dags/php_dag.py
[2025-11-15T21:02:21.481+0000] {logging_mixin.py:190} INFO - [2025-11-15T21:02:21.480+0000] {dag.py:3229} INFO - Sync 1 DAGs
[2025-11-15T21:02:21.499+0000] {logging_mixin.py:190} INFO - [2025-11-15T21:02:21.498+0000] {dag.py:4156} INFO - Setting next_dagrun for rodar_script_php to 2025-11-15 00:00:00+00:00, run_after=2025-11-16 00:00:00+00:00
[2025-11-15T21:02:21.511+0000] {processor.py:208} INFO - Processing /opt/airflow/dags/php_dag.py took 0.065 seconds
[2025-11-15T21:02:51.652+0000] {processor.py:186} INFO - Started process (PID=261) to work on /opt/airflow/dags/php_dag.py
[2025-11-15T21:02:51.653+0000] {processor.py:914} INFO - Processing file /opt/airflow/dags/php_dag.py for tasks to queue
[2025-11-15T21:02:51.654+0000] {logging_mixin.py:190} INFO - [2025-11-15T21:02:51.654+0000] {dagbag.py:587} INFO - Filling up the DagBag from /opt/airflow/dags/php_dag.py
[2025-11-15T21:02:51.664+0000] {processor.py:925} INFO - DAG(s) 'rodar_script_php' retrieved from /opt/airflow/dags/php_dag.py
[2025-11-15T21:02:51.686+0000] {logging_mixin.py:190} INFO - [2025-11-15T21:02:51.685+0000] {dag.py:3229} INFO - Sync 1 DAGs
[2025-11-15T21:02:51.704+0000] {logging_mixin.py:190} INFO - [2025-11-15T21:02:51.704+0000] {dag.py:4156} INFO - Setting next_dagrun for rodar_script_php to 2025-11-15 00:00:00+00:00, run_after=2025-11-16 00:00:00+00:00
[2025-11-15T21:02:51.718+0000] {processor.py:208} INFO - Processing /opt/airflow/dags/php_dag.py took 0.071 seconds
[2025-11-15T21:03:21.850+0000] {processor.py:186} INFO - Started process (PID=271) to work on /opt/airflow/dags/php_dag.py
[2025-11-15T21:03:21.851+0000] {processor.py:914} INFO - Processing file /opt/airflow/dags/php_dag.py for tasks to queue
[2025-11-15T21:03:21.853+0000] {logging_mixin.py:190} INFO - [2025-11-15T21:03:21.853+0000] {dagbag.py:587} INFO - Filling up the DagBag from /opt/airflow/dags/php_dag.py
[2025-11-15T21:03:21.863+0000] {processor.py:925} INFO - DAG(s) 'rodar_script_php' retrieved from /opt/airflow/dags/php_dag.py
[2025-11-15T21:03:21.883+0000] {logging_mixin.py:190} INFO - [2025-11-15T21:03:21.883+0000] {dag.py:3229} INFO - Sync 1 DAGs
[2025-11-15T21:03:21.901+0000] {logging_mixin.py:190} INFO - [2025-11-15T21:03:21.901+0000] {dag.py:4156} INFO - Setting next_dagrun for rodar_script_php to 2025-11-15 00:00:00+00:00, run_after=2025-11-16 00:00:00+00:00
[2025-11-15T21:03:21.914+0000] {processor.py:208} INFO - Processing /opt/airflow/dags/php_dag.py took 0.068 seconds
[2025-11-15T21:03:52.070+0000] {processor.py:186} INFO - Started process (PID=281) to work on /opt/airflow/dags/php_dag.py
[2025-11-15T21:03:52.070+0000] {processor.py:914} INFO - Processing file /opt/airflow/dags/php_dag.py for tasks to queue
[2025-11-15T21:03:52.072+0000] {logging_mixin.py:190} INFO - [2025-11-15T21:03:52.071+0000] {dagbag.py:587} INFO - Filling up the DagBag from /opt/airflow/dags/php_dag.py
[2025-11-15T21:03:52.082+0000] {processor.py:925} INFO - DAG(s) 'rodar_script_php' retrieved from /opt/airflow/dags/php_dag.py
[2025-11-15T21:03:52.101+0000] {logging_mixin.py:190} INFO - [2025-11-15T21:03:52.101+0000] {dag.py:3229} INFO - Sync 1 DAGs
[2025-11-15T21:03:52.119+0000] {logging_mixin.py:190} INFO - [2025-11-15T21:03:52.118+0000] {dag.py:4156} INFO - Setting next_dagrun for rodar_script_php to 2025-11-15 00:00:00+00:00, run_after=2025-11-16 00:00:00+00:00
[2025-11-15T21:03:52.131+0000] {processor.py:208} INFO - Processing /opt/airflow/dags/php_dag.py took 0.065 seconds
[2025-11-15T21:04:22.283+0000] {processor.py:186} INFO - Started process (PID=291) to work on /opt/airflow/dags/php_dag.py
[2025-11-15T21:04:22.283+0000] {processor.py:914} INFO - Processing file /opt/airflow/dags/php_dag.py for tasks to queue
[2025-11-15T21:04:22.285+0000] {logging_mixin.py:190} INFO - [2025-11-15T21:04:22.285+0000] {dagbag.py:587} INFO - Filling up the DagBag from /opt/airflow/dags/php_dag.py
[2025-11-15T21:04:22.295+0000] {processor.py:925} INFO - DAG(s) 'rodar_script_php' retrieved from /opt/airflow/dags/php_dag.py
[2025-11-15T21:04:22.315+0000] {logging_mixin.py:190} INFO - [2025-11-15T21:04:22.314+0000] {dag.py:3229} INFO - Sync 1 DAGs
[2025-11-15T21:04:22.334+0000] {logging_mixin.py:190} INFO - [2025-11-15T21:04:22.334+0000] {dag.py:4156} INFO - Setting next_dagrun for rodar_script_php to 2025-11-15 00:00:00+00:00, run_after=2025-11-16 00:00:00+00:00
[2025-11-15T21:04:22.488+0000] {processor.py:208} INFO - Processing /opt/airflow/dags/php_dag.py took 0.210 seconds
[2025-11-15T21:04:52.685+0000] {processor.py:186} INFO - Started process (PID=301) to work on /opt/airflow/dags/php_dag.py
[2025-11-15T21:04:52.686+0000] {processor.py:914} INFO - Processing file /opt/airflow/dags/php_dag.py for tasks to queue
[2025-11-15T21:04:52.688+0000] {logging_mixin.py:190} INFO - [2025-11-15T21:04:52.688+0000] {dagbag.py:587} INFO - Filling up the DagBag from /opt/airflow/dags/php_dag.py
[2025-11-15T21:04:52.698+0000] {processor.py:925} INFO - DAG(s) 'rodar_script_php' retrieved from /opt/airflow/dags/php_dag.py
[2025-11-15T21:04:52.718+0000] {logging_mixin.py:190} INFO - [2025-11-15T21:04:52.718+0000] {dag.py:3229} INFO - Sync 1 DAGs
[2025-11-15T21:04:52.879+0000] {logging_mixin.py:190} INFO - [2025-11-15T21:04:52.879+0000] {dag.py:4156} INFO - Setting next_dagrun for rodar_script_php to 2025-11-15 00:00:00+00:00, run_after=2025-11-16 00:00:00+00:00
[2025-11-15T21:04:52.892+0000] {processor.py:208} INFO - Processing /opt/airflow/dags/php_dag.py took 0.211 seconds
[2025-11-15T21:05:23.075+0000] {processor.py:186} INFO - Started process (PID=311) to work on /opt/airflow/dags/php_dag.py
[2025-11-15T21:05:23.076+0000] {processor.py:914} INFO - Processing file /opt/airflow/dags/php_dag.py for tasks to queue
[2025-11-15T21:05:23.077+0000] {logging_mixin.py:190} INFO - [2025-11-15T21:05:23.077+0000] {dagbag.py:587} INFO - Filling up the DagBag from /opt/airflow/dags/php_dag.py
[2025-11-15T21:05:23.087+0000] {processor.py:925} INFO - DAG(s) 'rodar_script_php' retrieved from /opt/airflow/dags/php_dag.py
[2025-11-15T21:05:23.106+0000] {logging_mixin.py:190} INFO - [2025-11-15T21:05:23.106+0000] {dag.py:3229} INFO - Sync 1 DAGs
[2025-11-15T21:05:23.125+0000] {logging_mixin.py:190} INFO - [2025-11-15T21:05:23.124+0000] {dag.py:4156} INFO - Setting next_dagrun for rodar_script_php to 2025-11-15 00:00:00+00:00, run_after=2025-11-16 00:00:00+00:00
[2025-11-15T21:05:23.137+0000] {processor.py:208} INFO - Processing /opt/airflow/dags/php_dag.py took 0.068 seconds
[2025-11-15T21:05:53.269+0000] {processor.py:186} INFO - Started process (PID=321) to work on /opt/airflow/dags/php_dag.py
[2025-11-15T21:05:53.269+0000] {processor.py:914} INFO - Processing file /opt/airflow/dags/php_dag.py for tasks to queue
[2025-11-15T21:05:53.271+0000] {logging_mixin.py:190} INFO - [2025-11-15T21:05:53.271+0000] {dagbag.py:587} INFO - Filling up the DagBag from /opt/airflow/dags/php_dag.py
[2025-11-15T21:05:53.281+0000] {processor.py:925} INFO - DAG(s) 'rodar_script_php' retrieved from /opt/airflow/dags/php_dag.py
[2025-11-15T21:05:53.303+0000] {logging_mixin.py:190} INFO - [2025-11-15T21:05:53.303+0000] {dag.py:3229} INFO - Sync 1 DAGs
[2025-11-15T21:05:53.321+0000] {logging_mixin.py:190} INFO - [2025-11-15T21:05:53.321+0000] {dag.py:4156} INFO - Setting next_dagrun for rodar_script_php to 2025-11-15 00:00:00+00:00, run_after=2025-11-16 00:00:00+00:00
[2025-11-15T21:05:53.333+0000] {processor.py:208} INFO - Processing /opt/airflow/dags/php_dag.py took 0.069 seconds
[2025-11-15T21:06:28.193+0000] {processor.py:186} INFO - Started process (PID=181) to work on /opt/airflow/dags/php_dag.py
[2025-11-15T21:06:28.193+0000] {processor.py:914} INFO - Processing file /opt/airflow/dags/php_dag.py for tasks to queue
[2025-11-15T21:06:28.196+0000] {logging_mixin.py:190} INFO - [2025-11-15T21:06:28.195+0000] {dagbag.py:587} INFO - Filling up the DagBag from /opt/airflow/dags/php_dag.py
[2025-11-15T21:06:28.215+0000] {processor.py:925} INFO - DAG(s) 'rodar_script_php' retrieved from /opt/airflow/dags/php_dag.py
[2025-11-15T21:06:28.244+0000] {logging_mixin.py:190} INFO - [2025-11-15T21:06:28.244+0000] {dag.py:3229} INFO - Sync 1 DAGs
[2025-11-15T21:06:28.264+0000] {logging_mixin.py:190} INFO - [2025-11-15T21:06:28.263+0000] {dag.py:4156} INFO - Setting next_dagrun for rodar_script_php to 2025-11-15 00:00:00+00:00, run_after=2025-11-16 00:00:00+00:00
[2025-11-15T21:06:28.278+0000] {processor.py:208} INFO - Processing /opt/airflow/dags/php_dag.py took 0.090 seconds
[2025-11-15T21:06:58.372+0000] {processor.py:186} INFO - Started process (PID=189) to work on /opt/airflow/dags/php_dag.py
[2025-11-15T21:06:58.373+0000] {processor.py:914} INFO - Processing file /opt/airflow/dags/php_dag.py for tasks to queue
[2025-11-15T21:06:58.376+0000] {logging_mixin.py:190} INFO - [2025-11-15T21:06:58.375+0000] {dagbag.py:587} INFO - Filling up the DagBag from /opt/airflow/dags/php_dag.py
[2025-11-15T21:06:58.387+0000] {processor.py:925} INFO - DAG(s) 'rodar_script_php' retrieved from /opt/airflow/dags/php_dag.py
[2025-11-15T21:06:58.412+0000] {logging_mixin.py:190} INFO - [2025-11-15T21:06:58.412+0000] {dag.py:3229} INFO - Sync 1 DAGs
[2025-11-15T21:06:58.430+0000] {logging_mixin.py:190} INFO - [2025-11-15T21:06:58.430+0000] {dag.py:4156} INFO - Setting next_dagrun for rodar_script_php to 2025-11-15 00:00:00+00:00, run_after=2025-11-16 00:00:00+00:00
[2025-11-15T21:06:58.441+0000] {processor.py:208} INFO - Processing /opt/airflow/dags/php_dag.py took 0.074 seconds
[2025-11-15T21:07:28.618+0000] {processor.py:186} INFO - Started process (PID=199) to work on /opt/airflow/dags/php_dag.py
[2025-11-15T21:07:28.619+0000] {processor.py:914} INFO - Processing file /opt/airflow/dags/php_dag.py for tasks to queue
[2025-11-15T21:07:28.620+0000] {logging_mixin.py:190} INFO - [2025-11-15T21:07:28.619+0000] {dagbag.py:587} INFO - Filling up the DagBag from /opt/airflow/dags/php_dag.py
[2025-11-15T21:07:28.630+0000] {processor.py:925} INFO - DAG(s) 'rodar_script_php' retrieved from /opt/airflow/dags/php_dag.py
[2025-11-15T21:07:28.649+0000] {logging_mixin.py:190} INFO - [2025-11-15T21:07:28.648+0000] {dag.py:3229} INFO - Sync 1 DAGs
[2025-11-15T21:07:28.665+0000] {logging_mixin.py:190} INFO - [2025-11-15T21:07:28.665+0000] {dag.py:4156} INFO - Setting next_dagrun for rodar_script_php to 2025-11-15 00:00:00+00:00, run_after=2025-11-16 00:00:00+00:00
[2025-11-15T21:07:28.676+0000] {processor.py:208} INFO - Processing /opt/airflow/dags/php_dag.py took 0.062 seconds
[2025-11-15T21:07:58.849+0000] {processor.py:186} INFO - Started process (PID=209) to work on /opt/airflow/dags/php_dag.py
[2025-11-15T21:07:58.849+0000] {processor.py:914} INFO - Processing file /opt/airflow/dags/php_dag.py for tasks to queue
[2025-11-15T21:07:58.850+0000] {logging_mixin.py:190} INFO - [2025-11-15T21:07:58.850+0000] {dagbag.py:587} INFO - Filling up the DagBag from /opt/airflow/dags/php_dag.py
[2025-11-15T21:07:58.860+0000] {processor.py:925} INFO - DAG(s) 'rodar_script_php' retrieved from /opt/airflow/dags/php_dag.py
[2025-11-15T21:07:58.883+0000] {logging_mixin.py:190} INFO - [2025-11-15T21:07:58.883+0000] {dag.py:3229} INFO - Sync 1 DAGs
[2025-11-15T21:07:58.906+0000] {logging_mixin.py:190} INFO - [2025-11-15T21:07:58.906+0000] {dag.py:4156} INFO - Setting next_dagrun for rodar_script_php to 2025-11-15 00:00:00+00:00, run_after=2025-11-16 00:00:00+00:00
[2025-11-15T21:07:58.920+0000] {processor.py:208} INFO - Processing /opt/airflow/dags/php_dag.py took 0.076 seconds
[2025-11-15T21:08:22.209+0000] {processor.py:186} INFO - Started process (PID=179) to work on /opt/airflow/dags/php_dag.py
[2025-11-15T21:08:22.210+0000] {processor.py:914} INFO - Processing file /opt/airflow/dags/php_dag.py for tasks to queue
[2025-11-15T21:08:22.212+0000] {logging_mixin.py:190} INFO - [2025-11-15T21:08:22.212+0000] {dagbag.py:587} INFO - Filling up the DagBag from /opt/airflow/dags/php_dag.py
[2025-11-15T21:08:22.228+0000] {processor.py:925} INFO - DAG(s) 'rodar_script_php' retrieved from /opt/airflow/dags/php_dag.py
[2025-11-15T21:08:22.257+0000] {logging_mixin.py:190} INFO - [2025-11-15T21:08:22.256+0000] {dag.py:3229} INFO - Sync 1 DAGs
[2025-11-15T21:08:22.275+0000] {logging_mixin.py:190} INFO - [2025-11-15T21:08:22.275+0000] {dag.py:4156} INFO - Setting next_dagrun for rodar_script_php to 2025-11-15 00:00:00+00:00, run_after=2025-11-16 00:00:00+00:00
[2025-11-15T21:08:22.286+0000] {processor.py:208} INFO - Processing /opt/airflow/dags/php_dag.py took 0.082 seconds
[2025-11-15T21:08:52.448+0000] {processor.py:186} INFO - Started process (PID=201) to work on /opt/airflow/dags/php_dag.py
[2025-11-15T21:08:52.449+0000] {processor.py:914} INFO - Processing file /opt/airflow/dags/php_dag.py for tasks to queue
[2025-11-15T21:08:52.451+0000] {logging_mixin.py:190} INFO - [2025-11-15T21:08:52.451+0000] {dagbag.py:587} INFO - Filling up the DagBag from /opt/airflow/dags/php_dag.py
[2025-11-15T21:08:52.460+0000] {processor.py:925} INFO - DAG(s) 'rodar_script_php' retrieved from /opt/airflow/dags/php_dag.py
[2025-11-15T21:08:52.479+0000] {logging_mixin.py:190} INFO - [2025-11-15T21:08:52.479+0000] {dag.py:3229} INFO - Sync 1 DAGs
[2025-11-15T21:08:52.501+0000] {logging_mixin.py:190} INFO - [2025-11-15T21:08:52.501+0000] {dag.py:4156} INFO - Setting next_dagrun for rodar_script_php to 2025-11-15 00:00:00+00:00, run_after=2025-11-16 00:00:00+00:00
[2025-11-15T21:08:52.514+0000] {processor.py:208} INFO - Processing /opt/airflow/dags/php_dag.py took 0.071 seconds
[2025-11-15T21:09:22.626+0000] {processor.py:186} INFO - Started process (PID=211) to work on /opt/airflow/dags/php_dag.py
[2025-11-15T21:09:22.626+0000] {processor.py:914} INFO - Processing file /opt/airflow/dags/php_dag.py for tasks to queue
[2025-11-15T21:09:22.631+0000] {logging_mixin.py:190} INFO - [2025-11-15T21:09:22.631+0000] {dagbag.py:587} INFO - Filling up the DagBag from /opt/airflow/dags/php_dag.py
[2025-11-15T21:09:22.640+0000] {processor.py:925} INFO - DAG(s) 'rodar_script_php' retrieved from /opt/airflow/dags/php_dag.py
[2025-11-15T21:09:22.661+0000] {logging_mixin.py:190} INFO - [2025-11-15T21:09:22.661+0000] {dag.py:3229} INFO - Sync 1 DAGs
[2025-11-15T21:09:22.680+0000] {logging_mixin.py:190} INFO - [2025-11-15T21:09:22.680+0000] {dag.py:4156} INFO - Setting next_dagrun for rodar_script_php to 2025-11-15 00:00:00+00:00, run_after=2025-11-16 00:00:00+00:00
[2025-11-15T21:09:22.694+0000] {processor.py:208} INFO - Processing /opt/airflow/dags/php_dag.py took 0.073 seconds
[2025-11-15T21:09:52.845+0000] {processor.py:186} INFO - Started process (PID=221) to work on /opt/airflow/dags/php_dag.py
[2025-11-15T21:09:52.848+0000] {processor.py:914} INFO - Processing file /opt/airflow/dags/php_dag.py for tasks to queue
[2025-11-15T21:09:52.851+0000] {logging_mixin.py:190} INFO - [2025-11-15T21:09:52.850+0000] {dagbag.py:587} INFO - Filling up the DagBag from /opt/airflow/dags/php_dag.py
[2025-11-15T21:09:52.861+0000] {processor.py:925} INFO - DAG(s) 'rodar_script_php' retrieved from /opt/airflow/dags/php_dag.py
[2025-11-15T21:09:52.883+0000] {logging_mixin.py:190} INFO - [2025-11-15T21:09:52.883+0000] {dag.py:3229} INFO - Sync 1 DAGs
[2025-11-15T21:09:52.902+0000] {logging_mixin.py:190} INFO - [2025-11-15T21:09:52.902+0000] {dag.py:4156} INFO - Setting next_dagrun for rodar_script_php to 2025-11-15 00:00:00+00:00, run_after=2025-11-16 00:00:00+00:00
[2025-11-15T21:09:52.915+0000] {processor.py:208} INFO - Processing /opt/airflow/dags/php_dag.py took 0.076 seconds
[2025-11-15T21:10:23.064+0000] {processor.py:186} INFO - Started process (PID=231) to work on /opt/airflow/dags/php_dag.py
[2025-11-15T21:10:23.064+0000] {processor.py:914} INFO - Processing file /opt/airflow/dags/php_dag.py for tasks to queue
[2025-11-15T21:10:23.067+0000] {logging_mixin.py:190} INFO - [2025-11-15T21:10:23.066+0000] {dagbag.py:587} INFO - Filling up the DagBag from /opt/airflow/dags/php_dag.py
[2025-11-15T21:10:23.076+0000] {processor.py:925} INFO - DAG(s) 'rodar_script_php' retrieved from /opt/airflow/dags/php_dag.py
[2025-11-15T21:10:23.094+0000] {logging_mixin.py:190} INFO - [2025-11-15T21:10:23.094+0000] {dag.py:3229} INFO - Sync 1 DAGs
[2025-11-15T21:10:23.111+0000] {logging_mixin.py:190} INFO - [2025-11-15T21:10:23.111+0000] {dag.py:4156} INFO - Setting next_dagrun for rodar_script_php to 2025-11-15 00:00:00+00:00, run_after=2025-11-16 00:00:00+00:00
[2025-11-15T21:10:23.123+0000] {processor.py:208} INFO - Processing /opt/airflow/dags/php_dag.py took 0.064 seconds
[2025-11-15T21:10:53.296+0000] {processor.py:186} INFO - Started process (PID=241) to work on /opt/airflow/dags/php_dag.py
[2025-11-15T21:10:53.296+0000] {processor.py:914} INFO - Processing file /opt/airflow/dags/php_dag.py for tasks to queue
[2025-11-15T21:10:53.298+0000] {logging_mixin.py:190} INFO - [2025-11-15T21:10:53.298+0000] {dagbag.py:587} INFO - Filling up the DagBag from /opt/airflow/dags/php_dag.py
[2025-11-15T21:10:53.309+0000] {processor.py:925} INFO - DAG(s) 'rodar_script_php' retrieved from /opt/airflow/dags/php_dag.py
[2025-11-15T21:10:53.329+0000] {logging_mixin.py:190} INFO - [2025-11-15T21:10:53.329+0000] {dag.py:3229} INFO - Sync 1 DAGs
[2025-11-15T21:10:53.349+0000] {logging_mixin.py:190} INFO - [2025-11-15T21:10:53.349+0000] {dag.py:4156} INFO - Setting next_dagrun for rodar_script_php to 2025-11-15 00:00:00+00:00, run_after=2025-11-16 00:00:00+00:00
[2025-11-15T21:10:53.361+0000] {processor.py:208} INFO - Processing /opt/airflow/dags/php_dag.py took 0.071 seconds
[2025-11-15T21:11:23.550+0000] {processor.py:186} INFO - Started process (PID=251) to work on /opt/airflow/dags/php_dag.py
[2025-11-15T21:11:23.550+0000] {processor.py:914} INFO - Processing file /opt/airflow/dags/php_dag.py for tasks to queue
[2025-11-15T21:11:23.553+0000] {logging_mixin.py:190} INFO - [2025-11-15T21:11:23.552+0000] {dagbag.py:587} INFO - Filling up the DagBag from /opt/airflow/dags/php_dag.py
[2025-11-15T21:11:23.562+0000] {processor.py:925} INFO - DAG(s) 'rodar_script_php' retrieved from /opt/airflow/dags/php_dag.py
[2025-11-15T21:11:23.581+0000] {logging_mixin.py:190} INFO - [2025-11-15T21:11:23.581+0000] {dag.py:3229} INFO - Sync 1 DAGs
[2025-11-15T21:11:23.600+0000] {logging_mixin.py:190} INFO - [2025-11-15T21:11:23.599+0000] {dag.py:4156} INFO - Setting next_dagrun for rodar_script_php to 2025-11-15 00:00:00+00:00, run_after=2025-11-16 00:00:00+00:00
[2025-11-15T21:11:23.612+0000] {processor.py:208} INFO - Processing /opt/airflow/dags/php_dag.py took 0.067 seconds
[2025-11-15T21:11:53.744+0000] {processor.py:186} INFO - Started process (PID=261) to work on /opt/airflow/dags/php_dag.py
[2025-11-15T21:11:53.748+0000] {processor.py:914} INFO - Processing file /opt/airflow/dags/php_dag.py for tasks to queue
[2025-11-15T21:11:53.750+0000] {logging_mixin.py:190} INFO - [2025-11-15T21:11:53.749+0000] {dagbag.py:587} INFO - Filling up the DagBag from /opt/airflow/dags/php_dag.py
[2025-11-15T21:11:53.759+0000] {processor.py:925} INFO - DAG(s) 'rodar_script_php' retrieved from /opt/airflow/dags/php_dag.py
[2025-11-15T21:11:53.780+0000] {logging_mixin.py:190} INFO - [2025-11-15T21:11:53.780+0000] {dag.py:3229} INFO - Sync 1 DAGs
[2025-11-15T21:11:53.798+0000] {logging_mixin.py:190} INFO - [2025-11-15T21:11:53.798+0000] {dag.py:4156} INFO - Setting next_dagrun for rodar_script_php to 2025-11-15 00:00:00+00:00, run_after=2025-11-16 00:00:00+00:00
[2025-11-15T21:11:53.810+0000] {processor.py:208} INFO - Processing /opt/airflow/dags/php_dag.py took 0.071 seconds
[2025-11-15T21:12:23.946+0000] {processor.py:186} INFO - Started process (PID=271) to work on /opt/airflow/dags/php_dag.py
[2025-11-15T21:12:23.946+0000] {processor.py:914} INFO - Processing file /opt/airflow/dags/php_dag.py for tasks to queue
[2025-11-15T21:12:23.948+0000] {logging_mixin.py:190} INFO - [2025-11-15T21:12:23.948+0000] {dagbag.py:587} INFO - Filling up the DagBag from /opt/airflow/dags/php_dag.py
[2025-11-15T21:12:23.957+0000] {processor.py:925} INFO - DAG(s) 'rodar_script_php' retrieved from /opt/airflow/dags/php_dag.py
[2025-11-15T21:12:23.979+0000] {logging_mixin.py:190} INFO - [2025-11-15T21:12:23.979+0000] {dag.py:3229} INFO - Sync 1 DAGs
[2025-11-15T21:12:23.999+0000] {logging_mixin.py:190} INFO - [2025-11-15T21:12:23.999+0000] {dag.py:4156} INFO - Setting next_dagrun for rodar_script_php to 2025-11-15 00:00:00+00:00, run_after=2025-11-16 00:00:00+00:00
[2025-11-15T21:12:24.012+0000] {processor.py:208} INFO - Processing /opt/airflow/dags/php_dag.py took 0.071 seconds
[2025-11-15T21:12:54.181+0000] {processor.py:186} INFO - Started process (PID=281) to work on /opt/airflow/dags/php_dag.py
[2025-11-15T21:12:54.182+0000] {processor.py:914} INFO - Processing file /opt/airflow/dags/php_dag.py for tasks to queue
[2025-11-15T21:12:54.183+0000] {logging_mixin.py:190} INFO - [2025-11-15T21:12:54.183+0000] {dagbag.py:587} INFO - Filling up the DagBag from /opt/airflow/dags/php_dag.py
[2025-11-15T21:12:54.192+0000] {processor.py:925} INFO - DAG(s) 'rodar_script_php' retrieved from /opt/airflow/dags/php_dag.py
[2025-11-15T21:12:54.212+0000] {logging_mixin.py:190} INFO - [2025-11-15T21:12:54.211+0000] {dag.py:3229} INFO - Sync 1 DAGs
[2025-11-15T21:12:54.230+0000] {logging_mixin.py:190} INFO - [2025-11-15T21:12:54.230+0000] {dag.py:4156} INFO - Setting next_dagrun for rodar_script_php to 2025-11-15 00:00:00+00:00, run_after=2025-11-16 00:00:00+00:00
[2025-11-15T21:12:54.242+0000] {processor.py:208} INFO - Processing /opt/airflow/dags/php_dag.py took 0.065 seconds
[2025-11-15T21:13:24.406+0000] {processor.py:186} INFO - Started process (PID=291) to work on /opt/airflow/dags/php_dag.py
[2025-11-15T21:13:24.407+0000] {processor.py:914} INFO - Processing file /opt/airflow/dags/php_dag.py for tasks to queue
[2025-11-15T21:13:24.409+0000] {logging_mixin.py:190} INFO - [2025-11-15T21:13:24.409+0000] {dagbag.py:587} INFO - Filling up the DagBag from /opt/airflow/dags/php_dag.py
[2025-11-15T21:13:24.418+0000] {processor.py:925} INFO - DAG(s) 'rodar_script_php' retrieved from /opt/airflow/dags/php_dag.py
[2025-11-15T21:13:24.438+0000] {logging_mixin.py:190} INFO - [2025-11-15T21:13:24.437+0000] {dag.py:3229} INFO - Sync 1 DAGs
[2025-11-15T21:13:24.456+0000] {logging_mixin.py:190} INFO - [2025-11-15T21:13:24.456+0000] {dag.py:4156} INFO - Setting next_dagrun for rodar_script_php to 2025-11-15 00:00:00+00:00, run_after=2025-11-16 00:00:00+00:00
[2025-11-15T21:13:24.621+0000] {processor.py:208} INFO - Processing /opt/airflow/dags/php_dag.py took 0.218 seconds
[2025-11-15T21:13:54.792+0000] {processor.py:186} INFO - Started process (PID=301) to work on /opt/airflow/dags/php_dag.py
[2025-11-15T21:13:54.793+0000] {processor.py:914} INFO - Processing file /opt/airflow/dags/php_dag.py for tasks to queue
[2025-11-15T21:13:54.795+0000] {logging_mixin.py:190} INFO - [2025-11-15T21:13:54.795+0000] {dagbag.py:587} INFO - Filling up the DagBag from /opt/airflow/dags/php_dag.py
[2025-11-15T21:13:54.804+0000] {processor.py:925} INFO - DAG(s) 'rodar_script_php' retrieved from /opt/airflow/dags/php_dag.py
[2025-11-15T21:13:54.823+0000] {logging_mixin.py:190} INFO - [2025-11-15T21:13:54.823+0000] {dag.py:3229} INFO - Sync 1 DAGs
[2025-11-15T21:13:54.984+0000] {logging_mixin.py:190} INFO - [2025-11-15T21:13:54.984+0000] {dag.py:4156} INFO - Setting next_dagrun for rodar_script_php to 2025-11-15 00:00:00+00:00, run_after=2025-11-16 00:00:00+00:00
[2025-11-15T21:13:54.995+0000] {processor.py:208} INFO - Processing /opt/airflow/dags/php_dag.py took 0.207 seconds
[2025-11-15T21:14:25.175+0000] {processor.py:186} INFO - Started process (PID=311) to work on /opt/airflow/dags/php_dag.py
[2025-11-15T21:14:25.176+0000] {processor.py:914} INFO - Processing file /opt/airflow/dags/php_dag.py for tasks to queue
[2025-11-15T21:14:25.178+0000] {logging_mixin.py:190} INFO - [2025-11-15T21:14:25.178+0000] {dagbag.py:587} INFO - Filling up the DagBag from /opt/airflow/dags/php_dag.py
[2025-11-15T21:14:25.187+0000] {processor.py:925} INFO - DAG(s) 'rodar_script_php' retrieved from /opt/airflow/dags/php_dag.py
[2025-11-15T21:14:25.207+0000] {logging_mixin.py:190} INFO - [2025-11-15T21:14:25.206+0000] {dag.py:3229} INFO - Sync 1 DAGs
[2025-11-15T21:14:25.225+0000] {logging_mixin.py:190} INFO - [2025-11-15T21:14:25.224+0000] {dag.py:4156} INFO - Setting next_dagrun for rodar_script_php to 2025-11-15 00:00:00+00:00, run_after=2025-11-16 00:00:00+00:00
[2025-11-15T21:14:25.237+0000] {processor.py:208} INFO - Processing /opt/airflow/dags/php_dag.py took 0.067 seconds
[2025-11-15T21:14:55.364+0000] {processor.py:186} INFO - Started process (PID=321) to work on /opt/airflow/dags/php_dag.py
[2025-11-15T21:14:55.366+0000] {processor.py:914} INFO - Processing file /opt/airflow/dags/php_dag.py for tasks to queue
[2025-11-15T21:14:55.368+0000] {logging_mixin.py:190} INFO - [2025-11-15T21:14:55.367+0000] {dagbag.py:587} INFO - Filling up the DagBag from /opt/airflow/dags/php_dag.py
[2025-11-15T21:14:55.378+0000] {processor.py:925} INFO - DAG(s) 'rodar_script_php' retrieved from /opt/airflow/dags/php_dag.py
[2025-11-15T21:14:55.403+0000] {logging_mixin.py:190} INFO - [2025-11-15T21:14:55.403+0000] {dag.py:3229} INFO - Sync 1 DAGs
[2025-11-15T21:14:55.424+0000] {logging_mixin.py:190} INFO - [2025-11-15T21:14:55.423+0000] {dag.py:4156} INFO - Setting next_dagrun for rodar_script_php to 2025-11-15 00:00:00+00:00, run_after=2025-11-16 00:00:00+00:00
[2025-11-15T21:14:55.437+0000] {processor.py:208} INFO - Processing /opt/airflow/dags/php_dag.py took 0.078 seconds
[2025-11-15T21:15:25.577+0000] {processor.py:186} INFO - Started process (PID=331) to work on /opt/airflow/dags/php_dag.py
[2025-11-15T21:15:25.578+0000] {processor.py:914} INFO - Processing file /opt/airflow/dags/php_dag.py for tasks to queue
[2025-11-15T21:15:25.580+0000] {logging_mixin.py:190} INFO - [2025-11-15T21:15:25.580+0000] {dagbag.py:587} INFO - Filling up the DagBag from /opt/airflow/dags/php_dag.py
[2025-11-15T21:15:25.589+0000] {processor.py:925} INFO - DAG(s) 'rodar_script_php' retrieved from /opt/airflow/dags/php_dag.py
[2025-11-15T21:15:25.608+0000] {logging_mixin.py:190} INFO - [2025-11-15T21:15:25.608+0000] {dag.py:3229} INFO - Sync 1 DAGs
[2025-11-15T21:15:25.625+0000] {logging_mixin.py:190} INFO - [2025-11-15T21:15:25.625+0000] {dag.py:4156} INFO - Setting next_dagrun for rodar_script_php to 2025-11-15 00:00:00+00:00, run_after=2025-11-16 00:00:00+00:00
[2025-11-15T21:15:25.638+0000] {processor.py:208} INFO - Processing /opt/airflow/dags/php_dag.py took 0.064 seconds
[2025-11-15T21:15:55.795+0000] {processor.py:186} INFO - Started process (PID=341) to work on /opt/airflow/dags/php_dag.py
[2025-11-15T21:15:55.796+0000] {processor.py:914} INFO - Processing file /opt/airflow/dags/php_dag.py for tasks to queue
[2025-11-15T21:15:55.798+0000] {logging_mixin.py:190} INFO - [2025-11-15T21:15:55.797+0000] {dagbag.py:587} INFO - Filling up the DagBag from /opt/airflow/dags/php_dag.py
[2025-11-15T21:15:55.807+0000] {processor.py:925} INFO - DAG(s) 'rodar_script_php' retrieved from /opt/airflow/dags/php_dag.py
[2025-11-15T21:15:55.827+0000] {logging_mixin.py:190} INFO - [2025-11-15T21:15:55.827+0000] {dag.py:3229} INFO - Sync 1 DAGs
[2025-11-15T21:15:55.845+0000] {logging_mixin.py:190} INFO - [2025-11-15T21:15:55.845+0000] {dag.py:4156} INFO - Setting next_dagrun for rodar_script_php to 2025-11-15 00:00:00+00:00, run_after=2025-11-16 00:00:00+00:00
[2025-11-15T21:15:55.858+0000] {processor.py:208} INFO - Processing /opt/airflow/dags/php_dag.py took 0.068 seconds
[2025-11-15T21:16:25.973+0000] {processor.py:186} INFO - Started process (PID=351) to work on /opt/airflow/dags/php_dag.py
[2025-11-15T21:16:25.974+0000] {processor.py:914} INFO - Processing file /opt/airflow/dags/php_dag.py for tasks to queue
[2025-11-15T21:16:25.977+0000] {logging_mixin.py:190} INFO - [2025-11-15T21:16:25.977+0000] {dagbag.py:587} INFO - Filling up the DagBag from /opt/airflow/dags/php_dag.py
[2025-11-15T21:16:25.991+0000] {processor.py:925} INFO - DAG(s) 'rodar_script_php' retrieved from /opt/airflow/dags/php_dag.py
[2025-11-15T21:16:26.011+0000] {logging_mixin.py:190} INFO - [2025-11-15T21:16:26.011+0000] {dag.py:3229} INFO - Sync 1 DAGs
[2025-11-15T21:16:26.198+0000] {logging_mixin.py:190} INFO - [2025-11-15T21:16:26.198+0000] {dag.py:4156} INFO - Setting next_dagrun for rodar_script_php to 2025-11-15 00:00:00+00:00, run_after=2025-11-16 00:00:00+00:00
[2025-11-15T21:16:26.210+0000] {processor.py:208} INFO - Processing /opt/airflow/dags/php_dag.py took 0.242 seconds
[2025-11-15T21:16:56.363+0000] {processor.py:186} INFO - Started process (PID=361) to work on /opt/airflow/dags/php_dag.py
[2025-11-15T21:16:56.364+0000] {processor.py:914} INFO - Processing file /opt/airflow/dags/php_dag.py for tasks to queue
[2025-11-15T21:16:56.366+0000] {logging_mixin.py:190} INFO - [2025-11-15T21:16:56.366+0000] {dagbag.py:587} INFO - Filling up the DagBag from /opt/airflow/dags/php_dag.py
[2025-11-15T21:16:56.377+0000] {processor.py:925} INFO - DAG(s) 'rodar_script_php' retrieved from /opt/airflow/dags/php_dag.py
[2025-11-15T21:16:56.399+0000] {logging_mixin.py:190} INFO - [2025-11-15T21:16:56.399+0000] {dag.py:3229} INFO - Sync 1 DAGs
[2025-11-15T21:16:56.567+0000] {logging_mixin.py:190} INFO - [2025-11-15T21:16:56.566+0000] {dag.py:4156} INFO - Setting next_dagrun for rodar_script_php to 2025-11-15 00:00:00+00:00, run_after=2025-11-16 00:00:00+00:00
[2025-11-15T21:16:56.578+0000] {processor.py:208} INFO - Processing /opt/airflow/dags/php_dag.py took 0.219 seconds
[2025-11-15T21:17:26.734+0000] {processor.py:186} INFO - Started process (PID=371) to work on /opt/airflow/dags/php_dag.py
[2025-11-15T21:17:26.735+0000] {processor.py:914} INFO - Processing file /opt/airflow/dags/php_dag.py for tasks to queue
[2025-11-15T21:17:26.737+0000] {logging_mixin.py:190} INFO - [2025-11-15T21:17:26.736+0000] {dagbag.py:587} INFO - Filling up the DagBag from /opt/airflow/dags/php_dag.py
[2025-11-15T21:17:26.747+0000] {processor.py:925} INFO - DAG(s) 'rodar_script_php' retrieved from /opt/airflow/dags/php_dag.py
[2025-11-15T21:17:26.769+0000] {logging_mixin.py:190} INFO - [2025-11-15T21:17:26.769+0000] {dag.py:3229} INFO - Sync 1 DAGs
[2025-11-15T21:17:26.789+0000] {logging_mixin.py:190} INFO - [2025-11-15T21:17:26.789+0000] {dag.py:4156} INFO - Setting next_dagrun for rodar_script_php to 2025-11-15 00:00:00+00:00, run_after=2025-11-16 00:00:00+00:00
[2025-11-15T21:17:26.803+0000] {processor.py:208} INFO - Processing /opt/airflow/dags/php_dag.py took 0.073 seconds
[2025-11-15T21:17:56.899+0000] {processor.py:186} INFO - Started process (PID=381) to work on /opt/airflow/dags/php_dag.py
[2025-11-15T21:17:56.900+0000] {processor.py:914} INFO - Processing file /opt/airflow/dags/php_dag.py for tasks to queue
[2025-11-15T21:17:56.902+0000] {logging_mixin.py:190} INFO - [2025-11-15T21:17:56.901+0000] {dagbag.py:587} INFO - Filling up the DagBag from /opt/airflow/dags/php_dag.py
[2025-11-15T21:17:56.912+0000] {processor.py:925} INFO - DAG(s) 'rodar_script_php' retrieved from /opt/airflow/dags/php_dag.py
[2025-11-15T21:17:56.935+0000] {logging_mixin.py:190} INFO - [2025-11-15T21:17:56.934+0000] {dag.py:3229} INFO - Sync 1 DAGs
[2025-11-15T21:17:56.954+0000] {logging_mixin.py:190} INFO - [2025-11-15T21:17:56.954+0000] {dag.py:4156} INFO - Setting next_dagrun for rodar_script_php to 2025-11-15 00:00:00+00:00, run_after=2025-11-16 00:00:00+00:00
[2025-11-15T21:17:56.968+0000] {processor.py:208} INFO - Processing /opt/airflow/dags/php_dag.py took 0.073 seconds
[2025-11-15T21:18:27.130+0000] {processor.py:186} INFO - Started process (PID=391) to work on /opt/airflow/dags/php_dag.py
[2025-11-15T21:18:27.131+0000] {processor.py:914} INFO - Processing file /opt/airflow/dags/php_dag.py for tasks to queue
[2025-11-15T21:18:27.132+0000] {logging_mixin.py:190} INFO - [2025-11-15T21:18:27.132+0000] {dagbag.py:587} INFO - Filling up the DagBag from /opt/airflow/dags/php_dag.py
[2025-11-15T21:18:27.141+0000] {processor.py:925} INFO - DAG(s) 'rodar_script_php' retrieved from /opt/airflow/dags/php_dag.py
[2025-11-15T21:18:27.159+0000] {logging_mixin.py:190} INFO - [2025-11-15T21:18:27.159+0000] {dag.py:3229} INFO - Sync 1 DAGs
[2025-11-15T21:18:27.176+0000] {logging_mixin.py:190} INFO - [2025-11-15T21:18:27.176+0000] {dag.py:4156} INFO - Setting next_dagrun for rodar_script_php to 2025-11-15 00:00:00+00:00, run_after=2025-11-16 00:00:00+00:00
[2025-11-15T21:18:27.188+0000] {processor.py:208} INFO - Processing /opt/airflow/dags/php_dag.py took 0.063 seconds
[2025-11-15T21:18:57.306+0000] {processor.py:186} INFO - Started process (PID=401) to work on /opt/airflow/dags/php_dag.py
[2025-11-15T21:18:57.307+0000] {processor.py:914} INFO - Processing file /opt/airflow/dags/php_dag.py for tasks to queue
[2025-11-15T21:18:57.309+0000] {logging_mixin.py:190} INFO - [2025-11-15T21:18:57.309+0000] {dagbag.py:587} INFO - Filling up the DagBag from /opt/airflow/dags/php_dag.py
[2025-11-15T21:18:57.318+0000] {processor.py:925} INFO - DAG(s) 'rodar_script_php' retrieved from /opt/airflow/dags/php_dag.py
[2025-11-15T21:18:57.338+0000] {logging_mixin.py:190} INFO - [2025-11-15T21:18:57.338+0000] {dag.py:3229} INFO - Sync 1 DAGs
[2025-11-15T21:18:57.357+0000] {logging_mixin.py:190} INFO - [2025-11-15T21:18:57.356+0000] {dag.py:4156} INFO - Setting next_dagrun for rodar_script_php to 2025-11-15 00:00:00+00:00, run_after=2025-11-16 00:00:00+00:00
[2025-11-15T21:18:57.526+0000] {processor.py:208} INFO - Processing /opt/airflow/dags/php_dag.py took 0.225 seconds
[2025-11-15T21:19:27.717+0000] {processor.py:186} INFO - Started process (PID=411) to work on /opt/airflow/dags/php_dag.py
[2025-11-15T21:19:27.719+0000] {processor.py:914} INFO - Processing file /opt/airflow/dags/php_dag.py for tasks to queue
[2025-11-15T21:19:27.722+0000] {logging_mixin.py:190} INFO - [2025-11-15T21:19:27.721+0000] {dagbag.py:587} INFO - Filling up the DagBag from /opt/airflow/dags/php_dag.py
[2025-11-15T21:19:27.742+0000] {processor.py:925} INFO - DAG(s) 'rodar_script_php' retrieved from /opt/airflow/dags/php_dag.py
[2025-11-15T21:19:27.786+0000] {logging_mixin.py:190} INFO - [2025-11-15T21:19:27.785+0000] {dag.py:3229} INFO - Sync 1 DAGs
[2025-11-15T21:19:28.064+0000] {logging_mixin.py:190} INFO - [2025-11-15T21:19:28.064+0000] {dag.py:4156} INFO - Setting next_dagrun for rodar_script_php to 2025-11-15 00:00:00+00:00, run_after=2025-11-16 00:00:00+00:00
[2025-11-15T21:19:28.091+0000] {processor.py:208} INFO - Processing /opt/airflow/dags/php_dag.py took 0.385 seconds
[2025-11-15T21:19:58.286+0000] {processor.py:186} INFO - Started process (PID=421) to work on /opt/airflow/dags/php_dag.py
[2025-11-15T21:19:58.287+0000] {processor.py:914} INFO - Processing file /opt/airflow/dags/php_dag.py for tasks to queue
[2025-11-15T21:19:58.289+0000] {logging_mixin.py:190} INFO - [2025-11-15T21:19:58.288+0000] {dagbag.py:587} INFO - Filling up the DagBag from /opt/airflow/dags/php_dag.py
[2025-11-15T21:19:58.297+0000] {processor.py:925} INFO - DAG(s) 'rodar_script_php' retrieved from /opt/airflow/dags/php_dag.py
[2025-11-15T21:19:58.317+0000] {logging_mixin.py:190} INFO - [2025-11-15T21:19:58.317+0000] {dag.py:3229} INFO - Sync 1 DAGs
[2025-11-15T21:19:58.475+0000] {logging_mixin.py:190} INFO - [2025-11-15T21:19:58.475+0000] {dag.py:4156} INFO - Setting next_dagrun for rodar_script_php to 2025-11-15 00:00:00+00:00, run_after=2025-11-16 00:00:00+00:00
[2025-11-15T21:19:58.488+0000] {processor.py:208} INFO - Processing /opt/airflow/dags/php_dag.py took 0.205 seconds
[2025-11-15T21:20:28.655+0000] {processor.py:186} INFO - Started process (PID=431) to work on /opt/airflow/dags/php_dag.py
[2025-11-15T21:20:28.656+0000] {processor.py:914} INFO - Processing file /opt/airflow/dags/php_dag.py for tasks to queue
[2025-11-15T21:20:28.658+0000] {logging_mixin.py:190} INFO - [2025-11-15T21:20:28.657+0000] {dagbag.py:587} INFO - Filling up the DagBag from /opt/airflow/dags/php_dag.py
[2025-11-15T21:20:28.666+0000] {processor.py:925} INFO - DAG(s) 'rodar_script_php' retrieved from /opt/airflow/dags/php_dag.py
[2025-11-15T21:20:28.684+0000] {logging_mixin.py:190} INFO - [2025-11-15T21:20:28.684+0000] {dag.py:3229} INFO - Sync 1 DAGs
[2025-11-15T21:20:28.700+0000] {logging_mixin.py:190} INFO - [2025-11-15T21:20:28.700+0000] {dag.py:4156} INFO - Setting next_dagrun for rodar_script_php to 2025-11-15 00:00:00+00:00, run_after=2025-11-16 00:00:00+00:00
[2025-11-15T21:20:28.712+0000] {processor.py:208} INFO - Processing /opt/airflow/dags/php_dag.py took 0.061 seconds
[2025-11-15T21:20:58.816+0000] {processor.py:186} INFO - Started process (PID=441) to work on /opt/airflow/dags/php_dag.py
[2025-11-15T21:20:58.817+0000] {processor.py:914} INFO - Processing file /opt/airflow/dags/php_dag.py for tasks to queue
[2025-11-15T21:20:58.819+0000] {logging_mixin.py:190} INFO - [2025-11-15T21:20:58.819+0000] {dagbag.py:587} INFO - Filling up the DagBag from /opt/airflow/dags/php_dag.py
[2025-11-15T21:20:58.828+0000] {processor.py:925} INFO - DAG(s) 'rodar_script_php' retrieved from /opt/airflow/dags/php_dag.py
[2025-11-15T21:20:58.845+0000] {logging_mixin.py:190} INFO - [2025-11-15T21:20:58.844+0000] {dag.py:3229} INFO - Sync 1 DAGs
[2025-11-15T21:20:58.861+0000] {logging_mixin.py:190} INFO - [2025-11-15T21:20:58.861+0000] {dag.py:4156} INFO - Setting next_dagrun for rodar_script_php to 2025-11-15 00:00:00+00:00, run_after=2025-11-16 00:00:00+00:00
[2025-11-15T21:20:58.873+0000] {processor.py:208} INFO - Processing /opt/airflow/dags/php_dag.py took 0.062 seconds
[2025-11-15T21:21:29.024+0000] {processor.py:186} INFO - Started process (PID=451) to work on /opt/airflow/dags/php_dag.py
[2025-11-15T21:21:29.025+0000] {processor.py:914} INFO - Processing file /opt/airflow/dags/php_dag.py for tasks to queue
[2025-11-15T21:21:29.027+0000] {logging_mixin.py:190} INFO - [2025-11-15T21:21:29.027+0000] {dagbag.py:587} INFO - Filling up the DagBag from /opt/airflow/dags/php_dag.py
[2025-11-15T21:21:29.037+0000] {processor.py:925} INFO - DAG(s) 'rodar_script_php' retrieved from /opt/airflow/dags/php_dag.py
[2025-11-15T21:21:29.063+0000] {logging_mixin.py:190} INFO - [2025-11-15T21:21:29.063+0000] {dag.py:3229} INFO - Sync 1 DAGs
[2025-11-15T21:21:29.085+0000] {logging_mixin.py:190} INFO - [2025-11-15T21:21:29.084+0000] {dag.py:4156} INFO - Setting next_dagrun for rodar_script_php to 2025-11-15 00:00:00+00:00, run_after=2025-11-16 00:00:00+00:00
[2025-11-15T21:21:29.100+0000] {processor.py:208} INFO - Processing /opt/airflow/dags/php_dag.py took 0.080 seconds
[2025-11-15T21:21:59.198+0000] {processor.py:186} INFO - Started process (PID=461) to work on /opt/airflow/dags/php_dag.py
[2025-11-15T21:21:59.199+0000] {processor.py:914} INFO - Processing file /opt/airflow/dags/php_dag.py for tasks to queue
[2025-11-15T21:21:59.201+0000] {logging_mixin.py:190} INFO - [2025-11-15T21:21:59.201+0000] {dagbag.py:587} INFO - Filling up the DagBag from /opt/airflow/dags/php_dag.py
[2025-11-15T21:21:59.209+0000] {processor.py:925} INFO - DAG(s) 'rodar_script_php' retrieved from /opt/airflow/dags/php_dag.py
[2025-11-15T21:21:59.227+0000] {logging_mixin.py:190} INFO - [2025-11-15T21:21:59.227+0000] {dag.py:3229} INFO - Sync 1 DAGs
[2025-11-15T21:21:59.246+0000] {logging_mixin.py:190} INFO - [2025-11-15T21:21:59.246+0000] {dag.py:4156} INFO - Setting next_dagrun for rodar_script_php to 2025-11-15 00:00:00+00:00, run_after=2025-11-16 00:00:00+00:00
[2025-11-15T21:21:59.438+0000] {processor.py:208} INFO - Processing /opt/airflow/dags/php_dag.py took 0.245 seconds
[2025-11-15T21:22:29.594+0000] {processor.py:186} INFO - Started process (PID=471) to work on /opt/airflow/dags/php_dag.py
[2025-11-15T21:22:29.596+0000] {processor.py:914} INFO - Processing file /opt/airflow/dags/php_dag.py for tasks to queue
[2025-11-15T21:22:29.597+0000] {logging_mixin.py:190} INFO - [2025-11-15T21:22:29.597+0000] {dagbag.py:587} INFO - Filling up the DagBag from /opt/airflow/dags/php_dag.py
[2025-11-15T21:22:29.607+0000] {processor.py:925} INFO - DAG(s) 'rodar_script_php' retrieved from /opt/airflow/dags/php_dag.py
[2025-11-15T21:22:29.625+0000] {logging_mixin.py:190} INFO - [2025-11-15T21:22:29.625+0000] {dag.py:3229} INFO - Sync 1 DAGs
[2025-11-15T21:22:29.794+0000] {logging_mixin.py:190} INFO - [2025-11-15T21:22:29.794+0000] {dag.py:4156} INFO - Setting next_dagrun for rodar_script_php to 2025-11-15 00:00:00+00:00, run_after=2025-11-16 00:00:00+00:00
[2025-11-15T21:22:29.806+0000] {processor.py:208} INFO - Processing /opt/airflow/dags/php_dag.py took 0.217 seconds
[2025-11-15T21:22:59.975+0000] {processor.py:186} INFO - Started process (PID=481) to work on /opt/airflow/dags/php_dag.py
[2025-11-15T21:22:59.979+0000] {processor.py:914} INFO - Processing file /opt/airflow/dags/php_dag.py for tasks to queue
[2025-11-15T21:22:59.981+0000] {logging_mixin.py:190} INFO - [2025-11-15T21:22:59.981+0000] {dagbag.py:587} INFO - Filling up the DagBag from /opt/airflow/dags/php_dag.py
[2025-11-15T21:22:59.990+0000] {processor.py:925} INFO - DAG(s) 'rodar_script_php' retrieved from /opt/airflow/dags/php_dag.py
[2025-11-15T21:23:00.010+0000] {logging_mixin.py:190} INFO - [2025-11-15T21:23:00.010+0000] {dag.py:3229} INFO - Sync 1 DAGs
[2025-11-15T21:23:00.034+0000] {logging_mixin.py:190} INFO - [2025-11-15T21:23:00.033+0000] {dag.py:4156} INFO - Setting next_dagrun for rodar_script_php to 2025-11-15 00:00:00+00:00, run_after=2025-11-16 00:00:00+00:00
[2025-11-15T21:23:00.049+0000] {processor.py:208} INFO - Processing /opt/airflow/dags/php_dag.py took 0.078 seconds
[2025-11-15T21:23:30.141+0000] {processor.py:186} INFO - Started process (PID=491) to work on /opt/airflow/dags/php_dag.py
[2025-11-15T21:23:30.142+0000] {processor.py:914} INFO - Processing file /opt/airflow/dags/php_dag.py for tasks to queue
[2025-11-15T21:23:30.143+0000] {logging_mixin.py:190} INFO - [2025-11-15T21:23:30.143+0000] {dagbag.py:587} INFO - Filling up the DagBag from /opt/airflow/dags/php_dag.py
[2025-11-15T21:23:30.153+0000] {processor.py:925} INFO - DAG(s) 'rodar_script_php' retrieved from /opt/airflow/dags/php_dag.py
[2025-11-15T21:23:30.173+0000] {logging_mixin.py:190} INFO - [2025-11-15T21:23:30.173+0000] {dag.py:3229} INFO - Sync 1 DAGs
[2025-11-15T21:23:30.192+0000] {logging_mixin.py:190} INFO - [2025-11-15T21:23:30.192+0000] {dag.py:4156} INFO - Setting next_dagrun for rodar_script_php to 2025-11-15 00:00:00+00:00, run_after=2025-11-16 00:00:00+00:00
[2025-11-15T21:23:30.204+0000] {processor.py:208} INFO - Processing /opt/airflow/dags/php_dag.py took 0.067 seconds
[2025-11-15T21:24:00.355+0000] {processor.py:186} INFO - Started process (PID=508) to work on /opt/airflow/dags/php_dag.py
[2025-11-15T21:24:00.355+0000] {processor.py:914} INFO - Processing file /opt/airflow/dags/php_dag.py for tasks to queue
[2025-11-15T21:24:00.357+0000] {logging_mixin.py:190} INFO - [2025-11-15T21:24:00.357+0000] {dagbag.py:587} INFO - Filling up the DagBag from /opt/airflow/dags/php_dag.py
[2025-11-15T21:24:00.367+0000] {processor.py:925} INFO - DAG(s) 'rodar_script_php' retrieved from /opt/airflow/dags/php_dag.py
[2025-11-15T21:24:00.389+0000] {logging_mixin.py:190} INFO - [2025-11-15T21:24:00.388+0000] {dag.py:3229} INFO - Sync 1 DAGs
[2025-11-15T21:24:00.407+0000] {logging_mixin.py:190} INFO - [2025-11-15T21:24:00.407+0000] {dag.py:4156} INFO - Setting next_dagrun for rodar_script_php to 2025-11-15 00:00:00+00:00, run_after=2025-11-16 00:00:00+00:00
[2025-11-15T21:24:00.420+0000] {processor.py:208} INFO - Processing /opt/airflow/dags/php_dag.py took 0.071 seconds
[2025-11-15T21:24:19.214+0000] {processor.py:186} INFO - Started process (PID=179) to work on /opt/airflow/dags/php_dag.py
[2025-11-15T21:24:19.215+0000] {processor.py:914} INFO - Processing file /opt/airflow/dags/php_dag.py for tasks to queue
[2025-11-15T21:24:19.217+0000] {logging_mixin.py:190} INFO - [2025-11-15T21:24:19.217+0000] {dagbag.py:587} INFO - Filling up the DagBag from /opt/airflow/dags/php_dag.py
[2025-11-15T21:24:19.235+0000] {processor.py:925} INFO - DAG(s) 'rodar_script_php' retrieved from /opt/airflow/dags/php_dag.py
[2025-11-15T21:24:19.265+0000] {logging_mixin.py:190} INFO - [2025-11-15T21:24:19.265+0000] {dag.py:3229} INFO - Sync 1 DAGs
[2025-11-15T21:24:19.284+0000] {logging_mixin.py:190} INFO - [2025-11-15T21:24:19.284+0000] {dag.py:4156} INFO - Setting next_dagrun for rodar_script_php to 2025-11-15 00:00:00+00:00, run_after=2025-11-16 00:00:00+00:00
[2025-11-15T21:24:19.295+0000] {processor.py:208} INFO - Processing /opt/airflow/dags/php_dag.py took 0.086 seconds
[2025-11-15T21:24:49.435+0000] {processor.py:186} INFO - Started process (PID=189) to work on /opt/airflow/dags/php_dag.py
[2025-11-15T21:24:49.436+0000] {processor.py:914} INFO - Processing file /opt/airflow/dags/php_dag.py for tasks to queue
[2025-11-15T21:24:49.438+0000] {logging_mixin.py:190} INFO - [2025-11-15T21:24:49.437+0000] {dagbag.py:587} INFO - Filling up the DagBag from /opt/airflow/dags/php_dag.py
[2025-11-15T21:24:49.450+0000] {processor.py:925} INFO - DAG(s) 'rodar_script_php' retrieved from /opt/airflow/dags/php_dag.py
[2025-11-15T21:24:49.475+0000] {logging_mixin.py:190} INFO - [2025-11-15T21:24:49.475+0000] {dag.py:3229} INFO - Sync 1 DAGs
[2025-11-15T21:24:49.497+0000] {logging_mixin.py:190} INFO - [2025-11-15T21:24:49.497+0000] {dag.py:4156} INFO - Setting next_dagrun for rodar_script_php to 2025-11-15 00:00:00+00:00, run_after=2025-11-16 00:00:00+00:00
[2025-11-15T21:24:49.519+0000] {processor.py:208} INFO - Processing /opt/airflow/dags/php_dag.py took 0.090 seconds
[2025-11-15T21:25:30.948+0000] {processor.py:186} INFO - Started process (PID=179) to work on /opt/airflow/dags/php_dag.py
[2025-11-15T21:25:30.949+0000] {processor.py:914} INFO - Processing file /opt/airflow/dags/php_dag.py for tasks to queue
[2025-11-15T21:25:30.951+0000] {logging_mixin.py:190} INFO - [2025-11-15T21:25:30.950+0000] {dagbag.py:587} INFO - Filling up the DagBag from /opt/airflow/dags/php_dag.py
[2025-11-15T21:25:30.963+0000] {processor.py:925} INFO - DAG(s) 'rodar_script_php' retrieved from /opt/airflow/dags/php_dag.py
[2025-11-15T21:25:30.992+0000] {logging_mixin.py:190} INFO - [2025-11-15T21:25:30.992+0000] {dag.py:3229} INFO - Sync 1 DAGs
[2025-11-15T21:25:31.011+0000] {logging_mixin.py:190} INFO - [2025-11-15T21:25:31.011+0000] {dag.py:4156} INFO - Setting next_dagrun for rodar_script_php to 2025-11-15 00:00:00+00:00, run_after=2025-11-16 00:00:00+00:00
[2025-11-15T21:25:31.023+0000] {processor.py:208} INFO - Processing /opt/airflow/dags/php_dag.py took 0.079 seconds
[2025-11-15T21:26:01.133+0000] {processor.py:186} INFO - Started process (PID=201) to work on /opt/airflow/dags/php_dag.py
[2025-11-15T21:26:01.134+0000] {processor.py:914} INFO - Processing file /opt/airflow/dags/php_dag.py for tasks to queue
[2025-11-15T21:26:01.136+0000] {logging_mixin.py:190} INFO - [2025-11-15T21:26:01.135+0000] {dagbag.py:587} INFO - Filling up the DagBag from /opt/airflow/dags/php_dag.py
[2025-11-15T21:26:01.145+0000] {processor.py:925} INFO - DAG(s) 'rodar_script_php' retrieved from /opt/airflow/dags/php_dag.py
[2025-11-15T21:26:01.165+0000] {logging_mixin.py:190} INFO - [2025-11-15T21:26:01.165+0000] {dag.py:3229} INFO - Sync 1 DAGs
[2025-11-15T21:26:01.183+0000] {logging_mixin.py:190} INFO - [2025-11-15T21:26:01.183+0000] {dag.py:4156} INFO - Setting next_dagrun for rodar_script_php to 2025-11-15 00:00:00+00:00, run_after=2025-11-16 00:00:00+00:00
[2025-11-15T21:26:01.195+0000] {processor.py:208} INFO - Processing /opt/airflow/dags/php_dag.py took 0.067 seconds
[2025-11-15T21:26:31.367+0000] {processor.py:186} INFO - Started process (PID=211) to work on /opt/airflow/dags/php_dag.py
[2025-11-15T21:26:31.371+0000] {processor.py:914} INFO - Processing file /opt/airflow/dags/php_dag.py for tasks to queue
[2025-11-15T21:26:31.375+0000] {logging_mixin.py:190} INFO - [2025-11-15T21:26:31.374+0000] {dagbag.py:587} INFO - Filling up the DagBag from /opt/airflow/dags/php_dag.py
[2025-11-15T21:26:31.384+0000] {processor.py:925} INFO - DAG(s) 'rodar_script_php' retrieved from /opt/airflow/dags/php_dag.py
[2025-11-15T21:26:31.404+0000] {logging_mixin.py:190} INFO - [2025-11-15T21:26:31.404+0000] {dag.py:3229} INFO - Sync 1 DAGs
[2025-11-15T21:26:31.422+0000] {logging_mixin.py:190} INFO - [2025-11-15T21:26:31.422+0000] {dag.py:4156} INFO - Setting next_dagrun for rodar_script_php to 2025-11-15 00:00:00+00:00, run_after=2025-11-16 00:00:00+00:00
[2025-11-15T21:26:31.438+0000] {processor.py:208} INFO - Processing /opt/airflow/dags/php_dag.py took 0.075 seconds
[2025-11-15T21:27:01.567+0000] {processor.py:186} INFO - Started process (PID=221) to work on /opt/airflow/dags/php_dag.py
[2025-11-15T21:27:01.571+0000] {processor.py:914} INFO - Processing file /opt/airflow/dags/php_dag.py for tasks to queue
[2025-11-15T21:27:01.573+0000] {logging_mixin.py:190} INFO - [2025-11-15T21:27:01.573+0000] {dagbag.py:587} INFO - Filling up the DagBag from /opt/airflow/dags/php_dag.py
[2025-11-15T21:27:01.583+0000] {processor.py:925} INFO - DAG(s) 'rodar_script_php' retrieved from /opt/airflow/dags/php_dag.py
[2025-11-15T21:27:01.604+0000] {logging_mixin.py:190} INFO - [2025-11-15T21:27:01.604+0000] {dag.py:3229} INFO - Sync 1 DAGs
[2025-11-15T21:27:01.623+0000] {logging_mixin.py:190} INFO - [2025-11-15T21:27:01.623+0000] {dag.py:4156} INFO - Setting next_dagrun for rodar_script_php to 2025-11-15 00:00:00+00:00, run_after=2025-11-16 00:00:00+00:00
[2025-11-15T21:27:01.635+0000] {processor.py:208} INFO - Processing /opt/airflow/dags/php_dag.py took 0.072 seconds
[2025-11-15T21:27:31.763+0000] {processor.py:186} INFO - Started process (PID=231) to work on /opt/airflow/dags/php_dag.py
[2025-11-15T21:27:31.764+0000] {processor.py:914} INFO - Processing file /opt/airflow/dags/php_dag.py for tasks to queue
[2025-11-15T21:27:31.766+0000] {logging_mixin.py:190} INFO - [2025-11-15T21:27:31.766+0000] {dagbag.py:587} INFO - Filling up the DagBag from /opt/airflow/dags/php_dag.py
[2025-11-15T21:27:31.775+0000] {processor.py:925} INFO - DAG(s) 'rodar_script_php' retrieved from /opt/airflow/dags/php_dag.py
[2025-11-15T21:27:31.794+0000] {logging_mixin.py:190} INFO - [2025-11-15T21:27:31.794+0000] {dag.py:3229} INFO - Sync 1 DAGs
[2025-11-15T21:27:31.811+0000] {logging_mixin.py:190} INFO - [2025-11-15T21:27:31.811+0000] {dag.py:4156} INFO - Setting next_dagrun for rodar_script_php to 2025-11-15 00:00:00+00:00, run_after=2025-11-16 00:00:00+00:00
[2025-11-15T21:27:31.824+0000] {processor.py:208} INFO - Processing /opt/airflow/dags/php_dag.py took 0.065 seconds
[2025-11-15T21:28:01.979+0000] {processor.py:186} INFO - Started process (PID=241) to work on /opt/airflow/dags/php_dag.py
[2025-11-15T21:28:01.980+0000] {processor.py:914} INFO - Processing file /opt/airflow/dags/php_dag.py for tasks to queue
[2025-11-15T21:28:01.982+0000] {logging_mixin.py:190} INFO - [2025-11-15T21:28:01.981+0000] {dagbag.py:587} INFO - Filling up the DagBag from /opt/airflow/dags/php_dag.py
[2025-11-15T21:28:01.991+0000] {processor.py:925} INFO - DAG(s) 'rodar_script_php' retrieved from /opt/airflow/dags/php_dag.py
[2025-11-15T21:28:02.009+0000] {logging_mixin.py:190} INFO - [2025-11-15T21:28:02.009+0000] {dag.py:3229} INFO - Sync 1 DAGs
[2025-11-15T21:28:02.027+0000] {logging_mixin.py:190} INFO - [2025-11-15T21:28:02.027+0000] {dag.py:4156} INFO - Setting next_dagrun for rodar_script_php to 2025-11-15 00:00:00+00:00, run_after=2025-11-16 00:00:00+00:00
[2025-11-15T21:28:02.039+0000] {processor.py:208} INFO - Processing /opt/airflow/dags/php_dag.py took 0.064 seconds
[2025-11-15T21:28:32.202+0000] {processor.py:186} INFO - Started process (PID=253) to work on /opt/airflow/dags/php_dag.py
[2025-11-15T21:28:32.203+0000] {processor.py:914} INFO - Processing file /opt/airflow/dags/php_dag.py for tasks to queue
[2025-11-15T21:28:32.205+0000] {logging_mixin.py:190} INFO - [2025-11-15T21:28:32.205+0000] {dagbag.py:587} INFO - Filling up the DagBag from /opt/airflow/dags/php_dag.py
[2025-11-15T21:28:32.217+0000] {processor.py:925} INFO - DAG(s) 'rodar_script_php' retrieved from /opt/airflow/dags/php_dag.py
[2025-11-15T21:28:32.244+0000] {logging_mixin.py:190} INFO - [2025-11-15T21:28:32.243+0000] {dag.py:3229} INFO - Sync 1 DAGs
[2025-11-15T21:28:32.266+0000] {logging_mixin.py:190} INFO - [2025-11-15T21:28:32.266+0000] {dag.py:4156} INFO - Setting next_dagrun for rodar_script_php to 2025-11-15 00:00:00+00:00, run_after=2025-11-16 00:00:00+00:00
[2025-11-15T21:28:32.282+0000] {processor.py:208} INFO - Processing /opt/airflow/dags/php_dag.py took 0.087 seconds
[2025-11-15T21:28:53.887+0000] {processor.py:186} INFO - Started process (PID=179) to work on /opt/airflow/dags/php_dag.py
[2025-11-15T21:28:53.888+0000] {processor.py:914} INFO - Processing file /opt/airflow/dags/php_dag.py for tasks to queue
[2025-11-15T21:28:53.890+0000] {logging_mixin.py:190} INFO - [2025-11-15T21:28:53.890+0000] {dagbag.py:587} INFO - Filling up the DagBag from /opt/airflow/dags/php_dag.py
[2025-11-15T21:28:53.909+0000] {processor.py:925} INFO - DAG(s) 'rodar_script_php' retrieved from /opt/airflow/dags/php_dag.py
[2025-11-15T21:28:53.936+0000] {logging_mixin.py:190} INFO - [2025-11-15T21:28:53.936+0000] {dag.py:3229} INFO - Sync 1 DAGs
[2025-11-15T21:28:53.953+0000] {logging_mixin.py:190} INFO - [2025-11-15T21:28:53.953+0000] {dag.py:4156} INFO - Setting next_dagrun for rodar_script_php to 2025-11-15 00:00:00+00:00, run_after=2025-11-16 00:00:00+00:00
[2025-11-15T21:28:53.964+0000] {processor.py:208} INFO - Processing /opt/airflow/dags/php_dag.py took 0.082 seconds
[2025-11-15T21:29:24.082+0000] {processor.py:186} INFO - Started process (PID=189) to work on /opt/airflow/dags/php_dag.py
[2025-11-15T21:29:24.083+0000] {processor.py:914} INFO - Processing file /opt/airflow/dags/php_dag.py for tasks to queue
[2025-11-15T21:29:24.085+0000] {logging_mixin.py:190} INFO - [2025-11-15T21:29:24.084+0000] {dagbag.py:587} INFO - Filling up the DagBag from /opt/airflow/dags/php_dag.py
[2025-11-15T21:29:24.094+0000] {processor.py:925} INFO - DAG(s) 'rodar_script_php' retrieved from /opt/airflow/dags/php_dag.py
[2025-11-15T21:29:24.115+0000] {logging_mixin.py:190} INFO - [2025-11-15T21:29:24.115+0000] {dag.py:3229} INFO - Sync 1 DAGs
[2025-11-15T21:29:24.132+0000] {logging_mixin.py:190} INFO - [2025-11-15T21:29:24.132+0000] {dag.py:4156} INFO - Setting next_dagrun for rodar_script_php to 2025-11-15 00:00:00+00:00, run_after=2025-11-16 00:00:00+00:00
[2025-11-15T21:29:24.142+0000] {processor.py:208} INFO - Processing /opt/airflow/dags/php_dag.py took 0.065 seconds
[2025-11-15T21:29:54.318+0000] {processor.py:186} INFO - Started process (PID=199) to work on /opt/airflow/dags/php_dag.py
[2025-11-15T21:29:54.319+0000] {processor.py:914} INFO - Processing file /opt/airflow/dags/php_dag.py for tasks to queue
[2025-11-15T21:29:54.320+0000] {logging_mixin.py:190} INFO - [2025-11-15T21:29:54.319+0000] {dagbag.py:587} INFO - Filling up the DagBag from /opt/airflow/dags/php_dag.py
[2025-11-15T21:29:54.331+0000] {processor.py:925} INFO - DAG(s) 'rodar_script_php' retrieved from /opt/airflow/dags/php_dag.py
[2025-11-15T21:29:54.353+0000] {logging_mixin.py:190} INFO - [2025-11-15T21:29:54.353+0000] {dag.py:3229} INFO - Sync 1 DAGs
[2025-11-15T21:29:54.371+0000] {logging_mixin.py:190} INFO - [2025-11-15T21:29:54.370+0000] {dag.py:4156} INFO - Setting next_dagrun for rodar_script_php to 2025-11-15 00:00:00+00:00, run_after=2025-11-16 00:00:00+00:00
[2025-11-15T21:29:54.381+0000] {processor.py:208} INFO - Processing /opt/airflow/dags/php_dag.py took 0.069 seconds
[2025-11-15T21:30:24.511+0000] {processor.py:186} INFO - Started process (PID=209) to work on /opt/airflow/dags/php_dag.py
[2025-11-15T21:30:24.511+0000] {processor.py:914} INFO - Processing file /opt/airflow/dags/php_dag.py for tasks to queue
[2025-11-15T21:30:24.512+0000] {logging_mixin.py:190} INFO - [2025-11-15T21:30:24.512+0000] {dagbag.py:587} INFO - Filling up the DagBag from /opt/airflow/dags/php_dag.py
[2025-11-15T21:30:24.524+0000] {processor.py:925} INFO - DAG(s) 'rodar_script_php' retrieved from /opt/airflow/dags/php_dag.py
[2025-11-15T21:30:24.544+0000] {logging_mixin.py:190} INFO - [2025-11-15T21:30:24.544+0000] {dag.py:3229} INFO - Sync 1 DAGs
[2025-11-15T21:30:24.561+0000] {logging_mixin.py:190} INFO - [2025-11-15T21:30:24.561+0000] {dag.py:4156} INFO - Setting next_dagrun for rodar_script_php to 2025-11-15 00:00:00+00:00, run_after=2025-11-16 00:00:00+00:00
[2025-11-15T21:30:24.575+0000] {processor.py:208} INFO - Processing /opt/airflow/dags/php_dag.py took 0.070 seconds
[2025-11-15T21:31:13.092+0000] {processor.py:186} INFO - Started process (PID=179) to work on /opt/airflow/dags/php_dag.py
[2025-11-15T21:31:13.093+0000] {processor.py:914} INFO - Processing file /opt/airflow/dags/php_dag.py for tasks to queue
[2025-11-15T21:31:13.096+0000] {logging_mixin.py:190} INFO - [2025-11-15T21:31:13.096+0000] {dagbag.py:587} INFO - Filling up the DagBag from /opt/airflow/dags/php_dag.py
[2025-11-15T21:31:13.114+0000] {processor.py:925} INFO - DAG(s) 'rodar_script_php' retrieved from /opt/airflow/dags/php_dag.py
[2025-11-15T21:31:13.146+0000] {logging_mixin.py:190} INFO - [2025-11-15T21:31:13.146+0000] {dag.py:3229} INFO - Sync 1 DAGs
[2025-11-15T21:31:13.176+0000] {logging_mixin.py:190} INFO - [2025-11-15T21:31:13.176+0000] {dag.py:4156} INFO - Setting next_dagrun for rodar_script_php to 2025-11-15 00:00:00+00:00, run_after=2025-11-16 00:00:00+00:00
[2025-11-15T21:31:13.191+0000] {processor.py:208} INFO - Processing /opt/airflow/dags/php_dag.py took 0.104 seconds
[2025-11-15T21:31:43.347+0000] {processor.py:186} INFO - Started process (PID=192) to work on /opt/airflow/dags/php_dag.py
[2025-11-15T21:31:43.348+0000] {processor.py:914} INFO - Processing file /opt/airflow/dags/php_dag.py for tasks to queue
[2025-11-15T21:31:43.350+0000] {logging_mixin.py:190} INFO - [2025-11-15T21:31:43.350+0000] {dagbag.py:587} INFO - Filling up the DagBag from /opt/airflow/dags/php_dag.py
[2025-11-15T21:31:43.360+0000] {processor.py:925} INFO - DAG(s) 'rodar_script_php' retrieved from /opt/airflow/dags/php_dag.py
[2025-11-15T21:31:43.382+0000] {logging_mixin.py:190} INFO - [2025-11-15T21:31:43.381+0000] {dag.py:3229} INFO - Sync 1 DAGs
[2025-11-15T21:31:43.400+0000] {logging_mixin.py:190} INFO - [2025-11-15T21:31:43.400+0000] {dag.py:4156} INFO - Setting next_dagrun for rodar_script_php to 2025-11-15 00:00:00+00:00, run_after=2025-11-16 00:00:00+00:00
[2025-11-15T21:31:43.412+0000] {processor.py:208} INFO - Processing /opt/airflow/dags/php_dag.py took 0.070 seconds
[2025-11-15T21:32:13.519+0000] {processor.py:186} INFO - Started process (PID=205) to work on /opt/airflow/dags/php_dag.py
[2025-11-15T21:32:13.520+0000] {processor.py:914} INFO - Processing file /opt/airflow/dags/php_dag.py for tasks to queue
[2025-11-15T21:32:13.522+0000] {logging_mixin.py:190} INFO - [2025-11-15T21:32:13.522+0000] {dagbag.py:587} INFO - Filling up the DagBag from /opt/airflow/dags/php_dag.py
[2025-11-15T21:32:13.533+0000] {processor.py:925} INFO - DAG(s) 'rodar_script_php' retrieved from /opt/airflow/dags/php_dag.py
[2025-11-15T21:32:13.554+0000] {logging_mixin.py:190} INFO - [2025-11-15T21:32:13.554+0000] {dag.py:3229} INFO - Sync 1 DAGs
[2025-11-15T21:32:13.572+0000] {logging_mixin.py:190} INFO - [2025-11-15T21:32:13.572+0000] {dag.py:4156} INFO - Setting next_dagrun for rodar_script_php to 2025-11-15 00:00:00+00:00, run_after=2025-11-16 00:00:00+00:00
[2025-11-15T21:32:13.585+0000] {processor.py:208} INFO - Processing /opt/airflow/dags/php_dag.py took 0.071 seconds
[2025-11-15T21:32:43.713+0000] {processor.py:186} INFO - Started process (PID=218) to work on /opt/airflow/dags/php_dag.py
[2025-11-15T21:32:43.714+0000] {processor.py:914} INFO - Processing file /opt/airflow/dags/php_dag.py for tasks to queue
[2025-11-15T21:32:43.715+0000] {logging_mixin.py:190} INFO - [2025-11-15T21:32:43.715+0000] {dagbag.py:587} INFO - Filling up the DagBag from /opt/airflow/dags/php_dag.py
[2025-11-15T21:32:43.725+0000] {processor.py:925} INFO - DAG(s) 'rodar_script_php' retrieved from /opt/airflow/dags/php_dag.py
[2025-11-15T21:32:43.745+0000] {logging_mixin.py:190} INFO - [2025-11-15T21:32:43.745+0000] {dag.py:3229} INFO - Sync 1 DAGs
[2025-11-15T21:32:43.764+0000] {logging_mixin.py:190} INFO - [2025-11-15T21:32:43.763+0000] {dag.py:4156} INFO - Setting next_dagrun for rodar_script_php to 2025-11-15 00:00:00+00:00, run_after=2025-11-16 00:00:00+00:00
[2025-11-15T21:32:43.777+0000] {processor.py:208} INFO - Processing /opt/airflow/dags/php_dag.py took 0.068 seconds
[2025-11-15T21:33:13.888+0000] {processor.py:186} INFO - Started process (PID=228) to work on /opt/airflow/dags/php_dag.py
[2025-11-15T21:33:13.889+0000] {processor.py:914} INFO - Processing file /opt/airflow/dags/php_dag.py for tasks to queue
[2025-11-15T21:33:13.892+0000] {logging_mixin.py:190} INFO - [2025-11-15T21:33:13.891+0000] {dagbag.py:587} INFO - Filling up the DagBag from /opt/airflow/dags/php_dag.py
[2025-11-15T21:33:13.901+0000] {processor.py:925} INFO - DAG(s) 'rodar_script_php' retrieved from /opt/airflow/dags/php_dag.py
[2025-11-15T21:33:13.921+0000] {logging_mixin.py:190} INFO - [2025-11-15T21:33:13.920+0000] {dag.py:3229} INFO - Sync 1 DAGs
[2025-11-15T21:33:13.940+0000] {logging_mixin.py:190} INFO - [2025-11-15T21:33:13.940+0000] {dag.py:4156} INFO - Setting next_dagrun for rodar_script_php to 2025-11-15 00:00:00+00:00, run_after=2025-11-16 00:00:00+00:00
[2025-11-15T21:33:13.954+0000] {processor.py:208} INFO - Processing /opt/airflow/dags/php_dag.py took 0.070 seconds
[2025-11-15T21:33:44.075+0000] {processor.py:186} INFO - Started process (PID=238) to work on /opt/airflow/dags/php_dag.py
[2025-11-15T21:33:44.076+0000] {processor.py:914} INFO - Processing file /opt/airflow/dags/php_dag.py for tasks to queue
[2025-11-15T21:33:44.078+0000] {logging_mixin.py:190} INFO - [2025-11-15T21:33:44.078+0000] {dagbag.py:587} INFO - Filling up the DagBag from /opt/airflow/dags/php_dag.py
[2025-11-15T21:33:44.087+0000] {processor.py:925} INFO - DAG(s) 'rodar_script_php' retrieved from /opt/airflow/dags/php_dag.py
[2025-11-15T21:33:44.108+0000] {logging_mixin.py:190} INFO - [2025-11-15T21:33:44.108+0000] {dag.py:3229} INFO - Sync 1 DAGs
[2025-11-15T21:33:44.126+0000] {logging_mixin.py:190} INFO - [2025-11-15T21:33:44.126+0000] {dag.py:4156} INFO - Setting next_dagrun for rodar_script_php to 2025-11-15 00:00:00+00:00, run_after=2025-11-16 00:00:00+00:00
[2025-11-15T21:33:44.140+0000] {processor.py:208} INFO - Processing /opt/airflow/dags/php_dag.py took 0.069 seconds
[2025-11-15T21:34:14.264+0000] {processor.py:186} INFO - Started process (PID=248) to work on /opt/airflow/dags/php_dag.py
[2025-11-15T21:34:14.265+0000] {processor.py:914} INFO - Processing file /opt/airflow/dags/php_dag.py for tasks to queue
[2025-11-15T21:34:14.267+0000] {logging_mixin.py:190} INFO - [2025-11-15T21:34:14.267+0000] {dagbag.py:587} INFO - Filling up the DagBag from /opt/airflow/dags/php_dag.py
[2025-11-15T21:34:14.276+0000] {processor.py:925} INFO - DAG(s) 'rodar_script_php' retrieved from /opt/airflow/dags/php_dag.py
[2025-11-15T21:34:14.296+0000] {logging_mixin.py:190} INFO - [2025-11-15T21:34:14.296+0000] {dag.py:3229} INFO - Sync 1 DAGs
[2025-11-15T21:34:14.314+0000] {logging_mixin.py:190} INFO - [2025-11-15T21:34:14.314+0000] {dag.py:4156} INFO - Setting next_dagrun for rodar_script_php to 2025-11-15 00:00:00+00:00, run_after=2025-11-16 00:00:00+00:00
[2025-11-15T21:34:14.326+0000] {processor.py:208} INFO - Processing /opt/airflow/dags/php_dag.py took 0.066 seconds
[2025-11-15T21:34:44.440+0000] {processor.py:186} INFO - Started process (PID=258) to work on /opt/airflow/dags/php_dag.py
[2025-11-15T21:34:44.441+0000] {processor.py:914} INFO - Processing file /opt/airflow/dags/php_dag.py for tasks to queue
[2025-11-15T21:34:44.443+0000] {logging_mixin.py:190} INFO - [2025-11-15T21:34:44.442+0000] {dagbag.py:587} INFO - Filling up the DagBag from /opt/airflow/dags/php_dag.py
[2025-11-15T21:34:44.451+0000] {processor.py:925} INFO - DAG(s) 'rodar_script_php' retrieved from /opt/airflow/dags/php_dag.py
[2025-11-15T21:34:44.470+0000] {logging_mixin.py:190} INFO - [2025-11-15T21:34:44.470+0000] {dag.py:3229} INFO - Sync 1 DAGs
[2025-11-15T21:34:44.488+0000] {logging_mixin.py:190} INFO - [2025-11-15T21:34:44.487+0000] {dag.py:4156} INFO - Setting next_dagrun for rodar_script_php to 2025-11-15 00:00:00+00:00, run_after=2025-11-16 00:00:00+00:00
[2025-11-15T21:34:44.500+0000] {processor.py:208} INFO - Processing /opt/airflow/dags/php_dag.py took 0.064 seconds
[2025-11-15T21:35:14.641+0000] {processor.py:186} INFO - Started process (PID=268) to work on /opt/airflow/dags/php_dag.py
[2025-11-15T21:35:14.641+0000] {processor.py:914} INFO - Processing file /opt/airflow/dags/php_dag.py for tasks to queue
[2025-11-15T21:35:14.643+0000] {logging_mixin.py:190} INFO - [2025-11-15T21:35:14.642+0000] {dagbag.py:587} INFO - Filling up the DagBag from /opt/airflow/dags/php_dag.py
[2025-11-15T21:35:14.652+0000] {processor.py:925} INFO - DAG(s) 'rodar_script_php' retrieved from /opt/airflow/dags/php_dag.py
[2025-11-15T21:35:14.672+0000] {logging_mixin.py:190} INFO - [2025-11-15T21:35:14.672+0000] {dag.py:3229} INFO - Sync 1 DAGs
[2025-11-15T21:35:14.690+0000] {logging_mixin.py:190} INFO - [2025-11-15T21:35:14.689+0000] {dag.py:4156} INFO - Setting next_dagrun for rodar_script_php to 2025-11-15 00:00:00+00:00, run_after=2025-11-16 00:00:00+00:00
[2025-11-15T21:35:14.701+0000] {processor.py:208} INFO - Processing /opt/airflow/dags/php_dag.py took 0.065 seconds
[2025-11-15T21:35:44.828+0000] {processor.py:186} INFO - Started process (PID=278) to work on /opt/airflow/dags/php_dag.py
[2025-11-15T21:35:44.829+0000] {processor.py:914} INFO - Processing file /opt/airflow/dags/php_dag.py for tasks to queue
[2025-11-15T21:35:44.831+0000] {logging_mixin.py:190} INFO - [2025-11-15T21:35:44.830+0000] {dagbag.py:587} INFO - Filling up the DagBag from /opt/airflow/dags/php_dag.py
[2025-11-15T21:35:44.839+0000] {processor.py:925} INFO - DAG(s) 'rodar_script_php' retrieved from /opt/airflow/dags/php_dag.py
[2025-11-15T21:35:44.858+0000] {logging_mixin.py:190} INFO - [2025-11-15T21:35:44.858+0000] {dag.py:3229} INFO - Sync 1 DAGs
[2025-11-15T21:35:44.876+0000] {logging_mixin.py:190} INFO - [2025-11-15T21:35:44.875+0000] {dag.py:4156} INFO - Setting next_dagrun for rodar_script_php to 2025-11-15 00:00:00+00:00, run_after=2025-11-16 00:00:00+00:00
[2025-11-15T21:35:44.888+0000] {processor.py:208} INFO - Processing /opt/airflow/dags/php_dag.py took 0.064 seconds
[2025-11-15T21:36:15.063+0000] {processor.py:186} INFO - Started process (PID=288) to work on /opt/airflow/dags/php_dag.py
[2025-11-15T21:36:15.064+0000] {processor.py:914} INFO - Processing file /opt/airflow/dags/php_dag.py for tasks to queue
[2025-11-15T21:36:15.066+0000] {logging_mixin.py:190} INFO - [2025-11-15T21:36:15.065+0000] {dagbag.py:587} INFO - Filling up the DagBag from /opt/airflow/dags/php_dag.py
[2025-11-15T21:36:15.075+0000] {processor.py:925} INFO - DAG(s) 'rodar_script_php' retrieved from /opt/airflow/dags/php_dag.py
[2025-11-15T21:36:15.093+0000] {logging_mixin.py:190} INFO - [2025-11-15T21:36:15.093+0000] {dag.py:3229} INFO - Sync 1 DAGs
[2025-11-15T21:36:15.257+0000] {logging_mixin.py:190} INFO - [2025-11-15T21:36:15.257+0000] {dag.py:4156} INFO - Setting next_dagrun for rodar_script_php to 2025-11-15 00:00:00+00:00, run_after=2025-11-16 00:00:00+00:00
[2025-11-15T21:36:15.268+0000] {processor.py:208} INFO - Processing /opt/airflow/dags/php_dag.py took 0.209 seconds
[2025-11-15T21:36:45.436+0000] {processor.py:186} INFO - Started process (PID=298) to work on /opt/airflow/dags/php_dag.py
[2025-11-15T21:36:45.437+0000] {processor.py:914} INFO - Processing file /opt/airflow/dags/php_dag.py for tasks to queue
[2025-11-15T21:36:45.438+0000] {logging_mixin.py:190} INFO - [2025-11-15T21:36:45.438+0000] {dagbag.py:587} INFO - Filling up the DagBag from /opt/airflow/dags/php_dag.py
[2025-11-15T21:36:45.448+0000] {processor.py:925} INFO - DAG(s) 'rodar_script_php' retrieved from /opt/airflow/dags/php_dag.py
[2025-11-15T21:36:45.468+0000] {logging_mixin.py:190} INFO - [2025-11-15T21:36:45.468+0000] {dag.py:3229} INFO - Sync 1 DAGs
[2025-11-15T21:36:45.629+0000] {logging_mixin.py:190} INFO - [2025-11-15T21:36:45.629+0000] {dag.py:4156} INFO - Setting next_dagrun for rodar_script_php to 2025-11-15 00:00:00+00:00, run_after=2025-11-16 00:00:00+00:00
[2025-11-15T21:36:45.642+0000] {processor.py:208} INFO - Processing /opt/airflow/dags/php_dag.py took 0.210 seconds
[2025-11-15T21:37:15.818+0000] {processor.py:186} INFO - Started process (PID=308) to work on /opt/airflow/dags/php_dag.py
[2025-11-15T21:37:15.821+0000] {processor.py:914} INFO - Processing file /opt/airflow/dags/php_dag.py for tasks to queue
[2025-11-15T21:37:15.823+0000] {logging_mixin.py:190} INFO - [2025-11-15T21:37:15.823+0000] {dagbag.py:587} INFO - Filling up the DagBag from /opt/airflow/dags/php_dag.py
[2025-11-15T21:37:15.832+0000] {processor.py:925} INFO - DAG(s) 'rodar_script_php' retrieved from /opt/airflow/dags/php_dag.py
[2025-11-15T21:37:15.853+0000] {logging_mixin.py:190} INFO - [2025-11-15T21:37:15.853+0000] {dag.py:3229} INFO - Sync 1 DAGs
[2025-11-15T21:37:15.870+0000] {logging_mixin.py:190} INFO - [2025-11-15T21:37:15.870+0000] {dag.py:4156} INFO - Setting next_dagrun for rodar_script_php to 2025-11-15 00:00:00+00:00, run_after=2025-11-16 00:00:00+00:00
[2025-11-15T21:37:15.882+0000] {processor.py:208} INFO - Processing /opt/airflow/dags/php_dag.py took 0.069 seconds
[2025-11-15T21:37:46.023+0000] {processor.py:186} INFO - Started process (PID=318) to work on /opt/airflow/dags/php_dag.py
[2025-11-15T21:37:46.024+0000] {processor.py:914} INFO - Processing file /opt/airflow/dags/php_dag.py for tasks to queue
[2025-11-15T21:37:46.025+0000] {logging_mixin.py:190} INFO - [2025-11-15T21:37:46.025+0000] {dagbag.py:587} INFO - Filling up the DagBag from /opt/airflow/dags/php_dag.py
[2025-11-15T21:37:46.035+0000] {processor.py:925} INFO - DAG(s) 'rodar_script_php' retrieved from /opt/airflow/dags/php_dag.py
[2025-11-15T21:37:46.055+0000] {logging_mixin.py:190} INFO - [2025-11-15T21:37:46.054+0000] {dag.py:3229} INFO - Sync 1 DAGs
[2025-11-15T21:37:46.072+0000] {logging_mixin.py:190} INFO - [2025-11-15T21:37:46.072+0000] {dag.py:4156} INFO - Setting next_dagrun for rodar_script_php to 2025-11-15 00:00:00+00:00, run_after=2025-11-16 00:00:00+00:00
[2025-11-15T21:37:46.084+0000] {processor.py:208} INFO - Processing /opt/airflow/dags/php_dag.py took 0.066 seconds
[2025-11-15T21:38:10.752+0000] {processor.py:186} INFO - Started process (PID=179) to work on /opt/airflow/dags/php_dag.py
[2025-11-15T21:38:10.753+0000] {processor.py:914} INFO - Processing file /opt/airflow/dags/php_dag.py for tasks to queue
[2025-11-15T21:38:10.756+0000] {logging_mixin.py:190} INFO - [2025-11-15T21:38:10.755+0000] {dagbag.py:587} INFO - Filling up the DagBag from /opt/airflow/dags/php_dag.py
[2025-11-15T21:38:10.773+0000] {processor.py:925} INFO - DAG(s) 'rodar_script_php' retrieved from /opt/airflow/dags/php_dag.py
[2025-11-15T21:38:10.808+0000] {logging_mixin.py:190} INFO - [2025-11-15T21:38:10.808+0000] {dag.py:3229} INFO - Sync 1 DAGs
[2025-11-15T21:38:10.832+0000] {logging_mixin.py:190} INFO - [2025-11-15T21:38:10.832+0000] {dag.py:4156} INFO - Setting next_dagrun for rodar_script_php to 2025-11-15 00:00:00+00:00, run_after=2025-11-16 00:00:00+00:00
[2025-11-15T21:38:10.848+0000] {processor.py:208} INFO - Processing /opt/airflow/dags/php_dag.py took 0.101 seconds
[2025-11-15T21:38:40.940+0000] {processor.py:186} INFO - Started process (PID=189) to work on /opt/airflow/dags/php_dag.py
[2025-11-15T21:38:40.943+0000] {processor.py:914} INFO - Processing file /opt/airflow/dags/php_dag.py for tasks to queue
[2025-11-15T21:38:40.945+0000] {logging_mixin.py:190} INFO - [2025-11-15T21:38:40.945+0000] {dagbag.py:587} INFO - Filling up the DagBag from /opt/airflow/dags/php_dag.py
[2025-11-15T21:38:40.956+0000] {processor.py:925} INFO - DAG(s) 'rodar_script_php' retrieved from /opt/airflow/dags/php_dag.py
[2025-11-15T21:38:40.978+0000] {logging_mixin.py:190} INFO - [2025-11-15T21:38:40.978+0000] {dag.py:3229} INFO - Sync 1 DAGs
[2025-11-15T21:38:40.996+0000] {logging_mixin.py:190} INFO - [2025-11-15T21:38:40.995+0000] {dag.py:4156} INFO - Setting next_dagrun for rodar_script_php to 2025-11-15 00:00:00+00:00, run_after=2025-11-16 00:00:00+00:00
[2025-11-15T21:38:41.008+0000] {processor.py:208} INFO - Processing /opt/airflow/dags/php_dag.py took 0.073 seconds
[2025-11-15T21:39:11.170+0000] {processor.py:186} INFO - Started process (PID=202) to work on /opt/airflow/dags/php_dag.py
[2025-11-15T21:39:11.170+0000] {processor.py:914} INFO - Processing file /opt/airflow/dags/php_dag.py for tasks to queue
[2025-11-15T21:39:11.172+0000] {logging_mixin.py:190} INFO - [2025-11-15T21:39:11.172+0000] {dagbag.py:587} INFO - Filling up the DagBag from /opt/airflow/dags/php_dag.py
[2025-11-15T21:39:11.182+0000] {processor.py:925} INFO - DAG(s) 'rodar_script_php' retrieved from /opt/airflow/dags/php_dag.py
[2025-11-15T21:39:11.200+0000] {logging_mixin.py:190} INFO - [2025-11-15T21:39:11.200+0000] {dag.py:3229} INFO - Sync 1 DAGs
[2025-11-15T21:39:11.218+0000] {logging_mixin.py:190} INFO - [2025-11-15T21:39:11.218+0000] {dag.py:4156} INFO - Setting next_dagrun for rodar_script_php to 2025-11-15 00:00:00+00:00, run_after=2025-11-16 00:00:00+00:00
[2025-11-15T21:39:11.230+0000] {processor.py:208} INFO - Processing /opt/airflow/dags/php_dag.py took 0.066 seconds
[2025-11-15T21:39:41.330+0000] {processor.py:186} INFO - Started process (PID=215) to work on /opt/airflow/dags/php_dag.py
[2025-11-15T21:39:41.333+0000] {processor.py:914} INFO - Processing file /opt/airflow/dags/php_dag.py for tasks to queue
[2025-11-15T21:39:41.336+0000] {logging_mixin.py:190} INFO - [2025-11-15T21:39:41.336+0000] {dagbag.py:587} INFO - Filling up the DagBag from /opt/airflow/dags/php_dag.py
[2025-11-15T21:39:41.347+0000] {processor.py:925} INFO - DAG(s) 'rodar_script_php' retrieved from /opt/airflow/dags/php_dag.py
[2025-11-15T21:39:41.367+0000] {logging_mixin.py:190} INFO - [2025-11-15T21:39:41.367+0000] {dag.py:3229} INFO - Sync 1 DAGs
[2025-11-15T21:39:41.386+0000] {logging_mixin.py:190} INFO - [2025-11-15T21:39:41.386+0000] {dag.py:4156} INFO - Setting next_dagrun for rodar_script_php to 2025-11-15 00:00:00+00:00, run_after=2025-11-16 00:00:00+00:00
[2025-11-15T21:39:41.400+0000] {processor.py:208} INFO - Processing /opt/airflow/dags/php_dag.py took 0.075 seconds
[2025-11-15T21:40:11.540+0000] {processor.py:186} INFO - Started process (PID=228) to work on /opt/airflow/dags/php_dag.py
[2025-11-15T21:40:11.541+0000] {processor.py:914} INFO - Processing file /opt/airflow/dags/php_dag.py for tasks to queue
[2025-11-15T21:40:11.543+0000] {logging_mixin.py:190} INFO - [2025-11-15T21:40:11.543+0000] {dagbag.py:587} INFO - Filling up the DagBag from /opt/airflow/dags/php_dag.py
[2025-11-15T21:40:11.553+0000] {processor.py:925} INFO - DAG(s) 'rodar_script_php' retrieved from /opt/airflow/dags/php_dag.py
[2025-11-15T21:40:11.573+0000] {logging_mixin.py:190} INFO - [2025-11-15T21:40:11.573+0000] {dag.py:3229} INFO - Sync 1 DAGs
[2025-11-15T21:40:11.593+0000] {logging_mixin.py:190} INFO - [2025-11-15T21:40:11.593+0000] {dag.py:4156} INFO - Setting next_dagrun for rodar_script_php to 2025-11-15 00:00:00+00:00, run_after=2025-11-16 00:00:00+00:00
[2025-11-15T21:40:11.606+0000] {processor.py:208} INFO - Processing /opt/airflow/dags/php_dag.py took 0.071 seconds
[2025-11-15T21:40:41.730+0000] {processor.py:186} INFO - Started process (PID=238) to work on /opt/airflow/dags/php_dag.py
[2025-11-15T21:40:41.730+0000] {processor.py:914} INFO - Processing file /opt/airflow/dags/php_dag.py for tasks to queue
[2025-11-15T21:40:41.733+0000] {logging_mixin.py:190} INFO - [2025-11-15T21:40:41.732+0000] {dagbag.py:587} INFO - Filling up the DagBag from /opt/airflow/dags/php_dag.py
[2025-11-15T21:40:41.743+0000] {processor.py:925} INFO - DAG(s) 'rodar_script_php' retrieved from /opt/airflow/dags/php_dag.py
[2025-11-15T21:40:41.763+0000] {logging_mixin.py:190} INFO - [2025-11-15T21:40:41.763+0000] {dag.py:3229} INFO - Sync 1 DAGs
[2025-11-15T21:40:41.782+0000] {logging_mixin.py:190} INFO - [2025-11-15T21:40:41.782+0000] {dag.py:4156} INFO - Setting next_dagrun for rodar_script_php to 2025-11-15 00:00:00+00:00, run_after=2025-11-16 00:00:00+00:00
[2025-11-15T21:40:41.794+0000] {processor.py:208} INFO - Processing /opt/airflow/dags/php_dag.py took 0.069 seconds
[2025-11-15T21:41:11.897+0000] {processor.py:186} INFO - Started process (PID=248) to work on /opt/airflow/dags/php_dag.py
[2025-11-15T21:41:11.898+0000] {processor.py:914} INFO - Processing file /opt/airflow/dags/php_dag.py for tasks to queue
[2025-11-15T21:41:11.900+0000] {logging_mixin.py:190} INFO - [2025-11-15T21:41:11.900+0000] {dagbag.py:587} INFO - Filling up the DagBag from /opt/airflow/dags/php_dag.py
[2025-11-15T21:41:11.910+0000] {processor.py:925} INFO - DAG(s) 'rodar_script_php' retrieved from /opt/airflow/dags/php_dag.py
[2025-11-15T21:41:11.931+0000] {logging_mixin.py:190} INFO - [2025-11-15T21:41:11.930+0000] {dag.py:3229} INFO - Sync 1 DAGs
[2025-11-15T21:41:11.950+0000] {logging_mixin.py:190} INFO - [2025-11-15T21:41:11.950+0000] {dag.py:4156} INFO - Setting next_dagrun for rodar_script_php to 2025-11-15 00:00:00+00:00, run_after=2025-11-16 00:00:00+00:00
[2025-11-15T21:41:11.962+0000] {processor.py:208} INFO - Processing /opt/airflow/dags/php_dag.py took 0.070 seconds
[2025-11-15T21:41:42.088+0000] {processor.py:186} INFO - Started process (PID=258) to work on /opt/airflow/dags/php_dag.py
[2025-11-15T21:41:42.089+0000] {processor.py:914} INFO - Processing file /opt/airflow/dags/php_dag.py for tasks to queue
[2025-11-15T21:41:42.091+0000] {logging_mixin.py:190} INFO - [2025-11-15T21:41:42.090+0000] {dagbag.py:587} INFO - Filling up the DagBag from /opt/airflow/dags/php_dag.py
[2025-11-15T21:41:42.105+0000] {processor.py:925} INFO - DAG(s) 'rodar_script_php' retrieved from /opt/airflow/dags/php_dag.py
[2025-11-15T21:41:42.129+0000] {logging_mixin.py:190} INFO - [2025-11-15T21:41:42.128+0000] {dag.py:3229} INFO - Sync 1 DAGs
[2025-11-15T21:41:42.146+0000] {logging_mixin.py:190} INFO - [2025-11-15T21:41:42.146+0000] {dag.py:4156} INFO - Setting next_dagrun for rodar_script_php to 2025-11-15 00:00:00+00:00, run_after=2025-11-16 00:00:00+00:00
[2025-11-15T21:41:42.160+0000] {processor.py:208} INFO - Processing /opt/airflow/dags/php_dag.py took 0.077 seconds
[2025-11-15T21:42:12.277+0000] {processor.py:186} INFO - Started process (PID=268) to work on /opt/airflow/dags/php_dag.py
[2025-11-15T21:42:12.278+0000] {processor.py:914} INFO - Processing file /opt/airflow/dags/php_dag.py for tasks to queue
[2025-11-15T21:42:12.279+0000] {logging_mixin.py:190} INFO - [2025-11-15T21:42:12.279+0000] {dagbag.py:587} INFO - Filling up the DagBag from /opt/airflow/dags/php_dag.py
[2025-11-15T21:42:12.289+0000] {processor.py:925} INFO - DAG(s) 'rodar_script_php' retrieved from /opt/airflow/dags/php_dag.py
[2025-11-15T21:42:12.308+0000] {logging_mixin.py:190} INFO - [2025-11-15T21:42:12.308+0000] {dag.py:3229} INFO - Sync 1 DAGs
[2025-11-15T21:42:12.326+0000] {logging_mixin.py:190} INFO - [2025-11-15T21:42:12.326+0000] {dag.py:4156} INFO - Setting next_dagrun for rodar_script_php to 2025-11-15 00:00:00+00:00, run_after=2025-11-16 00:00:00+00:00
[2025-11-15T21:42:12.339+0000] {processor.py:208} INFO - Processing /opt/airflow/dags/php_dag.py took 0.066 seconds
[2025-11-15T21:42:42.480+0000] {processor.py:186} INFO - Started process (PID=284) to work on /opt/airflow/dags/php_dag.py
[2025-11-15T21:42:42.481+0000] {processor.py:914} INFO - Processing file /opt/airflow/dags/php_dag.py for tasks to queue
[2025-11-15T21:42:42.483+0000] {logging_mixin.py:190} INFO - [2025-11-15T21:42:42.483+0000] {dagbag.py:587} INFO - Filling up the DagBag from /opt/airflow/dags/php_dag.py
[2025-11-15T21:42:42.492+0000] {processor.py:925} INFO - DAG(s) 'rodar_script_php' retrieved from /opt/airflow/dags/php_dag.py
[2025-11-15T21:42:42.511+0000] {logging_mixin.py:190} INFO - [2025-11-15T21:42:42.511+0000] {dag.py:3229} INFO - Sync 1 DAGs
[2025-11-15T21:42:42.529+0000] {logging_mixin.py:190} INFO - [2025-11-15T21:42:42.529+0000] {dag.py:4156} INFO - Setting next_dagrun for rodar_script_php to 2025-11-15 00:00:00+00:00, run_after=2025-11-16 00:00:00+00:00
[2025-11-15T21:42:42.542+0000] {processor.py:208} INFO - Processing /opt/airflow/dags/php_dag.py took 0.066 seconds
[2025-11-15T21:43:12.667+0000] {processor.py:186} INFO - Started process (PID=294) to work on /opt/airflow/dags/php_dag.py
[2025-11-15T21:43:12.670+0000] {processor.py:914} INFO - Processing file /opt/airflow/dags/php_dag.py for tasks to queue
[2025-11-15T21:43:12.672+0000] {logging_mixin.py:190} INFO - [2025-11-15T21:43:12.672+0000] {dagbag.py:587} INFO - Filling up the DagBag from /opt/airflow/dags/php_dag.py
[2025-11-15T21:43:12.681+0000] {processor.py:925} INFO - DAG(s) 'rodar_script_php' retrieved from /opt/airflow/dags/php_dag.py
[2025-11-15T21:43:12.702+0000] {logging_mixin.py:190} INFO - [2025-11-15T21:43:12.702+0000] {dag.py:3229} INFO - Sync 1 DAGs
[2025-11-15T21:43:12.863+0000] {logging_mixin.py:190} INFO - [2025-11-15T21:43:12.863+0000] {dag.py:4156} INFO - Setting next_dagrun for rodar_script_php to 2025-11-15 00:00:00+00:00, run_after=2025-11-16 00:00:00+00:00
[2025-11-15T21:43:12.874+0000] {processor.py:208} INFO - Processing /opt/airflow/dags/php_dag.py took 0.212 seconds
[2025-11-15T21:43:43.085+0000] {processor.py:186} INFO - Started process (PID=304) to work on /opt/airflow/dags/php_dag.py
[2025-11-15T21:43:43.086+0000] {processor.py:914} INFO - Processing file /opt/airflow/dags/php_dag.py for tasks to queue
[2025-11-15T21:43:43.087+0000] {logging_mixin.py:190} INFO - [2025-11-15T21:43:43.087+0000] {dagbag.py:587} INFO - Filling up the DagBag from /opt/airflow/dags/php_dag.py
[2025-11-15T21:43:43.096+0000] {processor.py:925} INFO - DAG(s) 'rodar_script_php' retrieved from /opt/airflow/dags/php_dag.py
[2025-11-15T21:43:43.115+0000] {logging_mixin.py:190} INFO - [2025-11-15T21:43:43.114+0000] {dag.py:3229} INFO - Sync 1 DAGs
[2025-11-15T21:43:43.269+0000] {logging_mixin.py:190} INFO - [2025-11-15T21:43:43.269+0000] {dag.py:4156} INFO - Setting next_dagrun for rodar_script_php to 2025-11-15 00:00:00+00:00, run_after=2025-11-16 00:00:00+00:00
[2025-11-15T21:43:43.280+0000] {processor.py:208} INFO - Processing /opt/airflow/dags/php_dag.py took 0.200 seconds
[2025-11-15T21:44:28.797+0000] {processor.py:186} INFO - Started process (PID=180) to work on /opt/airflow/dags/php_dag.py
[2025-11-15T21:44:28.799+0000] {processor.py:914} INFO - Processing file /opt/airflow/dags/php_dag.py for tasks to queue
[2025-11-15T21:44:28.800+0000] {logging_mixin.py:190} INFO - [2025-11-15T21:44:28.800+0000] {dagbag.py:587} INFO - Filling up the DagBag from /opt/airflow/dags/php_dag.py
[2025-11-15T21:44:28.819+0000] {processor.py:925} INFO - DAG(s) 'rodar_script_php' retrieved from /opt/airflow/dags/php_dag.py
[2025-11-15T21:44:28.849+0000] {logging_mixin.py:190} INFO - [2025-11-15T21:44:28.849+0000] {dag.py:3229} INFO - Sync 1 DAGs
[2025-11-15T21:44:28.874+0000] {logging_mixin.py:190} INFO - [2025-11-15T21:44:28.874+0000] {dag.py:4156} INFO - Setting next_dagrun for rodar_script_php to 2025-11-15 00:00:00+00:00, run_after=2025-11-16 00:00:00+00:00
[2025-11-15T21:44:28.892+0000] {processor.py:208} INFO - Processing /opt/airflow/dags/php_dag.py took 0.100 seconds
[2025-11-15T21:44:58.977+0000] {processor.py:186} INFO - Started process (PID=190) to work on /opt/airflow/dags/php_dag.py
[2025-11-15T21:44:58.978+0000] {processor.py:914} INFO - Processing file /opt/airflow/dags/php_dag.py for tasks to queue
[2025-11-15T21:44:58.980+0000] {logging_mixin.py:190} INFO - [2025-11-15T21:44:58.980+0000] {dagbag.py:587} INFO - Filling up the DagBag from /opt/airflow/dags/php_dag.py
[2025-11-15T21:44:58.990+0000] {processor.py:925} INFO - DAG(s) 'rodar_script_php' retrieved from /opt/airflow/dags/php_dag.py
[2025-11-15T21:44:59.016+0000] {logging_mixin.py:190} INFO - [2025-11-15T21:44:59.016+0000] {dag.py:3229} INFO - Sync 1 DAGs
[2025-11-15T21:44:59.035+0000] {logging_mixin.py:190} INFO - [2025-11-15T21:44:59.035+0000] {dag.py:4156} INFO - Setting next_dagrun for rodar_script_php to 2025-11-15 00:00:00+00:00, run_after=2025-11-16 00:00:00+00:00
[2025-11-15T21:44:59.048+0000] {processor.py:208} INFO - Processing /opt/airflow/dags/php_dag.py took 0.075 seconds
[2025-11-15T21:45:29.218+0000] {processor.py:186} INFO - Started process (PID=200) to work on /opt/airflow/dags/php_dag.py
[2025-11-15T21:45:29.219+0000] {processor.py:914} INFO - Processing file /opt/airflow/dags/php_dag.py for tasks to queue
[2025-11-15T21:45:29.220+0000] {logging_mixin.py:190} INFO - [2025-11-15T21:45:29.220+0000] {dagbag.py:587} INFO - Filling up the DagBag from /opt/airflow/dags/php_dag.py
[2025-11-15T21:45:29.230+0000] {processor.py:925} INFO - DAG(s) 'rodar_script_php' retrieved from /opt/airflow/dags/php_dag.py
[2025-11-15T21:45:29.249+0000] {logging_mixin.py:190} INFO - [2025-11-15T21:45:29.249+0000] {dag.py:3229} INFO - Sync 1 DAGs
[2025-11-15T21:45:29.268+0000] {logging_mixin.py:190} INFO - [2025-11-15T21:45:29.267+0000] {dag.py:4156} INFO - Setting next_dagrun for rodar_script_php to 2025-11-15 00:00:00+00:00, run_after=2025-11-16 00:00:00+00:00
[2025-11-15T21:45:29.279+0000] {processor.py:208} INFO - Processing /opt/airflow/dags/php_dag.py took 0.065 seconds
[2025-11-15T21:45:59.377+0000] {processor.py:186} INFO - Started process (PID=213) to work on /opt/airflow/dags/php_dag.py
[2025-11-15T21:45:59.378+0000] {processor.py:914} INFO - Processing file /opt/airflow/dags/php_dag.py for tasks to queue
[2025-11-15T21:45:59.380+0000] {logging_mixin.py:190} INFO - [2025-11-15T21:45:59.380+0000] {dagbag.py:587} INFO - Filling up the DagBag from /opt/airflow/dags/php_dag.py
[2025-11-15T21:45:59.390+0000] {processor.py:925} INFO - DAG(s) 'rodar_script_php' retrieved from /opt/airflow/dags/php_dag.py
[2025-11-15T21:45:59.409+0000] {logging_mixin.py:190} INFO - [2025-11-15T21:45:59.409+0000] {dag.py:3229} INFO - Sync 1 DAGs
[2025-11-15T21:45:59.426+0000] {logging_mixin.py:190} INFO - [2025-11-15T21:45:59.426+0000] {dag.py:4156} INFO - Setting next_dagrun for rodar_script_php to 2025-11-15 00:00:00+00:00, run_after=2025-11-16 00:00:00+00:00
[2025-11-15T21:45:59.439+0000] {processor.py:208} INFO - Processing /opt/airflow/dags/php_dag.py took 0.066 seconds
[2025-11-15T21:46:29.580+0000] {processor.py:186} INFO - Started process (PID=226) to work on /opt/airflow/dags/php_dag.py
[2025-11-15T21:46:29.584+0000] {processor.py:914} INFO - Processing file /opt/airflow/dags/php_dag.py for tasks to queue
[2025-11-15T21:46:29.586+0000] {logging_mixin.py:190} INFO - [2025-11-15T21:46:29.586+0000] {dagbag.py:587} INFO - Filling up the DagBag from /opt/airflow/dags/php_dag.py
[2025-11-15T21:46:29.596+0000] {processor.py:925} INFO - DAG(s) 'rodar_script_php' retrieved from /opt/airflow/dags/php_dag.py
[2025-11-15T21:46:29.616+0000] {logging_mixin.py:190} INFO - [2025-11-15T21:46:29.616+0000] {dag.py:3229} INFO - Sync 1 DAGs
[2025-11-15T21:46:29.635+0000] {logging_mixin.py:190} INFO - [2025-11-15T21:46:29.634+0000] {dag.py:4156} INFO - Setting next_dagrun for rodar_script_php to 2025-11-15 00:00:00+00:00, run_after=2025-11-16 00:00:00+00:00
[2025-11-15T21:46:29.792+0000] {processor.py:208} INFO - Processing /opt/airflow/dags/php_dag.py took 0.216 seconds
[2025-11-15T21:46:59.965+0000] {processor.py:186} INFO - Started process (PID=239) to work on /opt/airflow/dags/php_dag.py
[2025-11-15T21:46:59.966+0000] {processor.py:914} INFO - Processing file /opt/airflow/dags/php_dag.py for tasks to queue
[2025-11-15T21:46:59.968+0000] {logging_mixin.py:190} INFO - [2025-11-15T21:46:59.968+0000] {dagbag.py:587} INFO - Filling up the DagBag from /opt/airflow/dags/php_dag.py
[2025-11-15T21:46:59.977+0000] {processor.py:925} INFO - DAG(s) 'rodar_script_php' retrieved from /opt/airflow/dags/php_dag.py
[2025-11-15T21:46:59.997+0000] {logging_mixin.py:190} INFO - [2025-11-15T21:46:59.996+0000] {dag.py:3229} INFO - Sync 1 DAGs
[2025-11-15T21:47:00.160+0000] {logging_mixin.py:190} INFO - [2025-11-15T21:47:00.159+0000] {dag.py:4156} INFO - Setting next_dagrun for rodar_script_php to 2025-11-15 00:00:00+00:00, run_after=2025-11-16 00:00:00+00:00
[2025-11-15T21:47:00.170+0000] {processor.py:208} INFO - Processing /opt/airflow/dags/php_dag.py took 0.210 seconds
[2025-11-15T21:47:30.341+0000] {processor.py:186} INFO - Started process (PID=249) to work on /opt/airflow/dags/php_dag.py
[2025-11-15T21:47:30.343+0000] {processor.py:914} INFO - Processing file /opt/airflow/dags/php_dag.py for tasks to queue
[2025-11-15T21:47:30.345+0000] {logging_mixin.py:190} INFO - [2025-11-15T21:47:30.345+0000] {dagbag.py:587} INFO - Filling up the DagBag from /opt/airflow/dags/php_dag.py
[2025-11-15T21:47:30.355+0000] {processor.py:925} INFO - DAG(s) 'rodar_script_php' retrieved from /opt/airflow/dags/php_dag.py
[2025-11-15T21:47:30.378+0000] {logging_mixin.py:190} INFO - [2025-11-15T21:47:30.378+0000] {dag.py:3229} INFO - Sync 1 DAGs
[2025-11-15T21:47:30.548+0000] {logging_mixin.py:190} INFO - [2025-11-15T21:47:30.548+0000] {dag.py:4156} INFO - Setting next_dagrun for rodar_script_php to 2025-11-15 00:00:00+00:00, run_after=2025-11-16 00:00:00+00:00
[2025-11-15T21:47:30.569+0000] {processor.py:208} INFO - Processing /opt/airflow/dags/php_dag.py took 0.233 seconds
[2025-11-15T21:48:00.724+0000] {processor.py:186} INFO - Started process (PID=259) to work on /opt/airflow/dags/php_dag.py
[2025-11-15T21:48:00.727+0000] {processor.py:914} INFO - Processing file /opt/airflow/dags/php_dag.py for tasks to queue
[2025-11-15T21:48:00.729+0000] {logging_mixin.py:190} INFO - [2025-11-15T21:48:00.728+0000] {dagbag.py:587} INFO - Filling up the DagBag from /opt/airflow/dags/php_dag.py
[2025-11-15T21:48:00.739+0000] {processor.py:925} INFO - DAG(s) 'rodar_script_php' retrieved from /opt/airflow/dags/php_dag.py
[2025-11-15T21:48:00.915+0000] {logging_mixin.py:190} INFO - [2025-11-15T21:48:00.915+0000] {dag.py:3229} INFO - Sync 1 DAGs
[2025-11-15T21:48:00.931+0000] {logging_mixin.py:190} INFO - [2025-11-15T21:48:00.931+0000] {dag.py:4156} INFO - Setting next_dagrun for rodar_script_php to 2025-11-15 00:00:00+00:00, run_after=2025-11-16 00:00:00+00:00
[2025-11-15T21:48:00.943+0000] {processor.py:208} INFO - Processing /opt/airflow/dags/php_dag.py took 0.224 seconds
[2025-11-15T21:48:31.235+0000] {processor.py:186} INFO - Started process (PID=269) to work on /opt/airflow/dags/php_dag.py
[2025-11-15T21:48:31.236+0000] {processor.py:914} INFO - Processing file /opt/airflow/dags/php_dag.py for tasks to queue
[2025-11-15T21:48:31.238+0000] {logging_mixin.py:190} INFO - [2025-11-15T21:48:31.238+0000] {dagbag.py:587} INFO - Filling up the DagBag from /opt/airflow/dags/php_dag.py
[2025-11-15T21:48:31.249+0000] {processor.py:925} INFO - DAG(s) 'rodar_script_php' retrieved from /opt/airflow/dags/php_dag.py
[2025-11-15T21:48:31.270+0000] {logging_mixin.py:190} INFO - [2025-11-15T21:48:31.270+0000] {dag.py:3229} INFO - Sync 1 DAGs
[2025-11-15T21:48:31.290+0000] {logging_mixin.py:190} INFO - [2025-11-15T21:48:31.290+0000] {dag.py:4156} INFO - Setting next_dagrun for rodar_script_php to 2025-11-15 00:00:00+00:00, run_after=2025-11-16 00:00:00+00:00
[2025-11-15T21:48:31.304+0000] {processor.py:208} INFO - Processing /opt/airflow/dags/php_dag.py took 0.076 seconds
[2025-11-15T21:49:01.381+0000] {processor.py:186} INFO - Started process (PID=279) to work on /opt/airflow/dags/php_dag.py
[2025-11-15T21:49:01.382+0000] {processor.py:914} INFO - Processing file /opt/airflow/dags/php_dag.py for tasks to queue
[2025-11-15T21:49:01.384+0000] {logging_mixin.py:190} INFO - [2025-11-15T21:49:01.383+0000] {dagbag.py:587} INFO - Filling up the DagBag from /opt/airflow/dags/php_dag.py
[2025-11-15T21:49:01.394+0000] {processor.py:925} INFO - DAG(s) 'rodar_script_php' retrieved from /opt/airflow/dags/php_dag.py
[2025-11-15T21:49:01.413+0000] {logging_mixin.py:190} INFO - [2025-11-15T21:49:01.413+0000] {dag.py:3229} INFO - Sync 1 DAGs
[2025-11-15T21:49:01.432+0000] {logging_mixin.py:190} INFO - [2025-11-15T21:49:01.431+0000] {dag.py:4156} INFO - Setting next_dagrun for rodar_script_php to 2025-11-15 00:00:00+00:00, run_after=2025-11-16 00:00:00+00:00
[2025-11-15T21:49:01.446+0000] {processor.py:208} INFO - Processing /opt/airflow/dags/php_dag.py took 0.070 seconds
[2025-11-15T21:49:31.591+0000] {processor.py:186} INFO - Started process (PID=289) to work on /opt/airflow/dags/php_dag.py
[2025-11-15T21:49:31.591+0000] {processor.py:914} INFO - Processing file /opt/airflow/dags/php_dag.py for tasks to queue
[2025-11-15T21:49:31.594+0000] {logging_mixin.py:190} INFO - [2025-11-15T21:49:31.594+0000] {dagbag.py:587} INFO - Filling up the DagBag from /opt/airflow/dags/php_dag.py
[2025-11-15T21:49:31.604+0000] {processor.py:925} INFO - DAG(s) 'rodar_script_php' retrieved from /opt/airflow/dags/php_dag.py
[2025-11-15T21:49:31.624+0000] {logging_mixin.py:190} INFO - [2025-11-15T21:49:31.623+0000] {dag.py:3229} INFO - Sync 1 DAGs
[2025-11-15T21:49:31.643+0000] {logging_mixin.py:190} INFO - [2025-11-15T21:49:31.643+0000] {dag.py:4156} INFO - Setting next_dagrun for rodar_script_php to 2025-11-15 00:00:00+00:00, run_after=2025-11-16 00:00:00+00:00
[2025-11-15T21:49:31.656+0000] {processor.py:208} INFO - Processing /opt/airflow/dags/php_dag.py took 0.070 seconds
[2025-11-15T21:50:01.745+0000] {processor.py:186} INFO - Started process (PID=299) to work on /opt/airflow/dags/php_dag.py
[2025-11-15T21:50:01.746+0000] {processor.py:914} INFO - Processing file /opt/airflow/dags/php_dag.py for tasks to queue
[2025-11-15T21:50:01.748+0000] {logging_mixin.py:190} INFO - [2025-11-15T21:50:01.748+0000] {dagbag.py:587} INFO - Filling up the DagBag from /opt/airflow/dags/php_dag.py
[2025-11-15T21:50:01.759+0000] {processor.py:925} INFO - DAG(s) 'rodar_script_php' retrieved from /opt/airflow/dags/php_dag.py
[2025-11-15T21:50:01.778+0000] {logging_mixin.py:190} INFO - [2025-11-15T21:50:01.778+0000] {dag.py:3229} INFO - Sync 1 DAGs
[2025-11-15T21:50:01.797+0000] {logging_mixin.py:190} INFO - [2025-11-15T21:50:01.797+0000] {dag.py:4156} INFO - Setting next_dagrun for rodar_script_php to 2025-11-15 00:00:00+00:00, run_after=2025-11-16 00:00:00+00:00
[2025-11-15T21:50:01.809+0000] {processor.py:208} INFO - Processing /opt/airflow/dags/php_dag.py took 0.070 seconds
[2025-11-15T21:50:31.951+0000] {processor.py:186} INFO - Started process (PID=309) to work on /opt/airflow/dags/php_dag.py
[2025-11-15T21:50:31.951+0000] {processor.py:914} INFO - Processing file /opt/airflow/dags/php_dag.py for tasks to queue
[2025-11-15T21:50:31.953+0000] {logging_mixin.py:190} INFO - [2025-11-15T21:50:31.953+0000] {dagbag.py:587} INFO - Filling up the DagBag from /opt/airflow/dags/php_dag.py
[2025-11-15T21:50:31.963+0000] {processor.py:925} INFO - DAG(s) 'rodar_script_php' retrieved from /opt/airflow/dags/php_dag.py
[2025-11-15T21:50:31.983+0000] {logging_mixin.py:190} INFO - [2025-11-15T21:50:31.983+0000] {dag.py:3229} INFO - Sync 1 DAGs
[2025-11-15T21:50:32.003+0000] {logging_mixin.py:190} INFO - [2025-11-15T21:50:32.003+0000] {dag.py:4156} INFO - Setting next_dagrun for rodar_script_php to 2025-11-15 00:00:00+00:00, run_after=2025-11-16 00:00:00+00:00
[2025-11-15T21:50:32.017+0000] {processor.py:208} INFO - Processing /opt/airflow/dags/php_dag.py took 0.072 seconds
[2025-11-15T21:51:02.101+0000] {processor.py:186} INFO - Started process (PID=319) to work on /opt/airflow/dags/php_dag.py
[2025-11-15T21:51:02.101+0000] {processor.py:914} INFO - Processing file /opt/airflow/dags/php_dag.py for tasks to queue
[2025-11-15T21:51:02.104+0000] {logging_mixin.py:190} INFO - [2025-11-15T21:51:02.103+0000] {dagbag.py:587} INFO - Filling up the DagBag from /opt/airflow/dags/php_dag.py
[2025-11-15T21:51:02.113+0000] {processor.py:925} INFO - DAG(s) 'rodar_script_php' retrieved from /opt/airflow/dags/php_dag.py
[2025-11-15T21:51:02.133+0000] {logging_mixin.py:190} INFO - [2025-11-15T21:51:02.133+0000] {dag.py:3229} INFO - Sync 1 DAGs
[2025-11-15T21:51:02.152+0000] {logging_mixin.py:190} INFO - [2025-11-15T21:51:02.152+0000] {dag.py:4156} INFO - Setting next_dagrun for rodar_script_php to 2025-11-15 00:00:00+00:00, run_after=2025-11-16 00:00:00+00:00
[2025-11-15T21:51:02.165+0000] {processor.py:208} INFO - Processing /opt/airflow/dags/php_dag.py took 0.069 seconds
[2025-11-15T21:51:32.304+0000] {processor.py:186} INFO - Started process (PID=329) to work on /opt/airflow/dags/php_dag.py
[2025-11-15T21:51:32.305+0000] {processor.py:914} INFO - Processing file /opt/airflow/dags/php_dag.py for tasks to queue
[2025-11-15T21:51:32.308+0000] {logging_mixin.py:190} INFO - [2025-11-15T21:51:32.307+0000] {dagbag.py:587} INFO - Filling up the DagBag from /opt/airflow/dags/php_dag.py
[2025-11-15T21:51:32.318+0000] {processor.py:925} INFO - DAG(s) 'rodar_script_php' retrieved from /opt/airflow/dags/php_dag.py
[2025-11-15T21:51:32.338+0000] {logging_mixin.py:190} INFO - [2025-11-15T21:51:32.337+0000] {dag.py:3229} INFO - Sync 1 DAGs
[2025-11-15T21:51:32.356+0000] {logging_mixin.py:190} INFO - [2025-11-15T21:51:32.356+0000] {dag.py:4156} INFO - Setting next_dagrun for rodar_script_php to 2025-11-15 00:00:00+00:00, run_after=2025-11-16 00:00:00+00:00
[2025-11-15T21:51:32.369+0000] {processor.py:208} INFO - Processing /opt/airflow/dags/php_dag.py took 0.069 seconds
[2025-11-15T21:52:02.466+0000] {processor.py:186} INFO - Started process (PID=339) to work on /opt/airflow/dags/php_dag.py
[2025-11-15T21:52:02.469+0000] {processor.py:914} INFO - Processing file /opt/airflow/dags/php_dag.py for tasks to queue
[2025-11-15T21:52:02.471+0000] {logging_mixin.py:190} INFO - [2025-11-15T21:52:02.471+0000] {dagbag.py:587} INFO - Filling up the DagBag from /opt/airflow/dags/php_dag.py
[2025-11-15T21:52:02.482+0000] {processor.py:925} INFO - DAG(s) 'rodar_script_php' retrieved from /opt/airflow/dags/php_dag.py
[2025-11-15T21:52:02.502+0000] {logging_mixin.py:190} INFO - [2025-11-15T21:52:02.502+0000] {dag.py:3229} INFO - Sync 1 DAGs
[2025-11-15T21:52:02.521+0000] {logging_mixin.py:190} INFO - [2025-11-15T21:52:02.520+0000] {dag.py:4156} INFO - Setting next_dagrun for rodar_script_php to 2025-11-15 00:00:00+00:00, run_after=2025-11-16 00:00:00+00:00
[2025-11-15T21:52:02.533+0000] {processor.py:208} INFO - Processing /opt/airflow/dags/php_dag.py took 0.072 seconds
[2025-11-15T21:52:32.724+0000] {processor.py:186} INFO - Started process (PID=349) to work on /opt/airflow/dags/php_dag.py
[2025-11-15T21:52:32.725+0000] {processor.py:914} INFO - Processing file /opt/airflow/dags/php_dag.py for tasks to queue
[2025-11-15T21:52:32.727+0000] {logging_mixin.py:190} INFO - [2025-11-15T21:52:32.727+0000] {dagbag.py:587} INFO - Filling up the DagBag from /opt/airflow/dags/php_dag.py
[2025-11-15T21:52:32.737+0000] {processor.py:925} INFO - DAG(s) 'rodar_script_php' retrieved from /opt/airflow/dags/php_dag.py
[2025-11-15T21:52:32.754+0000] {logging_mixin.py:190} INFO - [2025-11-15T21:52:32.754+0000] {dag.py:3229} INFO - Sync 1 DAGs
[2025-11-15T21:52:32.774+0000] {logging_mixin.py:190} INFO - [2025-11-15T21:52:32.773+0000] {dag.py:4156} INFO - Setting next_dagrun for rodar_script_php to 2025-11-15 00:00:00+00:00, run_after=2025-11-16 00:00:00+00:00
[2025-11-15T21:52:32.785+0000] {processor.py:208} INFO - Processing /opt/airflow/dags/php_dag.py took 0.065 seconds
[2025-11-15T21:53:02.921+0000] {processor.py:186} INFO - Started process (PID=359) to work on /opt/airflow/dags/php_dag.py
[2025-11-15T21:53:02.922+0000] {processor.py:914} INFO - Processing file /opt/airflow/dags/php_dag.py for tasks to queue
[2025-11-15T21:53:02.924+0000] {logging_mixin.py:190} INFO - [2025-11-15T21:53:02.924+0000] {dagbag.py:587} INFO - Filling up the DagBag from /opt/airflow/dags/php_dag.py
[2025-11-15T21:53:02.936+0000] {processor.py:925} INFO - DAG(s) 'rodar_script_php' retrieved from /opt/airflow/dags/php_dag.py
[2025-11-15T21:53:02.958+0000] {logging_mixin.py:190} INFO - [2025-11-15T21:53:02.958+0000] {dag.py:3229} INFO - Sync 1 DAGs
[2025-11-15T21:53:02.978+0000] {logging_mixin.py:190} INFO - [2025-11-15T21:53:02.977+0000] {dag.py:4156} INFO - Setting next_dagrun for rodar_script_php to 2025-11-15 00:00:00+00:00, run_after=2025-11-16 00:00:00+00:00
[2025-11-15T21:53:02.991+0000] {processor.py:208} INFO - Processing /opt/airflow/dags/php_dag.py took 0.075 seconds
[2025-11-15T21:53:33.107+0000] {processor.py:186} INFO - Started process (PID=369) to work on /opt/airflow/dags/php_dag.py
[2025-11-15T21:53:33.108+0000] {processor.py:914} INFO - Processing file /opt/airflow/dags/php_dag.py for tasks to queue
[2025-11-15T21:53:33.112+0000] {logging_mixin.py:190} INFO - [2025-11-15T21:53:33.111+0000] {dagbag.py:587} INFO - Filling up the DagBag from /opt/airflow/dags/php_dag.py
[2025-11-15T21:53:33.122+0000] {processor.py:925} INFO - DAG(s) 'rodar_script_php' retrieved from /opt/airflow/dags/php_dag.py
[2025-11-15T21:53:33.143+0000] {logging_mixin.py:190} INFO - [2025-11-15T21:53:33.143+0000] {dag.py:3229} INFO - Sync 1 DAGs
[2025-11-15T21:53:33.163+0000] {logging_mixin.py:190} INFO - [2025-11-15T21:53:33.163+0000] {dag.py:4156} INFO - Setting next_dagrun for rodar_script_php to 2025-11-15 00:00:00+00:00, run_after=2025-11-16 00:00:00+00:00
[2025-11-15T21:53:33.176+0000] {processor.py:208} INFO - Processing /opt/airflow/dags/php_dag.py took 0.074 seconds
[2025-11-15T21:54:03.279+0000] {processor.py:186} INFO - Started process (PID=379) to work on /opt/airflow/dags/php_dag.py
[2025-11-15T21:54:03.280+0000] {processor.py:914} INFO - Processing file /opt/airflow/dags/php_dag.py for tasks to queue
[2025-11-15T21:54:03.283+0000] {logging_mixin.py:190} INFO - [2025-11-15T21:54:03.283+0000] {dagbag.py:587} INFO - Filling up the DagBag from /opt/airflow/dags/php_dag.py
[2025-11-15T21:54:03.294+0000] {processor.py:925} INFO - DAG(s) 'rodar_script_php' retrieved from /opt/airflow/dags/php_dag.py
[2025-11-15T21:54:03.314+0000] {logging_mixin.py:190} INFO - [2025-11-15T21:54:03.313+0000] {dag.py:3229} INFO - Sync 1 DAGs
[2025-11-15T21:54:03.333+0000] {logging_mixin.py:190} INFO - [2025-11-15T21:54:03.332+0000] {dag.py:4156} INFO - Setting next_dagrun for rodar_script_php to 2025-11-15 00:00:00+00:00, run_after=2025-11-16 00:00:00+00:00
[2025-11-15T21:54:03.345+0000] {processor.py:208} INFO - Processing /opt/airflow/dags/php_dag.py took 0.071 seconds
[2025-11-15T21:54:33.501+0000] {processor.py:186} INFO - Started process (PID=389) to work on /opt/airflow/dags/php_dag.py
[2025-11-15T21:54:33.502+0000] {processor.py:914} INFO - Processing file /opt/airflow/dags/php_dag.py for tasks to queue
[2025-11-15T21:54:33.504+0000] {logging_mixin.py:190} INFO - [2025-11-15T21:54:33.504+0000] {dagbag.py:587} INFO - Filling up the DagBag from /opt/airflow/dags/php_dag.py
[2025-11-15T21:54:33.513+0000] {processor.py:925} INFO - DAG(s) 'rodar_script_php' retrieved from /opt/airflow/dags/php_dag.py
[2025-11-15T21:54:33.532+0000] {logging_mixin.py:190} INFO - [2025-11-15T21:54:33.531+0000] {dag.py:3229} INFO - Sync 1 DAGs
[2025-11-15T21:54:33.549+0000] {logging_mixin.py:190} INFO - [2025-11-15T21:54:33.549+0000] {dag.py:4156} INFO - Setting next_dagrun for rodar_script_php to 2025-11-15 00:00:00+00:00, run_after=2025-11-16 00:00:00+00:00
[2025-11-15T21:54:33.564+0000] {processor.py:208} INFO - Processing /opt/airflow/dags/php_dag.py took 0.067 seconds
[2025-11-15T21:55:03.714+0000] {processor.py:186} INFO - Started process (PID=399) to work on /opt/airflow/dags/php_dag.py
[2025-11-15T21:55:03.715+0000] {processor.py:914} INFO - Processing file /opt/airflow/dags/php_dag.py for tasks to queue
[2025-11-15T21:55:03.717+0000] {logging_mixin.py:190} INFO - [2025-11-15T21:55:03.717+0000] {dagbag.py:587} INFO - Filling up the DagBag from /opt/airflow/dags/php_dag.py
[2025-11-15T21:55:03.727+0000] {processor.py:925} INFO - DAG(s) 'rodar_script_php' retrieved from /opt/airflow/dags/php_dag.py
[2025-11-15T21:55:03.749+0000] {logging_mixin.py:190} INFO - [2025-11-15T21:55:03.749+0000] {dag.py:3229} INFO - Sync 1 DAGs
[2025-11-15T21:55:03.766+0000] {logging_mixin.py:190} INFO - [2025-11-15T21:55:03.766+0000] {dag.py:4156} INFO - Setting next_dagrun for rodar_script_php to 2025-11-15 00:00:00+00:00, run_after=2025-11-16 00:00:00+00:00
[2025-11-15T21:55:03.778+0000] {processor.py:208} INFO - Processing /opt/airflow/dags/php_dag.py took 0.069 seconds
[2025-11-15T21:55:33.928+0000] {processor.py:186} INFO - Started process (PID=409) to work on /opt/airflow/dags/php_dag.py
[2025-11-15T21:55:33.929+0000] {processor.py:914} INFO - Processing file /opt/airflow/dags/php_dag.py for tasks to queue
[2025-11-15T21:55:33.931+0000] {logging_mixin.py:190} INFO - [2025-11-15T21:55:33.931+0000] {dagbag.py:587} INFO - Filling up the DagBag from /opt/airflow/dags/php_dag.py
[2025-11-15T21:55:33.943+0000] {processor.py:925} INFO - DAG(s) 'rodar_script_php' retrieved from /opt/airflow/dags/php_dag.py
[2025-11-15T21:55:33.964+0000] {logging_mixin.py:190} INFO - [2025-11-15T21:55:33.964+0000] {dag.py:3229} INFO - Sync 1 DAGs
[2025-11-15T21:55:33.984+0000] {logging_mixin.py:190} INFO - [2025-11-15T21:55:33.983+0000] {dag.py:4156} INFO - Setting next_dagrun for rodar_script_php to 2025-11-15 00:00:00+00:00, run_after=2025-11-16 00:00:00+00:00
[2025-11-15T21:55:33.996+0000] {processor.py:208} INFO - Processing /opt/airflow/dags/php_dag.py took 0.074 seconds
[2025-11-15T21:56:04.191+0000] {processor.py:186} INFO - Started process (PID=419) to work on /opt/airflow/dags/php_dag.py
[2025-11-15T21:56:04.195+0000] {processor.py:914} INFO - Processing file /opt/airflow/dags/php_dag.py for tasks to queue
[2025-11-15T21:56:04.196+0000] {logging_mixin.py:190} INFO - [2025-11-15T21:56:04.196+0000] {dagbag.py:587} INFO - Filling up the DagBag from /opt/airflow/dags/php_dag.py
[2025-11-15T21:56:04.208+0000] {processor.py:925} INFO - DAG(s) 'rodar_script_php' retrieved from /opt/airflow/dags/php_dag.py
[2025-11-15T21:56:04.228+0000] {logging_mixin.py:190} INFO - [2025-11-15T21:56:04.228+0000] {dag.py:3229} INFO - Sync 1 DAGs
[2025-11-15T21:56:04.245+0000] {logging_mixin.py:190} INFO - [2025-11-15T21:56:04.245+0000] {dag.py:4156} INFO - Setting next_dagrun for rodar_script_php to 2025-11-15 00:00:00+00:00, run_after=2025-11-16 00:00:00+00:00
[2025-11-15T21:56:04.258+0000] {processor.py:208} INFO - Processing /opt/airflow/dags/php_dag.py took 0.072 seconds
[2025-11-15T21:56:34.456+0000] {processor.py:186} INFO - Started process (PID=429) to work on /opt/airflow/dags/php_dag.py
[2025-11-15T21:56:34.456+0000] {processor.py:914} INFO - Processing file /opt/airflow/dags/php_dag.py for tasks to queue
[2025-11-15T21:56:34.458+0000] {logging_mixin.py:190} INFO - [2025-11-15T21:56:34.458+0000] {dagbag.py:587} INFO - Filling up the DagBag from /opt/airflow/dags/php_dag.py
[2025-11-15T21:56:34.466+0000] {processor.py:925} INFO - DAG(s) 'rodar_script_php' retrieved from /opt/airflow/dags/php_dag.py
[2025-11-15T21:56:34.484+0000] {logging_mixin.py:190} INFO - [2025-11-15T21:56:34.483+0000] {dag.py:3229} INFO - Sync 1 DAGs
[2025-11-15T21:56:34.500+0000] {logging_mixin.py:190} INFO - [2025-11-15T21:56:34.500+0000] {dag.py:4156} INFO - Setting next_dagrun for rodar_script_php to 2025-11-15 00:00:00+00:00, run_after=2025-11-16 00:00:00+00:00
[2025-11-15T21:56:34.512+0000] {processor.py:208} INFO - Processing /opt/airflow/dags/php_dag.py took 0.061 seconds
[2025-11-15T21:57:04.691+0000] {processor.py:186} INFO - Started process (PID=439) to work on /opt/airflow/dags/php_dag.py
[2025-11-15T21:57:04.695+0000] {processor.py:914} INFO - Processing file /opt/airflow/dags/php_dag.py for tasks to queue
[2025-11-15T21:57:04.697+0000] {logging_mixin.py:190} INFO - [2025-11-15T21:57:04.697+0000] {dagbag.py:587} INFO - Filling up the DagBag from /opt/airflow/dags/php_dag.py
[2025-11-15T21:57:04.705+0000] {processor.py:925} INFO - DAG(s) 'rodar_script_php' retrieved from /opt/airflow/dags/php_dag.py
[2025-11-15T21:57:04.723+0000] {logging_mixin.py:190} INFO - [2025-11-15T21:57:04.723+0000] {dag.py:3229} INFO - Sync 1 DAGs
[2025-11-15T21:57:04.740+0000] {logging_mixin.py:190} INFO - [2025-11-15T21:57:04.740+0000] {dag.py:4156} INFO - Setting next_dagrun for rodar_script_php to 2025-11-15 00:00:00+00:00, run_after=2025-11-16 00:00:00+00:00
[2025-11-15T21:57:04.753+0000] {processor.py:208} INFO - Processing /opt/airflow/dags/php_dag.py took 0.066 seconds
[2025-11-15T21:57:35.009+0000] {processor.py:186} INFO - Started process (PID=449) to work on /opt/airflow/dags/php_dag.py
[2025-11-15T21:57:35.013+0000] {processor.py:914} INFO - Processing file /opt/airflow/dags/php_dag.py for tasks to queue
[2025-11-15T21:57:35.015+0000] {logging_mixin.py:190} INFO - [2025-11-15T21:57:35.015+0000] {dagbag.py:587} INFO - Filling up the DagBag from /opt/airflow/dags/php_dag.py
[2025-11-15T21:57:35.024+0000] {processor.py:925} INFO - DAG(s) 'rodar_script_php' retrieved from /opt/airflow/dags/php_dag.py
[2025-11-15T21:57:35.043+0000] {logging_mixin.py:190} INFO - [2025-11-15T21:57:35.043+0000] {dag.py:3229} INFO - Sync 1 DAGs
[2025-11-15T21:57:35.062+0000] {logging_mixin.py:190} INFO - [2025-11-15T21:57:35.062+0000] {dag.py:4156} INFO - Setting next_dagrun for rodar_script_php to 2025-11-15 00:00:00+00:00, run_after=2025-11-16 00:00:00+00:00
[2025-11-15T21:57:35.076+0000] {processor.py:208} INFO - Processing /opt/airflow/dags/php_dag.py took 0.072 seconds
[2025-11-15T21:58:05.198+0000] {processor.py:186} INFO - Started process (PID=459) to work on /opt/airflow/dags/php_dag.py
[2025-11-15T21:58:05.199+0000] {processor.py:914} INFO - Processing file /opt/airflow/dags/php_dag.py for tasks to queue
[2025-11-15T21:58:05.200+0000] {logging_mixin.py:190} INFO - [2025-11-15T21:58:05.200+0000] {dagbag.py:587} INFO - Filling up the DagBag from /opt/airflow/dags/php_dag.py
[2025-11-15T21:58:05.209+0000] {processor.py:925} INFO - DAG(s) 'rodar_script_php' retrieved from /opt/airflow/dags/php_dag.py
[2025-11-15T21:58:05.225+0000] {logging_mixin.py:190} INFO - [2025-11-15T21:58:05.225+0000] {dag.py:3229} INFO - Sync 1 DAGs
[2025-11-15T21:58:05.243+0000] {logging_mixin.py:190} INFO - [2025-11-15T21:58:05.243+0000] {dag.py:4156} INFO - Setting next_dagrun for rodar_script_php to 2025-11-15 00:00:00+00:00, run_after=2025-11-16 00:00:00+00:00
[2025-11-15T21:58:05.256+0000] {processor.py:208} INFO - Processing /opt/airflow/dags/php_dag.py took 0.063 seconds
[2025-11-15T21:58:35.421+0000] {processor.py:186} INFO - Started process (PID=469) to work on /opt/airflow/dags/php_dag.py
[2025-11-15T21:58:35.425+0000] {processor.py:914} INFO - Processing file /opt/airflow/dags/php_dag.py for tasks to queue
[2025-11-15T21:58:35.427+0000] {logging_mixin.py:190} INFO - [2025-11-15T21:58:35.427+0000] {dagbag.py:587} INFO - Filling up the DagBag from /opt/airflow/dags/php_dag.py
[2025-11-15T21:58:35.436+0000] {processor.py:925} INFO - DAG(s) 'rodar_script_php' retrieved from /opt/airflow/dags/php_dag.py
[2025-11-15T21:58:35.455+0000] {logging_mixin.py:190} INFO - [2025-11-15T21:58:35.455+0000] {dag.py:3229} INFO - Sync 1 DAGs
[2025-11-15T21:58:35.474+0000] {logging_mixin.py:190} INFO - [2025-11-15T21:58:35.474+0000] {dag.py:4156} INFO - Setting next_dagrun for rodar_script_php to 2025-11-15 00:00:00+00:00, run_after=2025-11-16 00:00:00+00:00
[2025-11-15T21:58:35.488+0000] {processor.py:208} INFO - Processing /opt/airflow/dags/php_dag.py took 0.071 seconds
[2025-11-15T21:59:05.636+0000] {processor.py:186} INFO - Started process (PID=479) to work on /opt/airflow/dags/php_dag.py
[2025-11-15T21:59:05.637+0000] {processor.py:914} INFO - Processing file /opt/airflow/dags/php_dag.py for tasks to queue
[2025-11-15T21:59:05.639+0000] {logging_mixin.py:190} INFO - [2025-11-15T21:59:05.638+0000] {dagbag.py:587} INFO - Filling up the DagBag from /opt/airflow/dags/php_dag.py
[2025-11-15T21:59:05.647+0000] {processor.py:925} INFO - DAG(s) 'rodar_script_php' retrieved from /opt/airflow/dags/php_dag.py
[2025-11-15T21:59:05.666+0000] {logging_mixin.py:190} INFO - [2025-11-15T21:59:05.666+0000] {dag.py:3229} INFO - Sync 1 DAGs
[2025-11-15T21:59:05.685+0000] {logging_mixin.py:190} INFO - [2025-11-15T21:59:05.685+0000] {dag.py:4156} INFO - Setting next_dagrun for rodar_script_php to 2025-11-15 00:00:00+00:00, run_after=2025-11-16 00:00:00+00:00
[2025-11-15T21:59:05.697+0000] {processor.py:208} INFO - Processing /opt/airflow/dags/php_dag.py took 0.065 seconds
[2025-11-15T21:59:35.952+0000] {processor.py:186} INFO - Started process (PID=489) to work on /opt/airflow/dags/php_dag.py
[2025-11-15T21:59:35.952+0000] {processor.py:914} INFO - Processing file /opt/airflow/dags/php_dag.py for tasks to queue
[2025-11-15T21:59:35.954+0000] {logging_mixin.py:190} INFO - [2025-11-15T21:59:35.954+0000] {dagbag.py:587} INFO - Filling up the DagBag from /opt/airflow/dags/php_dag.py
[2025-11-15T21:59:35.962+0000] {processor.py:925} INFO - DAG(s) 'rodar_script_php' retrieved from /opt/airflow/dags/php_dag.py
[2025-11-15T21:59:35.979+0000] {logging_mixin.py:190} INFO - [2025-11-15T21:59:35.979+0000] {dag.py:3229} INFO - Sync 1 DAGs
[2025-11-15T21:59:35.997+0000] {logging_mixin.py:190} INFO - [2025-11-15T21:59:35.997+0000] {dag.py:4156} INFO - Setting next_dagrun for rodar_script_php to 2025-11-15 00:00:00+00:00, run_after=2025-11-16 00:00:00+00:00
[2025-11-15T21:59:36.009+0000] {processor.py:208} INFO - Processing /opt/airflow/dags/php_dag.py took 0.062 seconds
[2025-11-15T22:00:06.220+0000] {processor.py:186} INFO - Started process (PID=499) to work on /opt/airflow/dags/php_dag.py
[2025-11-15T22:00:06.221+0000] {processor.py:914} INFO - Processing file /opt/airflow/dags/php_dag.py for tasks to queue
[2025-11-15T22:00:06.223+0000] {logging_mixin.py:190} INFO - [2025-11-15T22:00:06.223+0000] {dagbag.py:587} INFO - Filling up the DagBag from /opt/airflow/dags/php_dag.py
[2025-11-15T22:00:06.231+0000] {processor.py:925} INFO - DAG(s) 'rodar_script_php' retrieved from /opt/airflow/dags/php_dag.py
[2025-11-15T22:00:06.248+0000] {logging_mixin.py:190} INFO - [2025-11-15T22:00:06.248+0000] {dag.py:3229} INFO - Sync 1 DAGs
[2025-11-15T22:00:06.268+0000] {logging_mixin.py:190} INFO - [2025-11-15T22:00:06.268+0000] {dag.py:4156} INFO - Setting next_dagrun for rodar_script_php to 2025-11-15 00:00:00+00:00, run_after=2025-11-16 00:00:00+00:00
[2025-11-15T22:00:06.283+0000] {processor.py:208} INFO - Processing /opt/airflow/dags/php_dag.py took 0.067 seconds
[2025-11-15T22:00:36.455+0000] {processor.py:186} INFO - Started process (PID=509) to work on /opt/airflow/dags/php_dag.py
[2025-11-15T22:00:36.456+0000] {processor.py:914} INFO - Processing file /opt/airflow/dags/php_dag.py for tasks to queue
[2025-11-15T22:00:36.458+0000] {logging_mixin.py:190} INFO - [2025-11-15T22:00:36.458+0000] {dagbag.py:587} INFO - Filling up the DagBag from /opt/airflow/dags/php_dag.py
[2025-11-15T22:00:36.467+0000] {processor.py:925} INFO - DAG(s) 'rodar_script_php' retrieved from /opt/airflow/dags/php_dag.py
[2025-11-15T22:00:36.487+0000] {logging_mixin.py:190} INFO - [2025-11-15T22:00:36.487+0000] {dag.py:3229} INFO - Sync 1 DAGs
[2025-11-15T22:00:36.506+0000] {logging_mixin.py:190} INFO - [2025-11-15T22:00:36.506+0000] {dag.py:4156} INFO - Setting next_dagrun for rodar_script_php to 2025-11-15 00:00:00+00:00, run_after=2025-11-16 00:00:00+00:00
[2025-11-15T22:00:36.518+0000] {processor.py:208} INFO - Processing /opt/airflow/dags/php_dag.py took 0.068 seconds
[2025-11-15T22:01:06.680+0000] {processor.py:186} INFO - Started process (PID=519) to work on /opt/airflow/dags/php_dag.py
[2025-11-15T22:01:06.683+0000] {processor.py:914} INFO - Processing file /opt/airflow/dags/php_dag.py for tasks to queue
[2025-11-15T22:01:06.686+0000] {logging_mixin.py:190} INFO - [2025-11-15T22:01:06.686+0000] {dagbag.py:587} INFO - Filling up the DagBag from /opt/airflow/dags/php_dag.py
[2025-11-15T22:01:06.694+0000] {processor.py:925} INFO - DAG(s) 'rodar_script_php' retrieved from /opt/airflow/dags/php_dag.py
[2025-11-15T22:01:06.713+0000] {logging_mixin.py:190} INFO - [2025-11-15T22:01:06.713+0000] {dag.py:3229} INFO - Sync 1 DAGs
[2025-11-15T22:01:06.732+0000] {logging_mixin.py:190} INFO - [2025-11-15T22:01:06.731+0000] {dag.py:4156} INFO - Setting next_dagrun for rodar_script_php to 2025-11-15 00:00:00+00:00, run_after=2025-11-16 00:00:00+00:00
[2025-11-15T22:01:06.745+0000] {processor.py:208} INFO - Processing /opt/airflow/dags/php_dag.py took 0.069 seconds
[2025-11-15T22:01:36.874+0000] {processor.py:186} INFO - Started process (PID=529) to work on /opt/airflow/dags/php_dag.py
[2025-11-15T22:01:36.875+0000] {processor.py:914} INFO - Processing file /opt/airflow/dags/php_dag.py for tasks to queue
[2025-11-15T22:01:36.877+0000] {logging_mixin.py:190} INFO - [2025-11-15T22:01:36.876+0000] {dagbag.py:587} INFO - Filling up the DagBag from /opt/airflow/dags/php_dag.py
[2025-11-15T22:01:36.885+0000] {processor.py:925} INFO - DAG(s) 'rodar_script_php' retrieved from /opt/airflow/dags/php_dag.py
[2025-11-15T22:01:36.905+0000] {logging_mixin.py:190} INFO - [2025-11-15T22:01:36.905+0000] {dag.py:3229} INFO - Sync 1 DAGs
[2025-11-15T22:01:36.925+0000] {logging_mixin.py:190} INFO - [2025-11-15T22:01:36.925+0000] {dag.py:4156} INFO - Setting next_dagrun for rodar_script_php to 2025-11-15 00:00:00+00:00, run_after=2025-11-16 00:00:00+00:00
[2025-11-15T22:01:36.939+0000] {processor.py:208} INFO - Processing /opt/airflow/dags/php_dag.py took 0.069 seconds
[2025-11-15T22:02:07.176+0000] {processor.py:186} INFO - Started process (PID=539) to work on /opt/airflow/dags/php_dag.py
[2025-11-15T22:02:07.177+0000] {processor.py:914} INFO - Processing file /opt/airflow/dags/php_dag.py for tasks to queue
[2025-11-15T22:02:07.179+0000] {logging_mixin.py:190} INFO - [2025-11-15T22:02:07.179+0000] {dagbag.py:587} INFO - Filling up the DagBag from /opt/airflow/dags/php_dag.py
[2025-11-15T22:02:07.190+0000] {processor.py:925} INFO - DAG(s) 'rodar_script_php' retrieved from /opt/airflow/dags/php_dag.py
[2025-11-15T22:02:07.209+0000] {logging_mixin.py:190} INFO - [2025-11-15T22:02:07.209+0000] {dag.py:3229} INFO - Sync 1 DAGs
[2025-11-15T22:02:07.226+0000] {logging_mixin.py:190} INFO - [2025-11-15T22:02:07.226+0000] {dag.py:4156} INFO - Setting next_dagrun for rodar_script_php to 2025-11-15 00:00:00+00:00, run_after=2025-11-16 00:00:00+00:00
[2025-11-15T22:02:07.237+0000] {processor.py:208} INFO - Processing /opt/airflow/dags/php_dag.py took 0.065 seconds
[2025-11-15T22:02:37.405+0000] {processor.py:186} INFO - Started process (PID=549) to work on /opt/airflow/dags/php_dag.py
[2025-11-15T22:02:37.406+0000] {processor.py:914} INFO - Processing file /opt/airflow/dags/php_dag.py for tasks to queue
[2025-11-15T22:02:37.408+0000] {logging_mixin.py:190} INFO - [2025-11-15T22:02:37.407+0000] {dagbag.py:587} INFO - Filling up the DagBag from /opt/airflow/dags/php_dag.py
[2025-11-15T22:02:37.416+0000] {processor.py:925} INFO - DAG(s) 'rodar_script_php' retrieved from /opt/airflow/dags/php_dag.py
[2025-11-15T22:02:37.435+0000] {logging_mixin.py:190} INFO - [2025-11-15T22:02:37.434+0000] {dag.py:3229} INFO - Sync 1 DAGs
[2025-11-15T22:02:37.453+0000] {logging_mixin.py:190} INFO - [2025-11-15T22:02:37.452+0000] {dag.py:4156} INFO - Setting next_dagrun for rodar_script_php to 2025-11-15 00:00:00+00:00, run_after=2025-11-16 00:00:00+00:00
[2025-11-15T22:02:37.464+0000] {processor.py:208} INFO - Processing /opt/airflow/dags/php_dag.py took 0.063 seconds
[2025-11-15T22:03:07.617+0000] {processor.py:186} INFO - Started process (PID=559) to work on /opt/airflow/dags/php_dag.py
[2025-11-15T22:03:07.620+0000] {processor.py:914} INFO - Processing file /opt/airflow/dags/php_dag.py for tasks to queue
[2025-11-15T22:03:07.622+0000] {logging_mixin.py:190} INFO - [2025-11-15T22:03:07.622+0000] {dagbag.py:587} INFO - Filling up the DagBag from /opt/airflow/dags/php_dag.py
[2025-11-15T22:03:07.631+0000] {processor.py:925} INFO - DAG(s) 'rodar_script_php' retrieved from /opt/airflow/dags/php_dag.py
[2025-11-15T22:03:07.651+0000] {logging_mixin.py:190} INFO - [2025-11-15T22:03:07.650+0000] {dag.py:3229} INFO - Sync 1 DAGs
[2025-11-15T22:03:07.668+0000] {logging_mixin.py:190} INFO - [2025-11-15T22:03:07.668+0000] {dag.py:4156} INFO - Setting next_dagrun for rodar_script_php to 2025-11-15 00:00:00+00:00, run_after=2025-11-16 00:00:00+00:00
[2025-11-15T22:03:07.682+0000] {processor.py:208} INFO - Processing /opt/airflow/dags/php_dag.py took 0.069 seconds
[2025-11-15T22:03:37.881+0000] {processor.py:186} INFO - Started process (PID=569) to work on /opt/airflow/dags/php_dag.py
[2025-11-15T22:03:37.881+0000] {processor.py:914} INFO - Processing file /opt/airflow/dags/php_dag.py for tasks to queue
[2025-11-15T22:03:37.883+0000] {logging_mixin.py:190} INFO - [2025-11-15T22:03:37.883+0000] {dagbag.py:587} INFO - Filling up the DagBag from /opt/airflow/dags/php_dag.py
[2025-11-15T22:03:37.892+0000] {processor.py:925} INFO - DAG(s) 'rodar_script_php' retrieved from /opt/airflow/dags/php_dag.py
[2025-11-15T22:03:37.910+0000] {logging_mixin.py:190} INFO - [2025-11-15T22:03:37.910+0000] {dag.py:3229} INFO - Sync 1 DAGs
[2025-11-15T22:03:37.929+0000] {logging_mixin.py:190} INFO - [2025-11-15T22:03:37.928+0000] {dag.py:4156} INFO - Setting next_dagrun for rodar_script_php to 2025-11-15 00:00:00+00:00, run_after=2025-11-16 00:00:00+00:00
[2025-11-15T22:03:37.940+0000] {processor.py:208} INFO - Processing /opt/airflow/dags/php_dag.py took 0.064 seconds
[2025-11-15T22:04:08.141+0000] {processor.py:186} INFO - Started process (PID=579) to work on /opt/airflow/dags/php_dag.py
[2025-11-15T22:04:08.145+0000] {processor.py:914} INFO - Processing file /opt/airflow/dags/php_dag.py for tasks to queue
[2025-11-15T22:04:08.148+0000] {logging_mixin.py:190} INFO - [2025-11-15T22:04:08.147+0000] {dagbag.py:587} INFO - Filling up the DagBag from /opt/airflow/dags/php_dag.py
[2025-11-15T22:04:08.156+0000] {processor.py:925} INFO - DAG(s) 'rodar_script_php' retrieved from /opt/airflow/dags/php_dag.py
[2025-11-15T22:04:08.175+0000] {logging_mixin.py:190} INFO - [2025-11-15T22:04:08.175+0000] {dag.py:3229} INFO - Sync 1 DAGs
[2025-11-15T22:04:08.194+0000] {logging_mixin.py:190} INFO - [2025-11-15T22:04:08.193+0000] {dag.py:4156} INFO - Setting next_dagrun for rodar_script_php to 2025-11-15 00:00:00+00:00, run_after=2025-11-16 00:00:00+00:00
[2025-11-15T22:04:08.206+0000] {processor.py:208} INFO - Processing /opt/airflow/dags/php_dag.py took 0.070 seconds
[2025-11-15T22:04:38.397+0000] {processor.py:186} INFO - Started process (PID=589) to work on /opt/airflow/dags/php_dag.py
[2025-11-15T22:04:38.401+0000] {processor.py:914} INFO - Processing file /opt/airflow/dags/php_dag.py for tasks to queue
[2025-11-15T22:04:38.403+0000] {logging_mixin.py:190} INFO - [2025-11-15T22:04:38.403+0000] {dagbag.py:587} INFO - Filling up the DagBag from /opt/airflow/dags/php_dag.py
[2025-11-15T22:04:38.413+0000] {processor.py:925} INFO - DAG(s) 'rodar_script_php' retrieved from /opt/airflow/dags/php_dag.py
[2025-11-15T22:04:38.432+0000] {logging_mixin.py:190} INFO - [2025-11-15T22:04:38.432+0000] {dag.py:3229} INFO - Sync 1 DAGs
[2025-11-15T22:04:38.451+0000] {logging_mixin.py:190} INFO - [2025-11-15T22:04:38.450+0000] {dag.py:4156} INFO - Setting next_dagrun for rodar_script_php to 2025-11-15 00:00:00+00:00, run_after=2025-11-16 00:00:00+00:00
[2025-11-15T22:04:38.463+0000] {processor.py:208} INFO - Processing /opt/airflow/dags/php_dag.py took 0.071 seconds
[2025-11-15T22:05:08.625+0000] {processor.py:186} INFO - Started process (PID=599) to work on /opt/airflow/dags/php_dag.py
[2025-11-15T22:05:08.626+0000] {processor.py:914} INFO - Processing file /opt/airflow/dags/php_dag.py for tasks to queue
[2025-11-15T22:05:08.628+0000] {logging_mixin.py:190} INFO - [2025-11-15T22:05:08.628+0000] {dagbag.py:587} INFO - Filling up the DagBag from /opt/airflow/dags/php_dag.py
[2025-11-15T22:05:08.639+0000] {processor.py:925} INFO - DAG(s) 'rodar_script_php' retrieved from /opt/airflow/dags/php_dag.py
[2025-11-15T22:05:08.659+0000] {logging_mixin.py:190} INFO - [2025-11-15T22:05:08.658+0000] {dag.py:3229} INFO - Sync 1 DAGs
[2025-11-15T22:05:08.680+0000] {logging_mixin.py:190} INFO - [2025-11-15T22:05:08.678+0000] {dag.py:4156} INFO - Setting next_dagrun for rodar_script_php to 2025-11-15 00:00:00+00:00, run_after=2025-11-16 00:00:00+00:00
[2025-11-15T22:05:08.698+0000] {processor.py:208} INFO - Processing /opt/airflow/dags/php_dag.py took 0.078 seconds
[2025-11-15T22:05:38.845+0000] {processor.py:186} INFO - Started process (PID=609) to work on /opt/airflow/dags/php_dag.py
[2025-11-15T22:05:38.846+0000] {processor.py:914} INFO - Processing file /opt/airflow/dags/php_dag.py for tasks to queue
[2025-11-15T22:05:38.848+0000] {logging_mixin.py:190} INFO - [2025-11-15T22:05:38.847+0000] {dagbag.py:587} INFO - Filling up the DagBag from /opt/airflow/dags/php_dag.py
[2025-11-15T22:05:38.857+0000] {processor.py:925} INFO - DAG(s) 'rodar_script_php' retrieved from /opt/airflow/dags/php_dag.py
[2025-11-15T22:05:38.876+0000] {logging_mixin.py:190} INFO - [2025-11-15T22:05:38.875+0000] {dag.py:3229} INFO - Sync 1 DAGs
[2025-11-15T22:05:38.893+0000] {logging_mixin.py:190} INFO - [2025-11-15T22:05:38.893+0000] {dag.py:4156} INFO - Setting next_dagrun for rodar_script_php to 2025-11-15 00:00:00+00:00, run_after=2025-11-16 00:00:00+00:00
[2025-11-15T22:05:38.905+0000] {processor.py:208} INFO - Processing /opt/airflow/dags/php_dag.py took 0.065 seconds
[2025-11-15T22:06:09.066+0000] {processor.py:186} INFO - Started process (PID=619) to work on /opt/airflow/dags/php_dag.py
[2025-11-15T22:06:09.067+0000] {processor.py:914} INFO - Processing file /opt/airflow/dags/php_dag.py for tasks to queue
[2025-11-15T22:06:09.068+0000] {logging_mixin.py:190} INFO - [2025-11-15T22:06:09.068+0000] {dagbag.py:587} INFO - Filling up the DagBag from /opt/airflow/dags/php_dag.py
[2025-11-15T22:06:09.078+0000] {processor.py:925} INFO - DAG(s) 'rodar_script_php' retrieved from /opt/airflow/dags/php_dag.py
[2025-11-15T22:06:09.096+0000] {logging_mixin.py:190} INFO - [2025-11-15T22:06:09.096+0000] {dag.py:3229} INFO - Sync 1 DAGs
[2025-11-15T22:06:09.114+0000] {logging_mixin.py:190} INFO - [2025-11-15T22:06:09.114+0000] {dag.py:4156} INFO - Setting next_dagrun for rodar_script_php to 2025-11-15 00:00:00+00:00, run_after=2025-11-16 00:00:00+00:00
[2025-11-15T22:06:09.126+0000] {processor.py:208} INFO - Processing /opt/airflow/dags/php_dag.py took 0.064 seconds
[2025-11-15T22:06:39.303+0000] {processor.py:186} INFO - Started process (PID=629) to work on /opt/airflow/dags/php_dag.py
[2025-11-15T22:06:39.304+0000] {processor.py:914} INFO - Processing file /opt/airflow/dags/php_dag.py for tasks to queue
[2025-11-15T22:06:39.306+0000] {logging_mixin.py:190} INFO - [2025-11-15T22:06:39.305+0000] {dagbag.py:587} INFO - Filling up the DagBag from /opt/airflow/dags/php_dag.py
[2025-11-15T22:06:39.315+0000] {processor.py:925} INFO - DAG(s) 'rodar_script_php' retrieved from /opt/airflow/dags/php_dag.py
[2025-11-15T22:06:39.334+0000] {logging_mixin.py:190} INFO - [2025-11-15T22:06:39.334+0000] {dag.py:3229} INFO - Sync 1 DAGs
[2025-11-15T22:06:39.352+0000] {logging_mixin.py:190} INFO - [2025-11-15T22:06:39.352+0000] {dag.py:4156} INFO - Setting next_dagrun for rodar_script_php to 2025-11-15 00:00:00+00:00, run_after=2025-11-16 00:00:00+00:00
[2025-11-15T22:06:39.364+0000] {processor.py:208} INFO - Processing /opt/airflow/dags/php_dag.py took 0.065 seconds
[2025-11-15T22:07:09.541+0000] {processor.py:186} INFO - Started process (PID=639) to work on /opt/airflow/dags/php_dag.py
[2025-11-15T22:07:09.542+0000] {processor.py:914} INFO - Processing file /opt/airflow/dags/php_dag.py for tasks to queue
[2025-11-15T22:07:09.545+0000] {logging_mixin.py:190} INFO - [2025-11-15T22:07:09.544+0000] {dagbag.py:587} INFO - Filling up the DagBag from /opt/airflow/dags/php_dag.py
[2025-11-15T22:07:09.553+0000] {processor.py:925} INFO - DAG(s) 'rodar_script_php' retrieved from /opt/airflow/dags/php_dag.py
[2025-11-15T22:07:09.572+0000] {logging_mixin.py:190} INFO - [2025-11-15T22:07:09.572+0000] {dag.py:3229} INFO - Sync 1 DAGs
[2025-11-15T22:07:09.589+0000] {logging_mixin.py:190} INFO - [2025-11-15T22:07:09.589+0000] {dag.py:4156} INFO - Setting next_dagrun for rodar_script_php to 2025-11-15 00:00:00+00:00, run_after=2025-11-16 00:00:00+00:00
[2025-11-15T22:07:09.601+0000] {processor.py:208} INFO - Processing /opt/airflow/dags/php_dag.py took 0.064 seconds
[2025-11-15T22:07:39.762+0000] {processor.py:186} INFO - Started process (PID=649) to work on /opt/airflow/dags/php_dag.py
[2025-11-15T22:07:39.762+0000] {processor.py:914} INFO - Processing file /opt/airflow/dags/php_dag.py for tasks to queue
[2025-11-15T22:07:39.764+0000] {logging_mixin.py:190} INFO - [2025-11-15T22:07:39.764+0000] {dagbag.py:587} INFO - Filling up the DagBag from /opt/airflow/dags/php_dag.py
[2025-11-15T22:07:39.773+0000] {processor.py:925} INFO - DAG(s) 'rodar_script_php' retrieved from /opt/airflow/dags/php_dag.py
[2025-11-15T22:07:39.792+0000] {logging_mixin.py:190} INFO - [2025-11-15T22:07:39.792+0000] {dag.py:3229} INFO - Sync 1 DAGs
[2025-11-15T22:07:39.810+0000] {logging_mixin.py:190} INFO - [2025-11-15T22:07:39.810+0000] {dag.py:4156} INFO - Setting next_dagrun for rodar_script_php to 2025-11-15 00:00:00+00:00, run_after=2025-11-16 00:00:00+00:00
[2025-11-15T22:07:39.822+0000] {processor.py:208} INFO - Processing /opt/airflow/dags/php_dag.py took 0.064 seconds
[2025-11-15T22:08:09.991+0000] {processor.py:186} INFO - Started process (PID=659) to work on /opt/airflow/dags/php_dag.py
[2025-11-15T22:08:09.992+0000] {processor.py:914} INFO - Processing file /opt/airflow/dags/php_dag.py for tasks to queue
[2025-11-15T22:08:09.994+0000] {logging_mixin.py:190} INFO - [2025-11-15T22:08:09.994+0000] {dagbag.py:587} INFO - Filling up the DagBag from /opt/airflow/dags/php_dag.py
[2025-11-15T22:08:10.003+0000] {processor.py:925} INFO - DAG(s) 'rodar_script_php' retrieved from /opt/airflow/dags/php_dag.py
[2025-11-15T22:08:10.024+0000] {logging_mixin.py:190} INFO - [2025-11-15T22:08:10.023+0000] {dag.py:3229} INFO - Sync 1 DAGs
[2025-11-15T22:08:10.042+0000] {logging_mixin.py:190} INFO - [2025-11-15T22:08:10.041+0000] {dag.py:4156} INFO - Setting next_dagrun for rodar_script_php to 2025-11-15 00:00:00+00:00, run_after=2025-11-16 00:00:00+00:00
[2025-11-15T22:08:10.055+0000] {processor.py:208} INFO - Processing /opt/airflow/dags/php_dag.py took 0.068 seconds
[2025-11-15T22:08:40.249+0000] {processor.py:186} INFO - Started process (PID=669) to work on /opt/airflow/dags/php_dag.py
[2025-11-15T22:08:40.252+0000] {processor.py:914} INFO - Processing file /opt/airflow/dags/php_dag.py for tasks to queue
[2025-11-15T22:08:40.254+0000] {logging_mixin.py:190} INFO - [2025-11-15T22:08:40.254+0000] {dagbag.py:587} INFO - Filling up the DagBag from /opt/airflow/dags/php_dag.py
[2025-11-15T22:08:40.264+0000] {processor.py:925} INFO - DAG(s) 'rodar_script_php' retrieved from /opt/airflow/dags/php_dag.py
[2025-11-15T22:08:40.285+0000] {logging_mixin.py:190} INFO - [2025-11-15T22:08:40.285+0000] {dag.py:3229} INFO - Sync 1 DAGs
[2025-11-15T22:08:40.304+0000] {logging_mixin.py:190} INFO - [2025-11-15T22:08:40.304+0000] {dag.py:4156} INFO - Setting next_dagrun for rodar_script_php to 2025-11-15 00:00:00+00:00, run_after=2025-11-16 00:00:00+00:00
[2025-11-15T22:08:40.318+0000] {processor.py:208} INFO - Processing /opt/airflow/dags/php_dag.py took 0.073 seconds
[2025-11-15T22:09:10.483+0000] {processor.py:186} INFO - Started process (PID=679) to work on /opt/airflow/dags/php_dag.py
[2025-11-15T22:09:10.484+0000] {processor.py:914} INFO - Processing file /opt/airflow/dags/php_dag.py for tasks to queue
[2025-11-15T22:09:10.487+0000] {logging_mixin.py:190} INFO - [2025-11-15T22:09:10.486+0000] {dagbag.py:587} INFO - Filling up the DagBag from /opt/airflow/dags/php_dag.py
[2025-11-15T22:09:10.496+0000] {processor.py:925} INFO - DAG(s) 'rodar_script_php' retrieved from /opt/airflow/dags/php_dag.py
[2025-11-15T22:09:10.515+0000] {logging_mixin.py:190} INFO - [2025-11-15T22:09:10.514+0000] {dag.py:3229} INFO - Sync 1 DAGs
[2025-11-15T22:09:10.534+0000] {logging_mixin.py:190} INFO - [2025-11-15T22:09:10.534+0000] {dag.py:4156} INFO - Setting next_dagrun for rodar_script_php to 2025-11-15 00:00:00+00:00, run_after=2025-11-16 00:00:00+00:00
[2025-11-15T22:09:10.547+0000] {processor.py:208} INFO - Processing /opt/airflow/dags/php_dag.py took 0.068 seconds
[2025-11-15T22:09:40.757+0000] {processor.py:186} INFO - Started process (PID=689) to work on /opt/airflow/dags/php_dag.py
[2025-11-15T22:09:40.757+0000] {processor.py:914} INFO - Processing file /opt/airflow/dags/php_dag.py for tasks to queue
[2025-11-15T22:09:40.759+0000] {logging_mixin.py:190} INFO - [2025-11-15T22:09:40.759+0000] {dagbag.py:587} INFO - Filling up the DagBag from /opt/airflow/dags/php_dag.py
[2025-11-15T22:09:40.768+0000] {processor.py:925} INFO - DAG(s) 'rodar_script_php' retrieved from /opt/airflow/dags/php_dag.py
[2025-11-15T22:09:40.787+0000] {logging_mixin.py:190} INFO - [2025-11-15T22:09:40.787+0000] {dag.py:3229} INFO - Sync 1 DAGs
[2025-11-15T22:09:40.805+0000] {logging_mixin.py:190} INFO - [2025-11-15T22:09:40.804+0000] {dag.py:4156} INFO - Setting next_dagrun for rodar_script_php to 2025-11-15 00:00:00+00:00, run_after=2025-11-16 00:00:00+00:00
[2025-11-15T22:09:40.816+0000] {processor.py:208} INFO - Processing /opt/airflow/dags/php_dag.py took 0.065 seconds
[2025-11-15T22:10:11.020+0000] {processor.py:186} INFO - Started process (PID=699) to work on /opt/airflow/dags/php_dag.py
[2025-11-15T22:10:11.023+0000] {processor.py:914} INFO - Processing file /opt/airflow/dags/php_dag.py for tasks to queue
[2025-11-15T22:10:11.026+0000] {logging_mixin.py:190} INFO - [2025-11-15T22:10:11.026+0000] {dagbag.py:587} INFO - Filling up the DagBag from /opt/airflow/dags/php_dag.py
[2025-11-15T22:10:11.036+0000] {processor.py:925} INFO - DAG(s) 'rodar_script_php' retrieved from /opt/airflow/dags/php_dag.py
[2025-11-15T22:10:11.057+0000] {logging_mixin.py:190} INFO - [2025-11-15T22:10:11.056+0000] {dag.py:3229} INFO - Sync 1 DAGs
[2025-11-15T22:10:11.074+0000] {logging_mixin.py:190} INFO - [2025-11-15T22:10:11.074+0000] {dag.py:4156} INFO - Setting next_dagrun for rodar_script_php to 2025-11-15 00:00:00+00:00, run_after=2025-11-16 00:00:00+00:00
[2025-11-15T22:10:11.087+0000] {processor.py:208} INFO - Processing /opt/airflow/dags/php_dag.py took 0.071 seconds
[2025-11-15T22:10:41.270+0000] {processor.py:186} INFO - Started process (PID=709) to work on /opt/airflow/dags/php_dag.py
[2025-11-15T22:10:41.271+0000] {processor.py:914} INFO - Processing file /opt/airflow/dags/php_dag.py for tasks to queue
[2025-11-15T22:10:41.273+0000] {logging_mixin.py:190} INFO - [2025-11-15T22:10:41.273+0000] {dagbag.py:587} INFO - Filling up the DagBag from /opt/airflow/dags/php_dag.py
[2025-11-15T22:10:41.283+0000] {processor.py:925} INFO - DAG(s) 'rodar_script_php' retrieved from /opt/airflow/dags/php_dag.py
[2025-11-15T22:10:41.301+0000] {logging_mixin.py:190} INFO - [2025-11-15T22:10:41.301+0000] {dag.py:3229} INFO - Sync 1 DAGs
[2025-11-15T22:10:41.319+0000] {logging_mixin.py:190} INFO - [2025-11-15T22:10:41.318+0000] {dag.py:4156} INFO - Setting next_dagrun for rodar_script_php to 2025-11-15 00:00:00+00:00, run_after=2025-11-16 00:00:00+00:00
[2025-11-15T22:10:41.330+0000] {processor.py:208} INFO - Processing /opt/airflow/dags/php_dag.py took 0.064 seconds
[2025-11-15T22:11:11.506+0000] {processor.py:186} INFO - Started process (PID=719) to work on /opt/airflow/dags/php_dag.py
[2025-11-15T22:11:11.510+0000] {processor.py:914} INFO - Processing file /opt/airflow/dags/php_dag.py for tasks to queue
[2025-11-15T22:11:11.513+0000] {logging_mixin.py:190} INFO - [2025-11-15T22:11:11.513+0000] {dagbag.py:587} INFO - Filling up the DagBag from /opt/airflow/dags/php_dag.py
[2025-11-15T22:11:11.523+0000] {processor.py:925} INFO - DAG(s) 'rodar_script_php' retrieved from /opt/airflow/dags/php_dag.py
[2025-11-15T22:11:11.542+0000] {logging_mixin.py:190} INFO - [2025-11-15T22:11:11.542+0000] {dag.py:3229} INFO - Sync 1 DAGs
[2025-11-15T22:11:11.560+0000] {logging_mixin.py:190} INFO - [2025-11-15T22:11:11.560+0000] {dag.py:4156} INFO - Setting next_dagrun for rodar_script_php to 2025-11-15 00:00:00+00:00, run_after=2025-11-16 00:00:00+00:00
[2025-11-15T22:11:11.573+0000] {processor.py:208} INFO - Processing /opt/airflow/dags/php_dag.py took 0.071 seconds
[2025-11-15T22:11:41.746+0000] {processor.py:186} INFO - Started process (PID=729) to work on /opt/airflow/dags/php_dag.py
[2025-11-15T22:11:41.747+0000] {processor.py:914} INFO - Processing file /opt/airflow/dags/php_dag.py for tasks to queue
[2025-11-15T22:11:41.749+0000] {logging_mixin.py:190} INFO - [2025-11-15T22:11:41.749+0000] {dagbag.py:587} INFO - Filling up the DagBag from /opt/airflow/dags/php_dag.py
[2025-11-15T22:11:41.758+0000] {processor.py:925} INFO - DAG(s) 'rodar_script_php' retrieved from /opt/airflow/dags/php_dag.py
[2025-11-15T22:11:41.776+0000] {logging_mixin.py:190} INFO - [2025-11-15T22:11:41.776+0000] {dag.py:3229} INFO - Sync 1 DAGs
[2025-11-15T22:11:41.794+0000] {logging_mixin.py:190} INFO - [2025-11-15T22:11:41.794+0000] {dag.py:4156} INFO - Setting next_dagrun for rodar_script_php to 2025-11-15 00:00:00+00:00, run_after=2025-11-16 00:00:00+00:00
[2025-11-15T22:11:41.806+0000] {processor.py:208} INFO - Processing /opt/airflow/dags/php_dag.py took 0.064 seconds
[2025-11-15T22:12:11.995+0000] {processor.py:186} INFO - Started process (PID=739) to work on /opt/airflow/dags/php_dag.py
[2025-11-15T22:12:11.996+0000] {processor.py:914} INFO - Processing file /opt/airflow/dags/php_dag.py for tasks to queue
[2025-11-15T22:12:11.998+0000] {logging_mixin.py:190} INFO - [2025-11-15T22:12:11.997+0000] {dagbag.py:587} INFO - Filling up the DagBag from /opt/airflow/dags/php_dag.py
[2025-11-15T22:12:12.007+0000] {processor.py:925} INFO - DAG(s) 'rodar_script_php' retrieved from /opt/airflow/dags/php_dag.py
[2025-11-15T22:12:12.028+0000] {logging_mixin.py:190} INFO - [2025-11-15T22:12:12.028+0000] {dag.py:3229} INFO - Sync 1 DAGs
[2025-11-15T22:12:12.046+0000] {logging_mixin.py:190} INFO - [2025-11-15T22:12:12.046+0000] {dag.py:4156} INFO - Setting next_dagrun for rodar_script_php to 2025-11-15 00:00:00+00:00, run_after=2025-11-16 00:00:00+00:00
[2025-11-15T22:12:12.058+0000] {processor.py:208} INFO - Processing /opt/airflow/dags/php_dag.py took 0.068 seconds
[2025-11-15T22:12:42.258+0000] {processor.py:186} INFO - Started process (PID=749) to work on /opt/airflow/dags/php_dag.py
[2025-11-15T22:12:42.261+0000] {processor.py:914} INFO - Processing file /opt/airflow/dags/php_dag.py for tasks to queue
[2025-11-15T22:12:42.263+0000] {logging_mixin.py:190} INFO - [2025-11-15T22:12:42.263+0000] {dagbag.py:587} INFO - Filling up the DagBag from /opt/airflow/dags/php_dag.py
[2025-11-15T22:12:42.273+0000] {processor.py:925} INFO - DAG(s) 'rodar_script_php' retrieved from /opt/airflow/dags/php_dag.py
[2025-11-15T22:12:42.293+0000] {logging_mixin.py:190} INFO - [2025-11-15T22:12:42.293+0000] {dag.py:3229} INFO - Sync 1 DAGs
[2025-11-15T22:12:42.311+0000] {logging_mixin.py:190} INFO - [2025-11-15T22:12:42.310+0000] {dag.py:4156} INFO - Setting next_dagrun for rodar_script_php to 2025-11-15 00:00:00+00:00, run_after=2025-11-16 00:00:00+00:00
[2025-11-15T22:12:42.323+0000] {processor.py:208} INFO - Processing /opt/airflow/dags/php_dag.py took 0.069 seconds
[2025-11-15T22:13:12.512+0000] {processor.py:186} INFO - Started process (PID=759) to work on /opt/airflow/dags/php_dag.py
[2025-11-15T22:13:12.516+0000] {processor.py:914} INFO - Processing file /opt/airflow/dags/php_dag.py for tasks to queue
[2025-11-15T22:13:12.518+0000] {logging_mixin.py:190} INFO - [2025-11-15T22:13:12.518+0000] {dagbag.py:587} INFO - Filling up the DagBag from /opt/airflow/dags/php_dag.py
[2025-11-15T22:13:12.527+0000] {processor.py:925} INFO - DAG(s) 'rodar_script_php' retrieved from /opt/airflow/dags/php_dag.py
[2025-11-15T22:13:12.549+0000] {logging_mixin.py:190} INFO - [2025-11-15T22:13:12.548+0000] {dag.py:3229} INFO - Sync 1 DAGs
[2025-11-15T22:13:12.567+0000] {logging_mixin.py:190} INFO - [2025-11-15T22:13:12.567+0000] {dag.py:4156} INFO - Setting next_dagrun for rodar_script_php to 2025-11-15 00:00:00+00:00, run_after=2025-11-16 00:00:00+00:00
[2025-11-15T22:13:12.579+0000] {processor.py:208} INFO - Processing /opt/airflow/dags/php_dag.py took 0.070 seconds
[2025-11-15T22:13:42.755+0000] {processor.py:186} INFO - Started process (PID=769) to work on /opt/airflow/dags/php_dag.py
[2025-11-15T22:13:42.757+0000] {processor.py:914} INFO - Processing file /opt/airflow/dags/php_dag.py for tasks to queue
[2025-11-15T22:13:42.759+0000] {logging_mixin.py:190} INFO - [2025-11-15T22:13:42.759+0000] {dagbag.py:587} INFO - Filling up the DagBag from /opt/airflow/dags/php_dag.py
[2025-11-15T22:13:42.769+0000] {processor.py:925} INFO - DAG(s) 'rodar_script_php' retrieved from /opt/airflow/dags/php_dag.py
[2025-11-15T22:13:42.789+0000] {logging_mixin.py:190} INFO - [2025-11-15T22:13:42.789+0000] {dag.py:3229} INFO - Sync 1 DAGs
[2025-11-15T22:13:42.806+0000] {logging_mixin.py:190} INFO - [2025-11-15T22:13:42.806+0000] {dag.py:4156} INFO - Setting next_dagrun for rodar_script_php to 2025-11-15 00:00:00+00:00, run_after=2025-11-16 00:00:00+00:00
[2025-11-15T22:13:42.818+0000] {processor.py:208} INFO - Processing /opt/airflow/dags/php_dag.py took 0.067 seconds
[2025-11-15T22:14:12.951+0000] {processor.py:186} INFO - Started process (PID=779) to work on /opt/airflow/dags/php_dag.py
[2025-11-15T22:14:12.953+0000] {processor.py:914} INFO - Processing file /opt/airflow/dags/php_dag.py for tasks to queue
[2025-11-15T22:14:12.955+0000] {logging_mixin.py:190} INFO - [2025-11-15T22:14:12.954+0000] {dagbag.py:587} INFO - Filling up the DagBag from /opt/airflow/dags/php_dag.py
[2025-11-15T22:14:12.964+0000] {processor.py:925} INFO - DAG(s) 'rodar_script_php' retrieved from /opt/airflow/dags/php_dag.py
[2025-11-15T22:14:12.983+0000] {logging_mixin.py:190} INFO - [2025-11-15T22:14:12.982+0000] {dag.py:3229} INFO - Sync 1 DAGs
[2025-11-15T22:14:13.000+0000] {logging_mixin.py:190} INFO - [2025-11-15T22:14:13.000+0000] {dag.py:4156} INFO - Setting next_dagrun for rodar_script_php to 2025-11-15 00:00:00+00:00, run_after=2025-11-16 00:00:00+00:00
[2025-11-15T22:14:13.011+0000] {processor.py:208} INFO - Processing /opt/airflow/dags/php_dag.py took 0.064 seconds
[2025-11-15T22:14:43.202+0000] {processor.py:186} INFO - Started process (PID=789) to work on /opt/airflow/dags/php_dag.py
[2025-11-15T22:14:43.206+0000] {processor.py:914} INFO - Processing file /opt/airflow/dags/php_dag.py for tasks to queue
[2025-11-15T22:14:43.208+0000] {logging_mixin.py:190} INFO - [2025-11-15T22:14:43.208+0000] {dagbag.py:587} INFO - Filling up the DagBag from /opt/airflow/dags/php_dag.py
[2025-11-15T22:14:43.217+0000] {processor.py:925} INFO - DAG(s) 'rodar_script_php' retrieved from /opt/airflow/dags/php_dag.py
[2025-11-15T22:14:43.237+0000] {logging_mixin.py:190} INFO - [2025-11-15T22:14:43.237+0000] {dag.py:3229} INFO - Sync 1 DAGs
[2025-11-15T22:14:43.256+0000] {logging_mixin.py:190} INFO - [2025-11-15T22:14:43.255+0000] {dag.py:4156} INFO - Setting next_dagrun for rodar_script_php to 2025-11-15 00:00:00+00:00, run_after=2025-11-16 00:00:00+00:00
[2025-11-15T22:14:43.268+0000] {processor.py:208} INFO - Processing /opt/airflow/dags/php_dag.py took 0.069 seconds
[2025-11-15T22:15:13.433+0000] {processor.py:186} INFO - Started process (PID=799) to work on /opt/airflow/dags/php_dag.py
[2025-11-15T22:15:13.435+0000] {processor.py:914} INFO - Processing file /opt/airflow/dags/php_dag.py for tasks to queue
[2025-11-15T22:15:13.437+0000] {logging_mixin.py:190} INFO - [2025-11-15T22:15:13.437+0000] {dagbag.py:587} INFO - Filling up the DagBag from /opt/airflow/dags/php_dag.py
[2025-11-15T22:15:13.446+0000] {processor.py:925} INFO - DAG(s) 'rodar_script_php' retrieved from /opt/airflow/dags/php_dag.py
[2025-11-15T22:15:13.466+0000] {logging_mixin.py:190} INFO - [2025-11-15T22:15:13.466+0000] {dag.py:3229} INFO - Sync 1 DAGs
[2025-11-15T22:15:13.484+0000] {logging_mixin.py:190} INFO - [2025-11-15T22:15:13.484+0000] {dag.py:4156} INFO - Setting next_dagrun for rodar_script_php to 2025-11-15 00:00:00+00:00, run_after=2025-11-16 00:00:00+00:00
[2025-11-15T22:15:13.496+0000] {processor.py:208} INFO - Processing /opt/airflow/dags/php_dag.py took 0.068 seconds
[2025-11-15T22:15:43.690+0000] {processor.py:186} INFO - Started process (PID=809) to work on /opt/airflow/dags/php_dag.py
[2025-11-15T22:15:43.690+0000] {processor.py:914} INFO - Processing file /opt/airflow/dags/php_dag.py for tasks to queue
[2025-11-15T22:15:43.692+0000] {logging_mixin.py:190} INFO - [2025-11-15T22:15:43.692+0000] {dagbag.py:587} INFO - Filling up the DagBag from /opt/airflow/dags/php_dag.py
[2025-11-15T22:15:43.701+0000] {processor.py:925} INFO - DAG(s) 'rodar_script_php' retrieved from /opt/airflow/dags/php_dag.py
[2025-11-15T22:15:43.721+0000] {logging_mixin.py:190} INFO - [2025-11-15T22:15:43.720+0000] {dag.py:3229} INFO - Sync 1 DAGs
[2025-11-15T22:15:43.739+0000] {logging_mixin.py:190} INFO - [2025-11-15T22:15:43.739+0000] {dag.py:4156} INFO - Setting next_dagrun for rodar_script_php to 2025-11-15 00:00:00+00:00, run_after=2025-11-16 00:00:00+00:00
[2025-11-15T22:15:43.751+0000] {processor.py:208} INFO - Processing /opt/airflow/dags/php_dag.py took 0.066 seconds
[2025-11-15T22:16:13.913+0000] {processor.py:186} INFO - Started process (PID=819) to work on /opt/airflow/dags/php_dag.py
[2025-11-15T22:16:13.914+0000] {processor.py:914} INFO - Processing file /opt/airflow/dags/php_dag.py for tasks to queue
[2025-11-15T22:16:13.915+0000] {logging_mixin.py:190} INFO - [2025-11-15T22:16:13.915+0000] {dagbag.py:587} INFO - Filling up the DagBag from /opt/airflow/dags/php_dag.py
[2025-11-15T22:16:13.924+0000] {processor.py:925} INFO - DAG(s) 'rodar_script_php' retrieved from /opt/airflow/dags/php_dag.py
[2025-11-15T22:16:13.943+0000] {logging_mixin.py:190} INFO - [2025-11-15T22:16:13.942+0000] {dag.py:3229} INFO - Sync 1 DAGs
[2025-11-15T22:16:13.963+0000] {logging_mixin.py:190} INFO - [2025-11-15T22:16:13.963+0000] {dag.py:4156} INFO - Setting next_dagrun for rodar_script_php to 2025-11-15 00:00:00+00:00, run_after=2025-11-16 00:00:00+00:00
[2025-11-15T22:16:13.977+0000] {processor.py:208} INFO - Processing /opt/airflow/dags/php_dag.py took 0.068 seconds
[2025-11-15T22:16:44.136+0000] {processor.py:186} INFO - Started process (PID=829) to work on /opt/airflow/dags/php_dag.py
[2025-11-15T22:16:44.137+0000] {processor.py:914} INFO - Processing file /opt/airflow/dags/php_dag.py for tasks to queue
[2025-11-15T22:16:44.139+0000] {logging_mixin.py:190} INFO - [2025-11-15T22:16:44.138+0000] {dagbag.py:587} INFO - Filling up the DagBag from /opt/airflow/dags/php_dag.py
[2025-11-15T22:16:44.148+0000] {processor.py:925} INFO - DAG(s) 'rodar_script_php' retrieved from /opt/airflow/dags/php_dag.py
[2025-11-15T22:16:44.166+0000] {logging_mixin.py:190} INFO - [2025-11-15T22:16:44.166+0000] {dag.py:3229} INFO - Sync 1 DAGs
[2025-11-15T22:16:44.184+0000] {logging_mixin.py:190} INFO - [2025-11-15T22:16:44.184+0000] {dag.py:4156} INFO - Setting next_dagrun for rodar_script_php to 2025-11-15 00:00:00+00:00, run_after=2025-11-16 00:00:00+00:00
[2025-11-15T22:16:44.196+0000] {processor.py:208} INFO - Processing /opt/airflow/dags/php_dag.py took 0.064 seconds
[2025-11-15T22:17:14.379+0000] {processor.py:186} INFO - Started process (PID=839) to work on /opt/airflow/dags/php_dag.py
[2025-11-15T22:17:14.380+0000] {processor.py:914} INFO - Processing file /opt/airflow/dags/php_dag.py for tasks to queue
[2025-11-15T22:17:14.382+0000] {logging_mixin.py:190} INFO - [2025-11-15T22:17:14.382+0000] {dagbag.py:587} INFO - Filling up the DagBag from /opt/airflow/dags/php_dag.py
[2025-11-15T22:17:14.391+0000] {processor.py:925} INFO - DAG(s) 'rodar_script_php' retrieved from /opt/airflow/dags/php_dag.py
[2025-11-15T22:17:14.410+0000] {logging_mixin.py:190} INFO - [2025-11-15T22:17:14.410+0000] {dag.py:3229} INFO - Sync 1 DAGs
[2025-11-15T22:17:14.428+0000] {logging_mixin.py:190} INFO - [2025-11-15T22:17:14.428+0000] {dag.py:4156} INFO - Setting next_dagrun for rodar_script_php to 2025-11-15 00:00:00+00:00, run_after=2025-11-16 00:00:00+00:00
[2025-11-15T22:17:14.441+0000] {processor.py:208} INFO - Processing /opt/airflow/dags/php_dag.py took 0.066 seconds
[2025-11-15T22:17:44.563+0000] {processor.py:186} INFO - Started process (PID=849) to work on /opt/airflow/dags/php_dag.py
[2025-11-15T22:17:44.563+0000] {processor.py:914} INFO - Processing file /opt/airflow/dags/php_dag.py for tasks to queue
[2025-11-15T22:17:44.566+0000] {logging_mixin.py:190} INFO - [2025-11-15T22:17:44.566+0000] {dagbag.py:587} INFO - Filling up the DagBag from /opt/airflow/dags/php_dag.py
[2025-11-15T22:17:44.575+0000] {processor.py:925} INFO - DAG(s) 'rodar_script_php' retrieved from /opt/airflow/dags/php_dag.py
[2025-11-15T22:17:44.596+0000] {logging_mixin.py:190} INFO - [2025-11-15T22:17:44.595+0000] {dag.py:3229} INFO - Sync 1 DAGs
[2025-11-15T22:17:44.614+0000] {logging_mixin.py:190} INFO - [2025-11-15T22:17:44.614+0000] {dag.py:4156} INFO - Setting next_dagrun for rodar_script_php to 2025-11-15 00:00:00+00:00, run_after=2025-11-16 00:00:00+00:00
[2025-11-15T22:17:44.626+0000] {processor.py:208} INFO - Processing /opt/airflow/dags/php_dag.py took 0.068 seconds
[2025-11-15T22:18:14.793+0000] {processor.py:186} INFO - Started process (PID=859) to work on /opt/airflow/dags/php_dag.py
[2025-11-15T22:18:14.794+0000] {processor.py:914} INFO - Processing file /opt/airflow/dags/php_dag.py for tasks to queue
[2025-11-15T22:18:14.796+0000] {logging_mixin.py:190} INFO - [2025-11-15T22:18:14.796+0000] {dagbag.py:587} INFO - Filling up the DagBag from /opt/airflow/dags/php_dag.py
[2025-11-15T22:18:14.806+0000] {processor.py:925} INFO - DAG(s) 'rodar_script_php' retrieved from /opt/airflow/dags/php_dag.py
[2025-11-15T22:18:14.825+0000] {logging_mixin.py:190} INFO - [2025-11-15T22:18:14.825+0000] {dag.py:3229} INFO - Sync 1 DAGs
[2025-11-15T22:18:14.846+0000] {logging_mixin.py:190} INFO - [2025-11-15T22:18:14.846+0000] {dag.py:4156} INFO - Setting next_dagrun for rodar_script_php to 2025-11-15 00:00:00+00:00, run_after=2025-11-16 00:00:00+00:00
[2025-11-15T22:18:14.859+0000] {processor.py:208} INFO - Processing /opt/airflow/dags/php_dag.py took 0.070 seconds
[2025-11-15T22:18:45.006+0000] {processor.py:186} INFO - Started process (PID=869) to work on /opt/airflow/dags/php_dag.py
[2025-11-15T22:18:45.006+0000] {processor.py:914} INFO - Processing file /opt/airflow/dags/php_dag.py for tasks to queue
[2025-11-15T22:18:45.008+0000] {logging_mixin.py:190} INFO - [2025-11-15T22:18:45.008+0000] {dagbag.py:587} INFO - Filling up the DagBag from /opt/airflow/dags/php_dag.py
[2025-11-15T22:18:45.018+0000] {processor.py:925} INFO - DAG(s) 'rodar_script_php' retrieved from /opt/airflow/dags/php_dag.py
[2025-11-15T22:18:45.038+0000] {logging_mixin.py:190} INFO - [2025-11-15T22:18:45.038+0000] {dag.py:3229} INFO - Sync 1 DAGs
[2025-11-15T22:18:45.058+0000] {logging_mixin.py:190} INFO - [2025-11-15T22:18:45.058+0000] {dag.py:4156} INFO - Setting next_dagrun for rodar_script_php to 2025-11-15 00:00:00+00:00, run_after=2025-11-16 00:00:00+00:00
[2025-11-15T22:18:45.075+0000] {processor.py:208} INFO - Processing /opt/airflow/dags/php_dag.py took 0.074 seconds
[2025-11-15T22:19:15.263+0000] {processor.py:186} INFO - Started process (PID=879) to work on /opt/airflow/dags/php_dag.py
[2025-11-15T22:19:15.264+0000] {processor.py:914} INFO - Processing file /opt/airflow/dags/php_dag.py for tasks to queue
[2025-11-15T22:19:15.265+0000] {logging_mixin.py:190} INFO - [2025-11-15T22:19:15.265+0000] {dagbag.py:587} INFO - Filling up the DagBag from /opt/airflow/dags/php_dag.py
[2025-11-15T22:19:15.276+0000] {processor.py:925} INFO - DAG(s) 'rodar_script_php' retrieved from /opt/airflow/dags/php_dag.py
[2025-11-15T22:19:15.295+0000] {logging_mixin.py:190} INFO - [2025-11-15T22:19:15.295+0000] {dag.py:3229} INFO - Sync 1 DAGs
[2025-11-15T22:19:15.313+0000] {logging_mixin.py:190} INFO - [2025-11-15T22:19:15.313+0000] {dag.py:4156} INFO - Setting next_dagrun for rodar_script_php to 2025-11-15 00:00:00+00:00, run_after=2025-11-16 00:00:00+00:00
[2025-11-15T22:19:15.326+0000] {processor.py:208} INFO - Processing /opt/airflow/dags/php_dag.py took 0.067 seconds
[2025-11-15T22:19:45.461+0000] {processor.py:186} INFO - Started process (PID=889) to work on /opt/airflow/dags/php_dag.py
[2025-11-15T22:19:45.461+0000] {processor.py:914} INFO - Processing file /opt/airflow/dags/php_dag.py for tasks to queue
[2025-11-15T22:19:45.463+0000] {logging_mixin.py:190} INFO - [2025-11-15T22:19:45.463+0000] {dagbag.py:587} INFO - Filling up the DagBag from /opt/airflow/dags/php_dag.py
[2025-11-15T22:19:45.474+0000] {processor.py:925} INFO - DAG(s) 'rodar_script_php' retrieved from /opt/airflow/dags/php_dag.py
[2025-11-15T22:19:45.493+0000] {logging_mixin.py:190} INFO - [2025-11-15T22:19:45.493+0000] {dag.py:3229} INFO - Sync 1 DAGs
[2025-11-15T22:19:45.510+0000] {logging_mixin.py:190} INFO - [2025-11-15T22:19:45.510+0000] {dag.py:4156} INFO - Setting next_dagrun for rodar_script_php to 2025-11-15 00:00:00+00:00, run_after=2025-11-16 00:00:00+00:00
[2025-11-15T22:19:45.523+0000] {processor.py:208} INFO - Processing /opt/airflow/dags/php_dag.py took 0.067 seconds
[2025-11-15T22:20:15.698+0000] {processor.py:186} INFO - Started process (PID=899) to work on /opt/airflow/dags/php_dag.py
[2025-11-15T22:20:15.699+0000] {processor.py:914} INFO - Processing file /opt/airflow/dags/php_dag.py for tasks to queue
[2025-11-15T22:20:15.701+0000] {logging_mixin.py:190} INFO - [2025-11-15T22:20:15.701+0000] {dagbag.py:587} INFO - Filling up the DagBag from /opt/airflow/dags/php_dag.py
[2025-11-15T22:20:15.710+0000] {processor.py:925} INFO - DAG(s) 'rodar_script_php' retrieved from /opt/airflow/dags/php_dag.py
[2025-11-15T22:20:15.728+0000] {logging_mixin.py:190} INFO - [2025-11-15T22:20:15.728+0000] {dag.py:3229} INFO - Sync 1 DAGs
[2025-11-15T22:20:15.746+0000] {logging_mixin.py:190} INFO - [2025-11-15T22:20:15.745+0000] {dag.py:4156} INFO - Setting next_dagrun for rodar_script_php to 2025-11-15 00:00:00+00:00, run_after=2025-11-16 00:00:00+00:00
[2025-11-15T22:20:15.757+0000] {processor.py:208} INFO - Processing /opt/airflow/dags/php_dag.py took 0.064 seconds
[2025-11-15T22:20:45.912+0000] {processor.py:186} INFO - Started process (PID=909) to work on /opt/airflow/dags/php_dag.py
[2025-11-15T22:20:45.912+0000] {processor.py:914} INFO - Processing file /opt/airflow/dags/php_dag.py for tasks to queue
[2025-11-15T22:20:45.914+0000] {logging_mixin.py:190} INFO - [2025-11-15T22:20:45.914+0000] {dagbag.py:587} INFO - Filling up the DagBag from /opt/airflow/dags/php_dag.py
[2025-11-15T22:20:45.924+0000] {processor.py:925} INFO - DAG(s) 'rodar_script_php' retrieved from /opt/airflow/dags/php_dag.py
[2025-11-15T22:20:45.942+0000] {logging_mixin.py:190} INFO - [2025-11-15T22:20:45.942+0000] {dag.py:3229} INFO - Sync 1 DAGs
[2025-11-15T22:20:45.960+0000] {logging_mixin.py:190} INFO - [2025-11-15T22:20:45.960+0000] {dag.py:4156} INFO - Setting next_dagrun for rodar_script_php to 2025-11-15 00:00:00+00:00, run_after=2025-11-16 00:00:00+00:00
[2025-11-15T22:20:45.973+0000] {processor.py:208} INFO - Processing /opt/airflow/dags/php_dag.py took 0.066 seconds
[2025-11-15T22:21:16.148+0000] {processor.py:186} INFO - Started process (PID=919) to work on /opt/airflow/dags/php_dag.py
[2025-11-15T22:21:16.149+0000] {processor.py:914} INFO - Processing file /opt/airflow/dags/php_dag.py for tasks to queue
[2025-11-15T22:21:16.151+0000] {logging_mixin.py:190} INFO - [2025-11-15T22:21:16.151+0000] {dagbag.py:587} INFO - Filling up the DagBag from /opt/airflow/dags/php_dag.py
[2025-11-15T22:21:16.159+0000] {processor.py:925} INFO - DAG(s) 'rodar_script_php' retrieved from /opt/airflow/dags/php_dag.py
[2025-11-15T22:21:16.180+0000] {logging_mixin.py:190} INFO - [2025-11-15T22:21:16.180+0000] {dag.py:3229} INFO - Sync 1 DAGs
[2025-11-15T22:21:16.198+0000] {logging_mixin.py:190} INFO - [2025-11-15T22:21:16.198+0000] {dag.py:4156} INFO - Setting next_dagrun for rodar_script_php to 2025-11-15 00:00:00+00:00, run_after=2025-11-16 00:00:00+00:00
[2025-11-15T22:21:16.211+0000] {processor.py:208} INFO - Processing /opt/airflow/dags/php_dag.py took 0.067 seconds
[2025-11-15T22:21:46.357+0000] {processor.py:186} INFO - Started process (PID=929) to work on /opt/airflow/dags/php_dag.py
[2025-11-15T22:21:46.358+0000] {processor.py:914} INFO - Processing file /opt/airflow/dags/php_dag.py for tasks to queue
[2025-11-15T22:21:46.360+0000] {logging_mixin.py:190} INFO - [2025-11-15T22:21:46.359+0000] {dagbag.py:587} INFO - Filling up the DagBag from /opt/airflow/dags/php_dag.py
[2025-11-15T22:21:46.369+0000] {processor.py:925} INFO - DAG(s) 'rodar_script_php' retrieved from /opt/airflow/dags/php_dag.py
[2025-11-15T22:21:46.386+0000] {logging_mixin.py:190} INFO - [2025-11-15T22:21:46.386+0000] {dag.py:3229} INFO - Sync 1 DAGs
[2025-11-15T22:21:46.403+0000] {logging_mixin.py:190} INFO - [2025-11-15T22:21:46.403+0000] {dag.py:4156} INFO - Setting next_dagrun for rodar_script_php to 2025-11-15 00:00:00+00:00, run_after=2025-11-16 00:00:00+00:00
[2025-11-15T22:21:46.416+0000] {processor.py:208} INFO - Processing /opt/airflow/dags/php_dag.py took 0.063 seconds
[2025-11-15T22:22:16.550+0000] {processor.py:186} INFO - Started process (PID=939) to work on /opt/airflow/dags/php_dag.py
[2025-11-15T22:22:16.551+0000] {processor.py:914} INFO - Processing file /opt/airflow/dags/php_dag.py for tasks to queue
[2025-11-15T22:22:16.552+0000] {logging_mixin.py:190} INFO - [2025-11-15T22:22:16.552+0000] {dagbag.py:587} INFO - Filling up the DagBag from /opt/airflow/dags/php_dag.py
[2025-11-15T22:22:16.562+0000] {processor.py:925} INFO - DAG(s) 'rodar_script_php' retrieved from /opt/airflow/dags/php_dag.py
[2025-11-15T22:22:16.580+0000] {logging_mixin.py:190} INFO - [2025-11-15T22:22:16.580+0000] {dag.py:3229} INFO - Sync 1 DAGs
[2025-11-15T22:22:16.598+0000] {logging_mixin.py:190} INFO - [2025-11-15T22:22:16.598+0000] {dag.py:4156} INFO - Setting next_dagrun for rodar_script_php to 2025-11-15 00:00:00+00:00, run_after=2025-11-16 00:00:00+00:00
[2025-11-15T22:22:16.610+0000] {processor.py:208} INFO - Processing /opt/airflow/dags/php_dag.py took 0.065 seconds
[2025-11-15T22:22:46.772+0000] {processor.py:186} INFO - Started process (PID=949) to work on /opt/airflow/dags/php_dag.py
[2025-11-15T22:22:46.772+0000] {processor.py:914} INFO - Processing file /opt/airflow/dags/php_dag.py for tasks to queue
[2025-11-15T22:22:46.774+0000] {logging_mixin.py:190} INFO - [2025-11-15T22:22:46.774+0000] {dagbag.py:587} INFO - Filling up the DagBag from /opt/airflow/dags/php_dag.py
[2025-11-15T22:22:46.784+0000] {processor.py:925} INFO - DAG(s) 'rodar_script_php' retrieved from /opt/airflow/dags/php_dag.py
[2025-11-15T22:22:46.804+0000] {logging_mixin.py:190} INFO - [2025-11-15T22:22:46.804+0000] {dag.py:3229} INFO - Sync 1 DAGs
[2025-11-15T22:22:46.821+0000] {logging_mixin.py:190} INFO - [2025-11-15T22:22:46.821+0000] {dag.py:4156} INFO - Setting next_dagrun for rodar_script_php to 2025-11-15 00:00:00+00:00, run_after=2025-11-16 00:00:00+00:00
[2025-11-15T22:22:46.834+0000] {processor.py:208} INFO - Processing /opt/airflow/dags/php_dag.py took 0.066 seconds
[2025-11-15T22:23:16.981+0000] {processor.py:186} INFO - Started process (PID=959) to work on /opt/airflow/dags/php_dag.py
[2025-11-15T22:23:16.982+0000] {processor.py:914} INFO - Processing file /opt/airflow/dags/php_dag.py for tasks to queue
[2025-11-15T22:23:16.983+0000] {logging_mixin.py:190} INFO - [2025-11-15T22:23:16.983+0000] {dagbag.py:587} INFO - Filling up the DagBag from /opt/airflow/dags/php_dag.py
[2025-11-15T22:23:16.992+0000] {processor.py:925} INFO - DAG(s) 'rodar_script_php' retrieved from /opt/airflow/dags/php_dag.py
[2025-11-15T22:23:17.011+0000] {logging_mixin.py:190} INFO - [2025-11-15T22:23:17.011+0000] {dag.py:3229} INFO - Sync 1 DAGs
[2025-11-15T22:23:17.029+0000] {logging_mixin.py:190} INFO - [2025-11-15T22:23:17.029+0000] {dag.py:4156} INFO - Setting next_dagrun for rodar_script_php to 2025-11-15 00:00:00+00:00, run_after=2025-11-16 00:00:00+00:00
[2025-11-15T22:23:17.040+0000] {processor.py:208} INFO - Processing /opt/airflow/dags/php_dag.py took 0.064 seconds
[2025-11-15T22:23:47.181+0000] {processor.py:186} INFO - Started process (PID=969) to work on /opt/airflow/dags/php_dag.py
[2025-11-15T22:23:47.182+0000] {processor.py:914} INFO - Processing file /opt/airflow/dags/php_dag.py for tasks to queue
[2025-11-15T22:23:47.183+0000] {logging_mixin.py:190} INFO - [2025-11-15T22:23:47.183+0000] {dagbag.py:587} INFO - Filling up the DagBag from /opt/airflow/dags/php_dag.py
[2025-11-15T22:23:47.194+0000] {processor.py:925} INFO - DAG(s) 'rodar_script_php' retrieved from /opt/airflow/dags/php_dag.py
[2025-11-15T22:23:47.213+0000] {logging_mixin.py:190} INFO - [2025-11-15T22:23:47.212+0000] {dag.py:3229} INFO - Sync 1 DAGs
[2025-11-15T22:23:47.231+0000] {logging_mixin.py:190} INFO - [2025-11-15T22:23:47.230+0000] {dag.py:4156} INFO - Setting next_dagrun for rodar_script_php to 2025-11-15 00:00:00+00:00, run_after=2025-11-16 00:00:00+00:00
[2025-11-15T22:23:47.242+0000] {processor.py:208} INFO - Processing /opt/airflow/dags/php_dag.py took 0.065 seconds
[2025-11-15T22:24:17.459+0000] {processor.py:186} INFO - Started process (PID=979) to work on /opt/airflow/dags/php_dag.py
[2025-11-15T22:24:17.460+0000] {processor.py:914} INFO - Processing file /opt/airflow/dags/php_dag.py for tasks to queue
[2025-11-15T22:24:17.462+0000] {logging_mixin.py:190} INFO - [2025-11-15T22:24:17.461+0000] {dagbag.py:587} INFO - Filling up the DagBag from /opt/airflow/dags/php_dag.py
[2025-11-15T22:24:17.472+0000] {processor.py:925} INFO - DAG(s) 'rodar_script_php' retrieved from /opt/airflow/dags/php_dag.py
[2025-11-15T22:24:17.491+0000] {logging_mixin.py:190} INFO - [2025-11-15T22:24:17.490+0000] {dag.py:3229} INFO - Sync 1 DAGs
[2025-11-15T22:24:17.508+0000] {logging_mixin.py:190} INFO - [2025-11-15T22:24:17.508+0000] {dag.py:4156} INFO - Setting next_dagrun for rodar_script_php to 2025-11-15 00:00:00+00:00, run_after=2025-11-16 00:00:00+00:00
[2025-11-15T22:24:17.520+0000] {processor.py:208} INFO - Processing /opt/airflow/dags/php_dag.py took 0.066 seconds
[2025-11-15T22:24:47.736+0000] {processor.py:186} INFO - Started process (PID=989) to work on /opt/airflow/dags/php_dag.py
[2025-11-15T22:24:47.736+0000] {processor.py:914} INFO - Processing file /opt/airflow/dags/php_dag.py for tasks to queue
[2025-11-15T22:24:47.738+0000] {logging_mixin.py:190} INFO - [2025-11-15T22:24:47.738+0000] {dagbag.py:587} INFO - Filling up the DagBag from /opt/airflow/dags/php_dag.py
[2025-11-15T22:24:47.747+0000] {processor.py:925} INFO - DAG(s) 'rodar_script_php' retrieved from /opt/airflow/dags/php_dag.py
[2025-11-15T22:24:47.767+0000] {logging_mixin.py:190} INFO - [2025-11-15T22:24:47.766+0000] {dag.py:3229} INFO - Sync 1 DAGs
[2025-11-15T22:24:47.784+0000] {logging_mixin.py:190} INFO - [2025-11-15T22:24:47.784+0000] {dag.py:4156} INFO - Setting next_dagrun for rodar_script_php to 2025-11-15 00:00:00+00:00, run_after=2025-11-16 00:00:00+00:00
[2025-11-15T22:24:47.797+0000] {processor.py:208} INFO - Processing /opt/airflow/dags/php_dag.py took 0.066 seconds
[2025-11-15T22:25:18.011+0000] {processor.py:186} INFO - Started process (PID=999) to work on /opt/airflow/dags/php_dag.py
[2025-11-15T22:25:18.012+0000] {processor.py:914} INFO - Processing file /opt/airflow/dags/php_dag.py for tasks to queue
[2025-11-15T22:25:18.014+0000] {logging_mixin.py:190} INFO - [2025-11-15T22:25:18.014+0000] {dagbag.py:587} INFO - Filling up the DagBag from /opt/airflow/dags/php_dag.py
[2025-11-15T22:25:18.025+0000] {processor.py:925} INFO - DAG(s) 'rodar_script_php' retrieved from /opt/airflow/dags/php_dag.py
[2025-11-15T22:25:18.045+0000] {logging_mixin.py:190} INFO - [2025-11-15T22:25:18.044+0000] {dag.py:3229} INFO - Sync 1 DAGs
[2025-11-15T22:25:18.062+0000] {logging_mixin.py:190} INFO - [2025-11-15T22:25:18.062+0000] {dag.py:4156} INFO - Setting next_dagrun for rodar_script_php to 2025-11-15 00:00:00+00:00, run_after=2025-11-16 00:00:00+00:00
[2025-11-15T22:25:18.074+0000] {processor.py:208} INFO - Processing /opt/airflow/dags/php_dag.py took 0.068 seconds
[2025-11-15T22:25:48.274+0000] {processor.py:186} INFO - Started process (PID=1009) to work on /opt/airflow/dags/php_dag.py
[2025-11-15T22:25:48.274+0000] {processor.py:914} INFO - Processing file /opt/airflow/dags/php_dag.py for tasks to queue
[2025-11-15T22:25:48.276+0000] {logging_mixin.py:190} INFO - [2025-11-15T22:25:48.276+0000] {dagbag.py:587} INFO - Filling up the DagBag from /opt/airflow/dags/php_dag.py
[2025-11-15T22:25:48.286+0000] {processor.py:925} INFO - DAG(s) 'rodar_script_php' retrieved from /opt/airflow/dags/php_dag.py
[2025-11-15T22:25:48.305+0000] {logging_mixin.py:190} INFO - [2025-11-15T22:25:48.305+0000] {dag.py:3229} INFO - Sync 1 DAGs
[2025-11-15T22:25:48.323+0000] {logging_mixin.py:190} INFO - [2025-11-15T22:25:48.323+0000] {dag.py:4156} INFO - Setting next_dagrun for rodar_script_php to 2025-11-15 00:00:00+00:00, run_after=2025-11-16 00:00:00+00:00
[2025-11-15T22:25:48.336+0000] {processor.py:208} INFO - Processing /opt/airflow/dags/php_dag.py took 0.066 seconds
[2025-11-15T22:26:18.491+0000] {processor.py:186} INFO - Started process (PID=1019) to work on /opt/airflow/dags/php_dag.py
[2025-11-15T22:26:18.492+0000] {processor.py:914} INFO - Processing file /opt/airflow/dags/php_dag.py for tasks to queue
[2025-11-15T22:26:18.494+0000] {logging_mixin.py:190} INFO - [2025-11-15T22:26:18.493+0000] {dagbag.py:587} INFO - Filling up the DagBag from /opt/airflow/dags/php_dag.py
[2025-11-15T22:26:18.504+0000] {processor.py:925} INFO - DAG(s) 'rodar_script_php' retrieved from /opt/airflow/dags/php_dag.py
[2025-11-15T22:26:18.524+0000] {logging_mixin.py:190} INFO - [2025-11-15T22:26:18.524+0000] {dag.py:3229} INFO - Sync 1 DAGs
[2025-11-15T22:26:18.543+0000] {logging_mixin.py:190} INFO - [2025-11-15T22:26:18.543+0000] {dag.py:4156} INFO - Setting next_dagrun for rodar_script_php to 2025-11-15 00:00:00+00:00, run_after=2025-11-16 00:00:00+00:00
[2025-11-15T22:26:18.557+0000] {processor.py:208} INFO - Processing /opt/airflow/dags/php_dag.py took 0.070 seconds
[2025-11-15T22:26:48.741+0000] {processor.py:186} INFO - Started process (PID=1029) to work on /opt/airflow/dags/php_dag.py
[2025-11-15T22:26:48.741+0000] {processor.py:914} INFO - Processing file /opt/airflow/dags/php_dag.py for tasks to queue
[2025-11-15T22:26:48.743+0000] {logging_mixin.py:190} INFO - [2025-11-15T22:26:48.743+0000] {dagbag.py:587} INFO - Filling up the DagBag from /opt/airflow/dags/php_dag.py
[2025-11-15T22:26:48.753+0000] {processor.py:925} INFO - DAG(s) 'rodar_script_php' retrieved from /opt/airflow/dags/php_dag.py
[2025-11-15T22:26:48.772+0000] {logging_mixin.py:190} INFO - [2025-11-15T22:26:48.772+0000] {dag.py:3229} INFO - Sync 1 DAGs
[2025-11-15T22:26:48.789+0000] {logging_mixin.py:190} INFO - [2025-11-15T22:26:48.789+0000] {dag.py:4156} INFO - Setting next_dagrun for rodar_script_php to 2025-11-15 00:00:00+00:00, run_after=2025-11-16 00:00:00+00:00
[2025-11-15T22:26:48.801+0000] {processor.py:208} INFO - Processing /opt/airflow/dags/php_dag.py took 0.064 seconds
[2025-11-15T22:27:18.985+0000] {processor.py:186} INFO - Started process (PID=1039) to work on /opt/airflow/dags/php_dag.py
[2025-11-15T22:27:18.985+0000] {processor.py:914} INFO - Processing file /opt/airflow/dags/php_dag.py for tasks to queue
[2025-11-15T22:27:18.987+0000] {logging_mixin.py:190} INFO - [2025-11-15T22:27:18.987+0000] {dagbag.py:587} INFO - Filling up the DagBag from /opt/airflow/dags/php_dag.py
[2025-11-15T22:27:18.997+0000] {processor.py:925} INFO - DAG(s) 'rodar_script_php' retrieved from /opt/airflow/dags/php_dag.py
[2025-11-15T22:27:19.015+0000] {logging_mixin.py:190} INFO - [2025-11-15T22:27:19.014+0000] {dag.py:3229} INFO - Sync 1 DAGs
[2025-11-15T22:27:19.033+0000] {logging_mixin.py:190} INFO - [2025-11-15T22:27:19.032+0000] {dag.py:4156} INFO - Setting next_dagrun for rodar_script_php to 2025-11-15 00:00:00+00:00, run_after=2025-11-16 00:00:00+00:00
[2025-11-15T22:27:19.044+0000] {processor.py:208} INFO - Processing /opt/airflow/dags/php_dag.py took 0.064 seconds
[2025-11-15T22:27:49.260+0000] {processor.py:186} INFO - Started process (PID=1049) to work on /opt/airflow/dags/php_dag.py
[2025-11-15T22:27:49.260+0000] {processor.py:914} INFO - Processing file /opt/airflow/dags/php_dag.py for tasks to queue
[2025-11-15T22:27:49.262+0000] {logging_mixin.py:190} INFO - [2025-11-15T22:27:49.262+0000] {dagbag.py:587} INFO - Filling up the DagBag from /opt/airflow/dags/php_dag.py
[2025-11-15T22:27:49.272+0000] {processor.py:925} INFO - DAG(s) 'rodar_script_php' retrieved from /opt/airflow/dags/php_dag.py
[2025-11-15T22:27:49.290+0000] {logging_mixin.py:190} INFO - [2025-11-15T22:27:49.290+0000] {dag.py:3229} INFO - Sync 1 DAGs
[2025-11-15T22:27:49.308+0000] {logging_mixin.py:190} INFO - [2025-11-15T22:27:49.308+0000] {dag.py:4156} INFO - Setting next_dagrun for rodar_script_php to 2025-11-15 00:00:00+00:00, run_after=2025-11-16 00:00:00+00:00
[2025-11-15T22:27:49.320+0000] {processor.py:208} INFO - Processing /opt/airflow/dags/php_dag.py took 0.064 seconds
[2025-11-15T22:28:19.485+0000] {processor.py:186} INFO - Started process (PID=1059) to work on /opt/airflow/dags/php_dag.py
[2025-11-15T22:28:19.485+0000] {processor.py:914} INFO - Processing file /opt/airflow/dags/php_dag.py for tasks to queue
[2025-11-15T22:28:19.488+0000] {logging_mixin.py:190} INFO - [2025-11-15T22:28:19.488+0000] {dagbag.py:587} INFO - Filling up the DagBag from /opt/airflow/dags/php_dag.py
[2025-11-15T22:28:19.497+0000] {processor.py:925} INFO - DAG(s) 'rodar_script_php' retrieved from /opt/airflow/dags/php_dag.py
[2025-11-15T22:28:19.515+0000] {logging_mixin.py:190} INFO - [2025-11-15T22:28:19.515+0000] {dag.py:3229} INFO - Sync 1 DAGs
[2025-11-15T22:28:19.533+0000] {logging_mixin.py:190} INFO - [2025-11-15T22:28:19.532+0000] {dag.py:4156} INFO - Setting next_dagrun for rodar_script_php to 2025-11-15 00:00:00+00:00, run_after=2025-11-16 00:00:00+00:00
[2025-11-15T22:28:19.545+0000] {processor.py:208} INFO - Processing /opt/airflow/dags/php_dag.py took 0.065 seconds
[2025-11-15T22:28:49.751+0000] {processor.py:186} INFO - Started process (PID=1069) to work on /opt/airflow/dags/php_dag.py
[2025-11-15T22:28:49.752+0000] {processor.py:914} INFO - Processing file /opt/airflow/dags/php_dag.py for tasks to queue
[2025-11-15T22:28:49.754+0000] {logging_mixin.py:190} INFO - [2025-11-15T22:28:49.753+0000] {dagbag.py:587} INFO - Filling up the DagBag from /opt/airflow/dags/php_dag.py
[2025-11-15T22:28:49.763+0000] {processor.py:925} INFO - DAG(s) 'rodar_script_php' retrieved from /opt/airflow/dags/php_dag.py
[2025-11-15T22:28:49.781+0000] {logging_mixin.py:190} INFO - [2025-11-15T22:28:49.781+0000] {dag.py:3229} INFO - Sync 1 DAGs
[2025-11-15T22:28:49.800+0000] {logging_mixin.py:190} INFO - [2025-11-15T22:28:49.800+0000] {dag.py:4156} INFO - Setting next_dagrun for rodar_script_php to 2025-11-15 00:00:00+00:00, run_after=2025-11-16 00:00:00+00:00
[2025-11-15T22:28:49.813+0000] {processor.py:208} INFO - Processing /opt/airflow/dags/php_dag.py took 0.066 seconds
[2025-11-15T22:29:20.012+0000] {processor.py:186} INFO - Started process (PID=1079) to work on /opt/airflow/dags/php_dag.py
[2025-11-15T22:29:20.013+0000] {processor.py:914} INFO - Processing file /opt/airflow/dags/php_dag.py for tasks to queue
[2025-11-15T22:29:20.015+0000] {logging_mixin.py:190} INFO - [2025-11-15T22:29:20.014+0000] {dagbag.py:587} INFO - Filling up the DagBag from /opt/airflow/dags/php_dag.py
[2025-11-15T22:29:20.024+0000] {processor.py:925} INFO - DAG(s) 'rodar_script_php' retrieved from /opt/airflow/dags/php_dag.py
[2025-11-15T22:29:20.042+0000] {logging_mixin.py:190} INFO - [2025-11-15T22:29:20.042+0000] {dag.py:3229} INFO - Sync 1 DAGs
[2025-11-15T22:29:20.060+0000] {logging_mixin.py:190} INFO - [2025-11-15T22:29:20.060+0000] {dag.py:4156} INFO - Setting next_dagrun for rodar_script_php to 2025-11-15 00:00:00+00:00, run_after=2025-11-16 00:00:00+00:00
[2025-11-15T22:29:20.072+0000] {processor.py:208} INFO - Processing /opt/airflow/dags/php_dag.py took 0.064 seconds
[2025-11-15T22:29:50.303+0000] {processor.py:186} INFO - Started process (PID=1089) to work on /opt/airflow/dags/php_dag.py
[2025-11-15T22:29:50.303+0000] {processor.py:914} INFO - Processing file /opt/airflow/dags/php_dag.py for tasks to queue
[2025-11-15T22:29:50.305+0000] {logging_mixin.py:190} INFO - [2025-11-15T22:29:50.305+0000] {dagbag.py:587} INFO - Filling up the DagBag from /opt/airflow/dags/php_dag.py
[2025-11-15T22:29:50.314+0000] {processor.py:925} INFO - DAG(s) 'rodar_script_php' retrieved from /opt/airflow/dags/php_dag.py
[2025-11-15T22:29:50.334+0000] {logging_mixin.py:190} INFO - [2025-11-15T22:29:50.334+0000] {dag.py:3229} INFO - Sync 1 DAGs
[2025-11-15T22:29:50.353+0000] {logging_mixin.py:190} INFO - [2025-11-15T22:29:50.352+0000] {dag.py:4156} INFO - Setting next_dagrun for rodar_script_php to 2025-11-15 00:00:00+00:00, run_after=2025-11-16 00:00:00+00:00
[2025-11-15T22:29:50.365+0000] {processor.py:208} INFO - Processing /opt/airflow/dags/php_dag.py took 0.066 seconds
[2025-11-15T22:30:20.566+0000] {processor.py:186} INFO - Started process (PID=1099) to work on /opt/airflow/dags/php_dag.py
[2025-11-15T22:30:20.566+0000] {processor.py:914} INFO - Processing file /opt/airflow/dags/php_dag.py for tasks to queue
[2025-11-15T22:30:20.568+0000] {logging_mixin.py:190} INFO - [2025-11-15T22:30:20.568+0000] {dagbag.py:587} INFO - Filling up the DagBag from /opt/airflow/dags/php_dag.py
[2025-11-15T22:30:20.578+0000] {processor.py:925} INFO - DAG(s) 'rodar_script_php' retrieved from /opt/airflow/dags/php_dag.py
[2025-11-15T22:30:20.596+0000] {logging_mixin.py:190} INFO - [2025-11-15T22:30:20.596+0000] {dag.py:3229} INFO - Sync 1 DAGs
[2025-11-15T22:30:20.614+0000] {logging_mixin.py:190} INFO - [2025-11-15T22:30:20.614+0000] {dag.py:4156} INFO - Setting next_dagrun for rodar_script_php to 2025-11-15 00:00:00+00:00, run_after=2025-11-16 00:00:00+00:00
[2025-11-15T22:30:20.627+0000] {processor.py:208} INFO - Processing /opt/airflow/dags/php_dag.py took 0.065 seconds
[2025-11-15T22:30:50.794+0000] {processor.py:186} INFO - Started process (PID=1109) to work on /opt/airflow/dags/php_dag.py
[2025-11-15T22:30:50.794+0000] {processor.py:914} INFO - Processing file /opt/airflow/dags/php_dag.py for tasks to queue
[2025-11-15T22:30:50.796+0000] {logging_mixin.py:190} INFO - [2025-11-15T22:30:50.796+0000] {dagbag.py:587} INFO - Filling up the DagBag from /opt/airflow/dags/php_dag.py
[2025-11-15T22:30:50.805+0000] {processor.py:925} INFO - DAG(s) 'rodar_script_php' retrieved from /opt/airflow/dags/php_dag.py
[2025-11-15T22:30:50.824+0000] {logging_mixin.py:190} INFO - [2025-11-15T22:30:50.824+0000] {dag.py:3229} INFO - Sync 1 DAGs
[2025-11-15T22:30:50.841+0000] {logging_mixin.py:190} INFO - [2025-11-15T22:30:50.841+0000] {dag.py:4156} INFO - Setting next_dagrun for rodar_script_php to 2025-11-15 00:00:00+00:00, run_after=2025-11-16 00:00:00+00:00
[2025-11-15T22:30:50.852+0000] {processor.py:208} INFO - Processing /opt/airflow/dags/php_dag.py took 0.062 seconds
[2025-11-15T22:31:21.029+0000] {processor.py:186} INFO - Started process (PID=1119) to work on /opt/airflow/dags/php_dag.py
[2025-11-15T22:31:21.029+0000] {processor.py:914} INFO - Processing file /opt/airflow/dags/php_dag.py for tasks to queue
[2025-11-15T22:31:21.032+0000] {logging_mixin.py:190} INFO - [2025-11-15T22:31:21.032+0000] {dagbag.py:587} INFO - Filling up the DagBag from /opt/airflow/dags/php_dag.py
[2025-11-15T22:31:21.040+0000] {processor.py:925} INFO - DAG(s) 'rodar_script_php' retrieved from /opt/airflow/dags/php_dag.py
[2025-11-15T22:31:21.059+0000] {logging_mixin.py:190} INFO - [2025-11-15T22:31:21.059+0000] {dag.py:3229} INFO - Sync 1 DAGs
[2025-11-15T22:31:21.076+0000] {logging_mixin.py:190} INFO - [2025-11-15T22:31:21.076+0000] {dag.py:4156} INFO - Setting next_dagrun for rodar_script_php to 2025-11-15 00:00:00+00:00, run_after=2025-11-16 00:00:00+00:00
[2025-11-15T22:31:21.089+0000] {processor.py:208} INFO - Processing /opt/airflow/dags/php_dag.py took 0.065 seconds
[2025-11-15T22:31:51.285+0000] {processor.py:186} INFO - Started process (PID=1129) to work on /opt/airflow/dags/php_dag.py
[2025-11-15T22:31:51.286+0000] {processor.py:914} INFO - Processing file /opt/airflow/dags/php_dag.py for tasks to queue
[2025-11-15T22:31:51.288+0000] {logging_mixin.py:190} INFO - [2025-11-15T22:31:51.287+0000] {dagbag.py:587} INFO - Filling up the DagBag from /opt/airflow/dags/php_dag.py
[2025-11-15T22:31:51.296+0000] {processor.py:925} INFO - DAG(s) 'rodar_script_php' retrieved from /opt/airflow/dags/php_dag.py
[2025-11-15T22:31:51.315+0000] {logging_mixin.py:190} INFO - [2025-11-15T22:31:51.314+0000] {dag.py:3229} INFO - Sync 1 DAGs
[2025-11-15T22:31:51.333+0000] {logging_mixin.py:190} INFO - [2025-11-15T22:31:51.332+0000] {dag.py:4156} INFO - Setting next_dagrun for rodar_script_php to 2025-11-15 00:00:00+00:00, run_after=2025-11-16 00:00:00+00:00
[2025-11-15T22:31:51.344+0000] {processor.py:208} INFO - Processing /opt/airflow/dags/php_dag.py took 0.064 seconds
[2025-11-15T22:32:21.520+0000] {processor.py:186} INFO - Started process (PID=1139) to work on /opt/airflow/dags/php_dag.py
[2025-11-15T22:32:21.520+0000] {processor.py:914} INFO - Processing file /opt/airflow/dags/php_dag.py for tasks to queue
[2025-11-15T22:32:21.522+0000] {logging_mixin.py:190} INFO - [2025-11-15T22:32:21.522+0000] {dagbag.py:587} INFO - Filling up the DagBag from /opt/airflow/dags/php_dag.py
[2025-11-15T22:32:21.532+0000] {processor.py:925} INFO - DAG(s) 'rodar_script_php' retrieved from /opt/airflow/dags/php_dag.py
[2025-11-15T22:32:21.550+0000] {logging_mixin.py:190} INFO - [2025-11-15T22:32:21.550+0000] {dag.py:3229} INFO - Sync 1 DAGs
[2025-11-15T22:32:21.569+0000] {logging_mixin.py:190} INFO - [2025-11-15T22:32:21.568+0000] {dag.py:4156} INFO - Setting next_dagrun for rodar_script_php to 2025-11-15 00:00:00+00:00, run_after=2025-11-16 00:00:00+00:00
[2025-11-15T22:32:21.580+0000] {processor.py:208} INFO - Processing /opt/airflow/dags/php_dag.py took 0.065 seconds
[2025-11-15T22:32:51.735+0000] {processor.py:186} INFO - Started process (PID=1149) to work on /opt/airflow/dags/php_dag.py
[2025-11-15T22:32:51.736+0000] {processor.py:914} INFO - Processing file /opt/airflow/dags/php_dag.py for tasks to queue
[2025-11-15T22:32:51.737+0000] {logging_mixin.py:190} INFO - [2025-11-15T22:32:51.737+0000] {dagbag.py:587} INFO - Filling up the DagBag from /opt/airflow/dags/php_dag.py
[2025-11-15T22:32:51.747+0000] {processor.py:925} INFO - DAG(s) 'rodar_script_php' retrieved from /opt/airflow/dags/php_dag.py
[2025-11-15T22:32:51.765+0000] {logging_mixin.py:190} INFO - [2025-11-15T22:32:51.765+0000] {dag.py:3229} INFO - Sync 1 DAGs
[2025-11-15T22:32:51.782+0000] {logging_mixin.py:190} INFO - [2025-11-15T22:32:51.782+0000] {dag.py:4156} INFO - Setting next_dagrun for rodar_script_php to 2025-11-15 00:00:00+00:00, run_after=2025-11-16 00:00:00+00:00
[2025-11-15T22:32:51.795+0000] {processor.py:208} INFO - Processing /opt/airflow/dags/php_dag.py took 0.064 seconds
[2025-11-15T22:33:21.953+0000] {processor.py:186} INFO - Started process (PID=1159) to work on /opt/airflow/dags/php_dag.py
[2025-11-15T22:33:21.953+0000] {processor.py:914} INFO - Processing file /opt/airflow/dags/php_dag.py for tasks to queue
[2025-11-15T22:33:21.955+0000] {logging_mixin.py:190} INFO - [2025-11-15T22:33:21.955+0000] {dagbag.py:587} INFO - Filling up the DagBag from /opt/airflow/dags/php_dag.py
[2025-11-15T22:33:21.965+0000] {processor.py:925} INFO - DAG(s) 'rodar_script_php' retrieved from /opt/airflow/dags/php_dag.py
[2025-11-15T22:33:21.982+0000] {logging_mixin.py:190} INFO - [2025-11-15T22:33:21.982+0000] {dag.py:3229} INFO - Sync 1 DAGs
[2025-11-15T22:33:21.999+0000] {logging_mixin.py:190} INFO - [2025-11-15T22:33:21.999+0000] {dag.py:4156} INFO - Setting next_dagrun for rodar_script_php to 2025-11-15 00:00:00+00:00, run_after=2025-11-16 00:00:00+00:00
[2025-11-15T22:33:22.011+0000] {processor.py:208} INFO - Processing /opt/airflow/dags/php_dag.py took 0.062 seconds
[2025-11-15T22:33:52.133+0000] {processor.py:186} INFO - Started process (PID=1169) to work on /opt/airflow/dags/php_dag.py
[2025-11-15T22:33:52.133+0000] {processor.py:914} INFO - Processing file /opt/airflow/dags/php_dag.py for tasks to queue
[2025-11-15T22:33:52.135+0000] {logging_mixin.py:190} INFO - [2025-11-15T22:33:52.135+0000] {dagbag.py:587} INFO - Filling up the DagBag from /opt/airflow/dags/php_dag.py
[2025-11-15T22:33:52.145+0000] {processor.py:925} INFO - DAG(s) 'rodar_script_php' retrieved from /opt/airflow/dags/php_dag.py
[2025-11-15T22:33:52.163+0000] {logging_mixin.py:190} INFO - [2025-11-15T22:33:52.163+0000] {dag.py:3229} INFO - Sync 1 DAGs
[2025-11-15T22:33:52.181+0000] {logging_mixin.py:190} INFO - [2025-11-15T22:33:52.180+0000] {dag.py:4156} INFO - Setting next_dagrun for rodar_script_php to 2025-11-15 00:00:00+00:00, run_after=2025-11-16 00:00:00+00:00
[2025-11-15T22:33:52.193+0000] {processor.py:208} INFO - Processing /opt/airflow/dags/php_dag.py took 0.065 seconds
[2025-11-15T22:34:22.368+0000] {processor.py:186} INFO - Started process (PID=1179) to work on /opt/airflow/dags/php_dag.py
[2025-11-15T22:34:22.368+0000] {processor.py:914} INFO - Processing file /opt/airflow/dags/php_dag.py for tasks to queue
[2025-11-15T22:34:22.371+0000] {logging_mixin.py:190} INFO - [2025-11-15T22:34:22.370+0000] {dagbag.py:587} INFO - Filling up the DagBag from /opt/airflow/dags/php_dag.py
[2025-11-15T22:34:22.380+0000] {processor.py:925} INFO - DAG(s) 'rodar_script_php' retrieved from /opt/airflow/dags/php_dag.py
[2025-11-15T22:34:22.399+0000] {logging_mixin.py:190} INFO - [2025-11-15T22:34:22.399+0000] {dag.py:3229} INFO - Sync 1 DAGs
[2025-11-15T22:34:22.417+0000] {logging_mixin.py:190} INFO - [2025-11-15T22:34:22.417+0000] {dag.py:4156} INFO - Setting next_dagrun for rodar_script_php to 2025-11-15 00:00:00+00:00, run_after=2025-11-16 00:00:00+00:00
[2025-11-15T22:34:22.430+0000] {processor.py:208} INFO - Processing /opt/airflow/dags/php_dag.py took 0.066 seconds
[2025-11-15T22:34:52.586+0000] {processor.py:186} INFO - Started process (PID=1189) to work on /opt/airflow/dags/php_dag.py
[2025-11-15T22:34:52.586+0000] {processor.py:914} INFO - Processing file /opt/airflow/dags/php_dag.py for tasks to queue
[2025-11-15T22:34:52.588+0000] {logging_mixin.py:190} INFO - [2025-11-15T22:34:52.588+0000] {dagbag.py:587} INFO - Filling up the DagBag from /opt/airflow/dags/php_dag.py
[2025-11-15T22:34:52.598+0000] {processor.py:925} INFO - DAG(s) 'rodar_script_php' retrieved from /opt/airflow/dags/php_dag.py
[2025-11-15T22:34:52.616+0000] {logging_mixin.py:190} INFO - [2025-11-15T22:34:52.616+0000] {dag.py:3229} INFO - Sync 1 DAGs
[2025-11-15T22:34:52.635+0000] {logging_mixin.py:190} INFO - [2025-11-15T22:34:52.635+0000] {dag.py:4156} INFO - Setting next_dagrun for rodar_script_php to 2025-11-15 00:00:00+00:00, run_after=2025-11-16 00:00:00+00:00
[2025-11-15T22:34:52.646+0000] {processor.py:208} INFO - Processing /opt/airflow/dags/php_dag.py took 0.065 seconds
[2025-11-15T22:35:22.772+0000] {processor.py:186} INFO - Started process (PID=1199) to work on /opt/airflow/dags/php_dag.py
[2025-11-15T22:35:22.773+0000] {processor.py:914} INFO - Processing file /opt/airflow/dags/php_dag.py for tasks to queue
[2025-11-15T22:35:22.774+0000] {logging_mixin.py:190} INFO - [2025-11-15T22:35:22.774+0000] {dagbag.py:587} INFO - Filling up the DagBag from /opt/airflow/dags/php_dag.py
[2025-11-15T22:35:22.784+0000] {processor.py:925} INFO - DAG(s) 'rodar_script_php' retrieved from /opt/airflow/dags/php_dag.py
[2025-11-15T22:35:22.803+0000] {logging_mixin.py:190} INFO - [2025-11-15T22:35:22.803+0000] {dag.py:3229} INFO - Sync 1 DAGs
[2025-11-15T22:35:22.821+0000] {logging_mixin.py:190} INFO - [2025-11-15T22:35:22.821+0000] {dag.py:4156} INFO - Setting next_dagrun for rodar_script_php to 2025-11-15 00:00:00+00:00, run_after=2025-11-16 00:00:00+00:00
[2025-11-15T22:35:22.832+0000] {processor.py:208} INFO - Processing /opt/airflow/dags/php_dag.py took 0.064 seconds
[2025-11-15T22:35:53.053+0000] {processor.py:186} INFO - Started process (PID=1209) to work on /opt/airflow/dags/php_dag.py
[2025-11-15T22:35:53.053+0000] {processor.py:914} INFO - Processing file /opt/airflow/dags/php_dag.py for tasks to queue
[2025-11-15T22:35:53.055+0000] {logging_mixin.py:190} INFO - [2025-11-15T22:35:53.055+0000] {dagbag.py:587} INFO - Filling up the DagBag from /opt/airflow/dags/php_dag.py
[2025-11-15T22:35:53.065+0000] {processor.py:925} INFO - DAG(s) 'rodar_script_php' retrieved from /opt/airflow/dags/php_dag.py
[2025-11-15T22:35:53.086+0000] {logging_mixin.py:190} INFO - [2025-11-15T22:35:53.085+0000] {dag.py:3229} INFO - Sync 1 DAGs
[2025-11-15T22:35:53.105+0000] {logging_mixin.py:190} INFO - [2025-11-15T22:35:53.105+0000] {dag.py:4156} INFO - Setting next_dagrun for rodar_script_php to 2025-11-15 00:00:00+00:00, run_after=2025-11-16 00:00:00+00:00
[2025-11-15T22:35:53.118+0000] {processor.py:208} INFO - Processing /opt/airflow/dags/php_dag.py took 0.070 seconds
[2025-11-15T22:36:23.257+0000] {processor.py:186} INFO - Started process (PID=1219) to work on /opt/airflow/dags/php_dag.py
[2025-11-15T22:36:23.257+0000] {processor.py:914} INFO - Processing file /opt/airflow/dags/php_dag.py for tasks to queue
[2025-11-15T22:36:23.259+0000] {logging_mixin.py:190} INFO - [2025-11-15T22:36:23.259+0000] {dagbag.py:587} INFO - Filling up the DagBag from /opt/airflow/dags/php_dag.py
[2025-11-15T22:36:23.269+0000] {processor.py:925} INFO - DAG(s) 'rodar_script_php' retrieved from /opt/airflow/dags/php_dag.py
[2025-11-15T22:36:23.287+0000] {logging_mixin.py:190} INFO - [2025-11-15T22:36:23.287+0000] {dag.py:3229} INFO - Sync 1 DAGs
[2025-11-15T22:36:23.305+0000] {logging_mixin.py:190} INFO - [2025-11-15T22:36:23.305+0000] {dag.py:4156} INFO - Setting next_dagrun for rodar_script_php to 2025-11-15 00:00:00+00:00, run_after=2025-11-16 00:00:00+00:00
[2025-11-15T22:36:23.317+0000] {processor.py:208} INFO - Processing /opt/airflow/dags/php_dag.py took 0.064 seconds
[2025-11-15T22:36:53.524+0000] {processor.py:186} INFO - Started process (PID=1229) to work on /opt/airflow/dags/php_dag.py
[2025-11-15T22:36:53.528+0000] {processor.py:914} INFO - Processing file /opt/airflow/dags/php_dag.py for tasks to queue
[2025-11-15T22:36:53.530+0000] {logging_mixin.py:190} INFO - [2025-11-15T22:36:53.529+0000] {dagbag.py:587} INFO - Filling up the DagBag from /opt/airflow/dags/php_dag.py
[2025-11-15T22:36:53.540+0000] {processor.py:925} INFO - DAG(s) 'rodar_script_php' retrieved from /opt/airflow/dags/php_dag.py
[2025-11-15T22:36:53.563+0000] {logging_mixin.py:190} INFO - [2025-11-15T22:36:53.563+0000] {dag.py:3229} INFO - Sync 1 DAGs
[2025-11-15T22:36:53.580+0000] {logging_mixin.py:190} INFO - [2025-11-15T22:36:53.580+0000] {dag.py:4156} INFO - Setting next_dagrun for rodar_script_php to 2025-11-15 00:00:00+00:00, run_after=2025-11-16 00:00:00+00:00
[2025-11-15T22:36:53.596+0000] {processor.py:208} INFO - Processing /opt/airflow/dags/php_dag.py took 0.076 seconds
[2025-11-15T22:37:23.771+0000] {processor.py:186} INFO - Started process (PID=1239) to work on /opt/airflow/dags/php_dag.py
[2025-11-15T22:37:23.771+0000] {processor.py:914} INFO - Processing file /opt/airflow/dags/php_dag.py for tasks to queue
[2025-11-15T22:37:23.773+0000] {logging_mixin.py:190} INFO - [2025-11-15T22:37:23.773+0000] {dagbag.py:587} INFO - Filling up the DagBag from /opt/airflow/dags/php_dag.py
[2025-11-15T22:37:23.783+0000] {processor.py:925} INFO - DAG(s) 'rodar_script_php' retrieved from /opt/airflow/dags/php_dag.py
[2025-11-15T22:37:23.801+0000] {logging_mixin.py:190} INFO - [2025-11-15T22:37:23.801+0000] {dag.py:3229} INFO - Sync 1 DAGs
[2025-11-15T22:37:23.819+0000] {logging_mixin.py:190} INFO - [2025-11-15T22:37:23.819+0000] {dag.py:4156} INFO - Setting next_dagrun for rodar_script_php to 2025-11-15 00:00:00+00:00, run_after=2025-11-16 00:00:00+00:00
[2025-11-15T22:37:23.831+0000] {processor.py:208} INFO - Processing /opt/airflow/dags/php_dag.py took 0.064 seconds
[2025-11-15T22:37:54.022+0000] {processor.py:186} INFO - Started process (PID=1249) to work on /opt/airflow/dags/php_dag.py
[2025-11-15T22:37:54.022+0000] {processor.py:914} INFO - Processing file /opt/airflow/dags/php_dag.py for tasks to queue
[2025-11-15T22:37:54.025+0000] {logging_mixin.py:190} INFO - [2025-11-15T22:37:54.025+0000] {dagbag.py:587} INFO - Filling up the DagBag from /opt/airflow/dags/php_dag.py
[2025-11-15T22:37:54.034+0000] {processor.py:925} INFO - DAG(s) 'rodar_script_php' retrieved from /opt/airflow/dags/php_dag.py
[2025-11-15T22:37:54.052+0000] {logging_mixin.py:190} INFO - [2025-11-15T22:37:54.052+0000] {dag.py:3229} INFO - Sync 1 DAGs
[2025-11-15T22:37:54.072+0000] {logging_mixin.py:190} INFO - [2025-11-15T22:37:54.072+0000] {dag.py:4156} INFO - Setting next_dagrun for rodar_script_php to 2025-11-15 00:00:00+00:00, run_after=2025-11-16 00:00:00+00:00
[2025-11-15T22:37:54.084+0000] {processor.py:208} INFO - Processing /opt/airflow/dags/php_dag.py took 0.066 seconds
[2025-11-15T22:38:24.270+0000] {processor.py:186} INFO - Started process (PID=1259) to work on /opt/airflow/dags/php_dag.py
[2025-11-15T22:38:24.271+0000] {processor.py:914} INFO - Processing file /opt/airflow/dags/php_dag.py for tasks to queue
[2025-11-15T22:38:24.273+0000] {logging_mixin.py:190} INFO - [2025-11-15T22:38:24.273+0000] {dagbag.py:587} INFO - Filling up the DagBag from /opt/airflow/dags/php_dag.py
[2025-11-15T22:38:24.282+0000] {processor.py:925} INFO - DAG(s) 'rodar_script_php' retrieved from /opt/airflow/dags/php_dag.py
[2025-11-15T22:38:24.301+0000] {logging_mixin.py:190} INFO - [2025-11-15T22:38:24.301+0000] {dag.py:3229} INFO - Sync 1 DAGs
[2025-11-15T22:38:24.320+0000] {logging_mixin.py:190} INFO - [2025-11-15T22:38:24.319+0000] {dag.py:4156} INFO - Setting next_dagrun for rodar_script_php to 2025-11-15 00:00:00+00:00, run_after=2025-11-16 00:00:00+00:00
[2025-11-15T22:38:24.332+0000] {processor.py:208} INFO - Processing /opt/airflow/dags/php_dag.py took 0.066 seconds
[2025-11-15T22:38:54.514+0000] {processor.py:186} INFO - Started process (PID=1269) to work on /opt/airflow/dags/php_dag.py
[2025-11-15T22:38:54.515+0000] {processor.py:914} INFO - Processing file /opt/airflow/dags/php_dag.py for tasks to queue
[2025-11-15T22:38:54.517+0000] {logging_mixin.py:190} INFO - [2025-11-15T22:38:54.516+0000] {dagbag.py:587} INFO - Filling up the DagBag from /opt/airflow/dags/php_dag.py
[2025-11-15T22:38:54.527+0000] {processor.py:925} INFO - DAG(s) 'rodar_script_php' retrieved from /opt/airflow/dags/php_dag.py
[2025-11-15T22:38:54.546+0000] {logging_mixin.py:190} INFO - [2025-11-15T22:38:54.546+0000] {dag.py:3229} INFO - Sync 1 DAGs
[2025-11-15T22:38:54.565+0000] {logging_mixin.py:190} INFO - [2025-11-15T22:38:54.565+0000] {dag.py:4156} INFO - Setting next_dagrun for rodar_script_php to 2025-11-15 00:00:00+00:00, run_after=2025-11-16 00:00:00+00:00
[2025-11-15T22:38:54.577+0000] {processor.py:208} INFO - Processing /opt/airflow/dags/php_dag.py took 0.067 seconds
[2025-11-15T22:39:24.753+0000] {processor.py:186} INFO - Started process (PID=1279) to work on /opt/airflow/dags/php_dag.py
[2025-11-15T22:39:24.754+0000] {processor.py:914} INFO - Processing file /opt/airflow/dags/php_dag.py for tasks to queue
[2025-11-15T22:39:24.756+0000] {logging_mixin.py:190} INFO - [2025-11-15T22:39:24.756+0000] {dagbag.py:587} INFO - Filling up the DagBag from /opt/airflow/dags/php_dag.py
[2025-11-15T22:39:24.766+0000] {processor.py:925} INFO - DAG(s) 'rodar_script_php' retrieved from /opt/airflow/dags/php_dag.py
[2025-11-15T22:39:24.784+0000] {logging_mixin.py:190} INFO - [2025-11-15T22:39:24.784+0000] {dag.py:3229} INFO - Sync 1 DAGs
[2025-11-15T22:39:24.802+0000] {logging_mixin.py:190} INFO - [2025-11-15T22:39:24.802+0000] {dag.py:4156} INFO - Setting next_dagrun for rodar_script_php to 2025-11-15 00:00:00+00:00, run_after=2025-11-16 00:00:00+00:00
[2025-11-15T22:39:24.815+0000] {processor.py:208} INFO - Processing /opt/airflow/dags/php_dag.py took 0.066 seconds
[2025-11-15T22:39:54.965+0000] {processor.py:186} INFO - Started process (PID=1289) to work on /opt/airflow/dags/php_dag.py
[2025-11-15T22:39:54.965+0000] {processor.py:914} INFO - Processing file /opt/airflow/dags/php_dag.py for tasks to queue
[2025-11-15T22:39:54.967+0000] {logging_mixin.py:190} INFO - [2025-11-15T22:39:54.967+0000] {dagbag.py:587} INFO - Filling up the DagBag from /opt/airflow/dags/php_dag.py
[2025-11-15T22:39:54.978+0000] {processor.py:925} INFO - DAG(s) 'rodar_script_php' retrieved from /opt/airflow/dags/php_dag.py
[2025-11-15T22:39:54.996+0000] {logging_mixin.py:190} INFO - [2025-11-15T22:39:54.996+0000] {dag.py:3229} INFO - Sync 1 DAGs
[2025-11-15T22:39:55.015+0000] {logging_mixin.py:190} INFO - [2025-11-15T22:39:55.015+0000] {dag.py:4156} INFO - Setting next_dagrun for rodar_script_php to 2025-11-15 00:00:00+00:00, run_after=2025-11-16 00:00:00+00:00
[2025-11-15T22:39:55.026+0000] {processor.py:208} INFO - Processing /opt/airflow/dags/php_dag.py took 0.067 seconds
[2025-11-15T22:40:25.193+0000] {processor.py:186} INFO - Started process (PID=1299) to work on /opt/airflow/dags/php_dag.py
[2025-11-15T22:40:25.197+0000] {processor.py:914} INFO - Processing file /opt/airflow/dags/php_dag.py for tasks to queue
[2025-11-15T22:40:25.199+0000] {logging_mixin.py:190} INFO - [2025-11-15T22:40:25.199+0000] {dagbag.py:587} INFO - Filling up the DagBag from /opt/airflow/dags/php_dag.py
[2025-11-15T22:40:25.209+0000] {processor.py:925} INFO - DAG(s) 'rodar_script_php' retrieved from /opt/airflow/dags/php_dag.py
[2025-11-15T22:40:25.229+0000] {logging_mixin.py:190} INFO - [2025-11-15T22:40:25.229+0000] {dag.py:3229} INFO - Sync 1 DAGs
[2025-11-15T22:40:25.247+0000] {logging_mixin.py:190} INFO - [2025-11-15T22:40:25.247+0000] {dag.py:4156} INFO - Setting next_dagrun for rodar_script_php to 2025-11-15 00:00:00+00:00, run_after=2025-11-16 00:00:00+00:00
[2025-11-15T22:40:25.263+0000] {processor.py:208} INFO - Processing /opt/airflow/dags/php_dag.py took 0.074 seconds
[2025-11-15T22:40:55.445+0000] {processor.py:186} INFO - Started process (PID=1309) to work on /opt/airflow/dags/php_dag.py
[2025-11-15T22:40:55.445+0000] {processor.py:914} INFO - Processing file /opt/airflow/dags/php_dag.py for tasks to queue
[2025-11-15T22:40:55.448+0000] {logging_mixin.py:190} INFO - [2025-11-15T22:40:55.447+0000] {dagbag.py:587} INFO - Filling up the DagBag from /opt/airflow/dags/php_dag.py
[2025-11-15T22:40:55.456+0000] {processor.py:925} INFO - DAG(s) 'rodar_script_php' retrieved from /opt/airflow/dags/php_dag.py
[2025-11-15T22:40:55.476+0000] {logging_mixin.py:190} INFO - [2025-11-15T22:40:55.476+0000] {dag.py:3229} INFO - Sync 1 DAGs
[2025-11-15T22:40:55.494+0000] {logging_mixin.py:190} INFO - [2025-11-15T22:40:55.494+0000] {dag.py:4156} INFO - Setting next_dagrun for rodar_script_php to 2025-11-15 00:00:00+00:00, run_after=2025-11-16 00:00:00+00:00
[2025-11-15T22:40:55.506+0000] {processor.py:208} INFO - Processing /opt/airflow/dags/php_dag.py took 0.065 seconds
[2025-11-15T22:41:25.673+0000] {processor.py:186} INFO - Started process (PID=1319) to work on /opt/airflow/dags/php_dag.py
[2025-11-15T22:41:25.673+0000] {processor.py:914} INFO - Processing file /opt/airflow/dags/php_dag.py for tasks to queue
[2025-11-15T22:41:25.676+0000] {logging_mixin.py:190} INFO - [2025-11-15T22:41:25.675+0000] {dagbag.py:587} INFO - Filling up the DagBag from /opt/airflow/dags/php_dag.py
[2025-11-15T22:41:25.685+0000] {processor.py:925} INFO - DAG(s) 'rodar_script_php' retrieved from /opt/airflow/dags/php_dag.py
[2025-11-15T22:41:25.703+0000] {logging_mixin.py:190} INFO - [2025-11-15T22:41:25.703+0000] {dag.py:3229} INFO - Sync 1 DAGs
[2025-11-15T22:41:25.721+0000] {logging_mixin.py:190} INFO - [2025-11-15T22:41:25.721+0000] {dag.py:4156} INFO - Setting next_dagrun for rodar_script_php to 2025-11-15 00:00:00+00:00, run_after=2025-11-16 00:00:00+00:00
[2025-11-15T22:41:25.733+0000] {processor.py:208} INFO - Processing /opt/airflow/dags/php_dag.py took 0.064 seconds
[2025-11-15T22:41:55.901+0000] {processor.py:186} INFO - Started process (PID=1329) to work on /opt/airflow/dags/php_dag.py
[2025-11-15T22:41:55.901+0000] {processor.py:914} INFO - Processing file /opt/airflow/dags/php_dag.py for tasks to queue
[2025-11-15T22:41:55.903+0000] {logging_mixin.py:190} INFO - [2025-11-15T22:41:55.902+0000] {dagbag.py:587} INFO - Filling up the DagBag from /opt/airflow/dags/php_dag.py
[2025-11-15T22:41:55.913+0000] {processor.py:925} INFO - DAG(s) 'rodar_script_php' retrieved from /opt/airflow/dags/php_dag.py
[2025-11-15T22:41:55.933+0000] {logging_mixin.py:190} INFO - [2025-11-15T22:41:55.933+0000] {dag.py:3229} INFO - Sync 1 DAGs
[2025-11-15T22:41:55.951+0000] {logging_mixin.py:190} INFO - [2025-11-15T22:41:55.950+0000] {dag.py:4156} INFO - Setting next_dagrun for rodar_script_php to 2025-11-15 00:00:00+00:00, run_after=2025-11-16 00:00:00+00:00
[2025-11-15T22:41:55.962+0000] {processor.py:208} INFO - Processing /opt/airflow/dags/php_dag.py took 0.066 seconds
[2025-11-15T22:42:26.153+0000] {processor.py:186} INFO - Started process (PID=1339) to work on /opt/airflow/dags/php_dag.py
[2025-11-15T22:42:26.153+0000] {processor.py:914} INFO - Processing file /opt/airflow/dags/php_dag.py for tasks to queue
[2025-11-15T22:42:26.155+0000] {logging_mixin.py:190} INFO - [2025-11-15T22:42:26.154+0000] {dagbag.py:587} INFO - Filling up the DagBag from /opt/airflow/dags/php_dag.py
[2025-11-15T22:42:26.164+0000] {processor.py:925} INFO - DAG(s) 'rodar_script_php' retrieved from /opt/airflow/dags/php_dag.py
[2025-11-15T22:42:26.182+0000] {logging_mixin.py:190} INFO - [2025-11-15T22:42:26.182+0000] {dag.py:3229} INFO - Sync 1 DAGs
[2025-11-15T22:42:26.201+0000] {logging_mixin.py:190} INFO - [2025-11-15T22:42:26.201+0000] {dag.py:4156} INFO - Setting next_dagrun for rodar_script_php to 2025-11-15 00:00:00+00:00, run_after=2025-11-16 00:00:00+00:00
[2025-11-15T22:42:26.214+0000] {processor.py:208} INFO - Processing /opt/airflow/dags/php_dag.py took 0.066 seconds
[2025-11-15T22:42:56.356+0000] {processor.py:186} INFO - Started process (PID=1349) to work on /opt/airflow/dags/php_dag.py
[2025-11-15T22:42:56.357+0000] {processor.py:914} INFO - Processing file /opt/airflow/dags/php_dag.py for tasks to queue
[2025-11-15T22:42:56.358+0000] {logging_mixin.py:190} INFO - [2025-11-15T22:42:56.358+0000] {dagbag.py:587} INFO - Filling up the DagBag from /opt/airflow/dags/php_dag.py
[2025-11-15T22:42:56.373+0000] {processor.py:925} INFO - DAG(s) 'rodar_script_php' retrieved from /opt/airflow/dags/php_dag.py
[2025-11-15T22:42:56.401+0000] {logging_mixin.py:190} INFO - [2025-11-15T22:42:56.400+0000] {dag.py:3229} INFO - Sync 1 DAGs
[2025-11-15T22:42:56.426+0000] {logging_mixin.py:190} INFO - [2025-11-15T22:42:56.425+0000] {dag.py:4156} INFO - Setting next_dagrun for rodar_script_php to 2025-11-15 00:00:00+00:00, run_after=2025-11-16 00:00:00+00:00
[2025-11-15T22:42:56.440+0000] {processor.py:208} INFO - Processing /opt/airflow/dags/php_dag.py took 0.090 seconds
[2025-11-15T22:43:26.642+0000] {processor.py:186} INFO - Started process (PID=1359) to work on /opt/airflow/dags/php_dag.py
[2025-11-15T22:43:26.642+0000] {processor.py:914} INFO - Processing file /opt/airflow/dags/php_dag.py for tasks to queue
[2025-11-15T22:43:26.644+0000] {logging_mixin.py:190} INFO - [2025-11-15T22:43:26.644+0000] {dagbag.py:587} INFO - Filling up the DagBag from /opt/airflow/dags/php_dag.py
[2025-11-15T22:43:26.653+0000] {processor.py:925} INFO - DAG(s) 'rodar_script_php' retrieved from /opt/airflow/dags/php_dag.py
[2025-11-15T22:43:26.672+0000] {logging_mixin.py:190} INFO - [2025-11-15T22:43:26.672+0000] {dag.py:3229} INFO - Sync 1 DAGs
[2025-11-15T22:43:26.690+0000] {logging_mixin.py:190} INFO - [2025-11-15T22:43:26.690+0000] {dag.py:4156} INFO - Setting next_dagrun for rodar_script_php to 2025-11-15 00:00:00+00:00, run_after=2025-11-16 00:00:00+00:00
[2025-11-15T22:43:26.703+0000] {processor.py:208} INFO - Processing /opt/airflow/dags/php_dag.py took 0.066 seconds
[2025-11-15T22:43:56.896+0000] {processor.py:186} INFO - Started process (PID=1369) to work on /opt/airflow/dags/php_dag.py
[2025-11-15T22:43:56.897+0000] {processor.py:914} INFO - Processing file /opt/airflow/dags/php_dag.py for tasks to queue
[2025-11-15T22:43:56.899+0000] {logging_mixin.py:190} INFO - [2025-11-15T22:43:56.899+0000] {dagbag.py:587} INFO - Filling up the DagBag from /opt/airflow/dags/php_dag.py
[2025-11-15T22:43:56.908+0000] {processor.py:925} INFO - DAG(s) 'rodar_script_php' retrieved from /opt/airflow/dags/php_dag.py
[2025-11-15T22:43:56.928+0000] {logging_mixin.py:190} INFO - [2025-11-15T22:43:56.928+0000] {dag.py:3229} INFO - Sync 1 DAGs
[2025-11-15T22:43:56.946+0000] {logging_mixin.py:190} INFO - [2025-11-15T22:43:56.946+0000] {dag.py:4156} INFO - Setting next_dagrun for rodar_script_php to 2025-11-15 00:00:00+00:00, run_after=2025-11-16 00:00:00+00:00
[2025-11-15T22:43:56.958+0000] {processor.py:208} INFO - Processing /opt/airflow/dags/php_dag.py took 0.066 seconds
[2025-11-15T22:44:27.133+0000] {processor.py:186} INFO - Started process (PID=1379) to work on /opt/airflow/dags/php_dag.py
[2025-11-15T22:44:27.133+0000] {processor.py:914} INFO - Processing file /opt/airflow/dags/php_dag.py for tasks to queue
[2025-11-15T22:44:27.135+0000] {logging_mixin.py:190} INFO - [2025-11-15T22:44:27.135+0000] {dagbag.py:587} INFO - Filling up the DagBag from /opt/airflow/dags/php_dag.py
[2025-11-15T22:44:27.144+0000] {processor.py:925} INFO - DAG(s) 'rodar_script_php' retrieved from /opt/airflow/dags/php_dag.py
[2025-11-15T22:44:27.164+0000] {logging_mixin.py:190} INFO - [2025-11-15T22:44:27.164+0000] {dag.py:3229} INFO - Sync 1 DAGs
[2025-11-15T22:44:27.182+0000] {logging_mixin.py:190} INFO - [2025-11-15T22:44:27.182+0000] {dag.py:4156} INFO - Setting next_dagrun for rodar_script_php to 2025-11-15 00:00:00+00:00, run_after=2025-11-16 00:00:00+00:00
[2025-11-15T22:44:27.194+0000] {processor.py:208} INFO - Processing /opt/airflow/dags/php_dag.py took 0.066 seconds
[2025-11-15T22:44:57.373+0000] {processor.py:186} INFO - Started process (PID=1389) to work on /opt/airflow/dags/php_dag.py
[2025-11-15T22:44:57.374+0000] {processor.py:914} INFO - Processing file /opt/airflow/dags/php_dag.py for tasks to queue
[2025-11-15T22:44:57.376+0000] {logging_mixin.py:190} INFO - [2025-11-15T22:44:57.375+0000] {dagbag.py:587} INFO - Filling up the DagBag from /opt/airflow/dags/php_dag.py
[2025-11-15T22:44:57.385+0000] {processor.py:925} INFO - DAG(s) 'rodar_script_php' retrieved from /opt/airflow/dags/php_dag.py
[2025-11-15T22:44:57.404+0000] {logging_mixin.py:190} INFO - [2025-11-15T22:44:57.404+0000] {dag.py:3229} INFO - Sync 1 DAGs
[2025-11-15T22:44:57.423+0000] {logging_mixin.py:190} INFO - [2025-11-15T22:44:57.423+0000] {dag.py:4156} INFO - Setting next_dagrun for rodar_script_php to 2025-11-15 00:00:00+00:00, run_after=2025-11-16 00:00:00+00:00
[2025-11-15T22:44:57.436+0000] {processor.py:208} INFO - Processing /opt/airflow/dags/php_dag.py took 0.066 seconds
[2025-11-15T22:45:27.592+0000] {processor.py:186} INFO - Started process (PID=1399) to work on /opt/airflow/dags/php_dag.py
[2025-11-15T22:45:27.592+0000] {processor.py:914} INFO - Processing file /opt/airflow/dags/php_dag.py for tasks to queue
[2025-11-15T22:45:27.594+0000] {logging_mixin.py:190} INFO - [2025-11-15T22:45:27.594+0000] {dagbag.py:587} INFO - Filling up the DagBag from /opt/airflow/dags/php_dag.py
[2025-11-15T22:45:27.605+0000] {processor.py:925} INFO - DAG(s) 'rodar_script_php' retrieved from /opt/airflow/dags/php_dag.py
[2025-11-15T22:45:27.624+0000] {logging_mixin.py:190} INFO - [2025-11-15T22:45:27.624+0000] {dag.py:3229} INFO - Sync 1 DAGs
[2025-11-15T22:45:27.643+0000] {logging_mixin.py:190} INFO - [2025-11-15T22:45:27.643+0000] {dag.py:4156} INFO - Setting next_dagrun for rodar_script_php to 2025-11-15 00:00:00+00:00, run_after=2025-11-16 00:00:00+00:00
[2025-11-15T22:45:27.658+0000] {processor.py:208} INFO - Processing /opt/airflow/dags/php_dag.py took 0.070 seconds
[2025-11-15T22:45:57.838+0000] {processor.py:186} INFO - Started process (PID=1409) to work on /opt/airflow/dags/php_dag.py
[2025-11-15T22:45:57.841+0000] {processor.py:914} INFO - Processing file /opt/airflow/dags/php_dag.py for tasks to queue
[2025-11-15T22:45:57.843+0000] {logging_mixin.py:190} INFO - [2025-11-15T22:45:57.843+0000] {dagbag.py:587} INFO - Filling up the DagBag from /opt/airflow/dags/php_dag.py
[2025-11-15T22:45:57.853+0000] {processor.py:925} INFO - DAG(s) 'rodar_script_php' retrieved from /opt/airflow/dags/php_dag.py
[2025-11-15T22:45:57.873+0000] {logging_mixin.py:190} INFO - [2025-11-15T22:45:57.873+0000] {dag.py:3229} INFO - Sync 1 DAGs
[2025-11-15T22:45:57.892+0000] {logging_mixin.py:190} INFO - [2025-11-15T22:45:57.891+0000] {dag.py:4156} INFO - Setting next_dagrun for rodar_script_php to 2025-11-15 00:00:00+00:00, run_after=2025-11-16 00:00:00+00:00
[2025-11-15T22:45:57.904+0000] {processor.py:208} INFO - Processing /opt/airflow/dags/php_dag.py took 0.070 seconds
[2025-11-15T22:46:28.055+0000] {processor.py:186} INFO - Started process (PID=1419) to work on /opt/airflow/dags/php_dag.py
[2025-11-15T22:46:28.056+0000] {processor.py:914} INFO - Processing file /opt/airflow/dags/php_dag.py for tasks to queue
[2025-11-15T22:46:28.057+0000] {logging_mixin.py:190} INFO - [2025-11-15T22:46:28.057+0000] {dagbag.py:587} INFO - Filling up the DagBag from /opt/airflow/dags/php_dag.py
[2025-11-15T22:46:28.067+0000] {processor.py:925} INFO - DAG(s) 'rodar_script_php' retrieved from /opt/airflow/dags/php_dag.py
[2025-11-15T22:46:28.087+0000] {logging_mixin.py:190} INFO - [2025-11-15T22:46:28.087+0000] {dag.py:3229} INFO - Sync 1 DAGs
[2025-11-15T22:46:28.105+0000] {logging_mixin.py:190} INFO - [2025-11-15T22:46:28.105+0000] {dag.py:4156} INFO - Setting next_dagrun for rodar_script_php to 2025-11-15 00:00:00+00:00, run_after=2025-11-16 00:00:00+00:00
[2025-11-15T22:46:28.116+0000] {processor.py:208} INFO - Processing /opt/airflow/dags/php_dag.py took 0.065 seconds
[2025-11-15T22:46:58.317+0000] {processor.py:186} INFO - Started process (PID=1429) to work on /opt/airflow/dags/php_dag.py
[2025-11-15T22:46:58.321+0000] {processor.py:914} INFO - Processing file /opt/airflow/dags/php_dag.py for tasks to queue
[2025-11-15T22:46:58.323+0000] {logging_mixin.py:190} INFO - [2025-11-15T22:46:58.322+0000] {dagbag.py:587} INFO - Filling up the DagBag from /opt/airflow/dags/php_dag.py
[2025-11-15T22:46:58.333+0000] {processor.py:925} INFO - DAG(s) 'rodar_script_php' retrieved from /opt/airflow/dags/php_dag.py
[2025-11-15T22:46:58.352+0000] {logging_mixin.py:190} INFO - [2025-11-15T22:46:58.352+0000] {dag.py:3229} INFO - Sync 1 DAGs
[2025-11-15T22:46:58.370+0000] {logging_mixin.py:190} INFO - [2025-11-15T22:46:58.370+0000] {dag.py:4156} INFO - Setting next_dagrun for rodar_script_php to 2025-11-15 00:00:00+00:00, run_after=2025-11-16 00:00:00+00:00
[2025-11-15T22:46:58.382+0000] {processor.py:208} INFO - Processing /opt/airflow/dags/php_dag.py took 0.068 seconds
[2025-11-15T22:47:28.542+0000] {processor.py:186} INFO - Started process (PID=1439) to work on /opt/airflow/dags/php_dag.py
[2025-11-15T22:47:28.543+0000] {processor.py:914} INFO - Processing file /opt/airflow/dags/php_dag.py for tasks to queue
[2025-11-15T22:47:28.545+0000] {logging_mixin.py:190} INFO - [2025-11-15T22:47:28.545+0000] {dagbag.py:587} INFO - Filling up the DagBag from /opt/airflow/dags/php_dag.py
[2025-11-15T22:47:28.554+0000] {processor.py:925} INFO - DAG(s) 'rodar_script_php' retrieved from /opt/airflow/dags/php_dag.py
[2025-11-15T22:47:28.574+0000] {logging_mixin.py:190} INFO - [2025-11-15T22:47:28.574+0000] {dag.py:3229} INFO - Sync 1 DAGs
[2025-11-15T22:47:28.592+0000] {logging_mixin.py:190} INFO - [2025-11-15T22:47:28.592+0000] {dag.py:4156} INFO - Setting next_dagrun for rodar_script_php to 2025-11-15 00:00:00+00:00, run_after=2025-11-16 00:00:00+00:00
[2025-11-15T22:47:28.604+0000] {processor.py:208} INFO - Processing /opt/airflow/dags/php_dag.py took 0.066 seconds
[2025-11-15T22:47:58.742+0000] {processor.py:186} INFO - Started process (PID=1449) to work on /opt/airflow/dags/php_dag.py
[2025-11-15T22:47:58.743+0000] {processor.py:914} INFO - Processing file /opt/airflow/dags/php_dag.py for tasks to queue
[2025-11-15T22:47:58.748+0000] {logging_mixin.py:190} INFO - [2025-11-15T22:47:58.748+0000] {dagbag.py:587} INFO - Filling up the DagBag from /opt/airflow/dags/php_dag.py
[2025-11-15T22:47:58.758+0000] {processor.py:925} INFO - DAG(s) 'rodar_script_php' retrieved from /opt/airflow/dags/php_dag.py
[2025-11-15T22:47:58.776+0000] {logging_mixin.py:190} INFO - [2025-11-15T22:47:58.776+0000] {dag.py:3229} INFO - Sync 1 DAGs
[2025-11-15T22:47:58.794+0000] {logging_mixin.py:190} INFO - [2025-11-15T22:47:58.794+0000] {dag.py:4156} INFO - Setting next_dagrun for rodar_script_php to 2025-11-15 00:00:00+00:00, run_after=2025-11-16 00:00:00+00:00
[2025-11-15T22:47:58.807+0000] {processor.py:208} INFO - Processing /opt/airflow/dags/php_dag.py took 0.070 seconds
[2025-11-15T22:48:28.997+0000] {processor.py:186} INFO - Started process (PID=1459) to work on /opt/airflow/dags/php_dag.py
[2025-11-15T22:48:28.998+0000] {processor.py:914} INFO - Processing file /opt/airflow/dags/php_dag.py for tasks to queue
[2025-11-15T22:48:29.000+0000] {logging_mixin.py:190} INFO - [2025-11-15T22:48:29.000+0000] {dagbag.py:587} INFO - Filling up the DagBag from /opt/airflow/dags/php_dag.py
[2025-11-15T22:48:29.009+0000] {processor.py:925} INFO - DAG(s) 'rodar_script_php' retrieved from /opt/airflow/dags/php_dag.py
[2025-11-15T22:48:29.027+0000] {logging_mixin.py:190} INFO - [2025-11-15T22:48:29.027+0000] {dag.py:3229} INFO - Sync 1 DAGs
[2025-11-15T22:48:29.045+0000] {logging_mixin.py:190} INFO - [2025-11-15T22:48:29.045+0000] {dag.py:4156} INFO - Setting next_dagrun for rodar_script_php to 2025-11-15 00:00:00+00:00, run_after=2025-11-16 00:00:00+00:00
[2025-11-15T22:48:29.057+0000] {processor.py:208} INFO - Processing /opt/airflow/dags/php_dag.py took 0.063 seconds
[2025-11-15T22:48:59.194+0000] {processor.py:186} INFO - Started process (PID=1469) to work on /opt/airflow/dags/php_dag.py
[2025-11-15T22:48:59.195+0000] {processor.py:914} INFO - Processing file /opt/airflow/dags/php_dag.py for tasks to queue
[2025-11-15T22:48:59.197+0000] {logging_mixin.py:190} INFO - [2025-11-15T22:48:59.197+0000] {dagbag.py:587} INFO - Filling up the DagBag from /opt/airflow/dags/php_dag.py
[2025-11-15T22:48:59.206+0000] {processor.py:925} INFO - DAG(s) 'rodar_script_php' retrieved from /opt/airflow/dags/php_dag.py
[2025-11-15T22:48:59.226+0000] {logging_mixin.py:190} INFO - [2025-11-15T22:48:59.226+0000] {dag.py:3229} INFO - Sync 1 DAGs
[2025-11-15T22:48:59.245+0000] {logging_mixin.py:190} INFO - [2025-11-15T22:48:59.245+0000] {dag.py:4156} INFO - Setting next_dagrun for rodar_script_php to 2025-11-15 00:00:00+00:00, run_after=2025-11-16 00:00:00+00:00
[2025-11-15T22:48:59.259+0000] {processor.py:208} INFO - Processing /opt/airflow/dags/php_dag.py took 0.069 seconds
[2025-11-15T22:49:29.501+0000] {processor.py:186} INFO - Started process (PID=1479) to work on /opt/airflow/dags/php_dag.py
[2025-11-15T22:49:29.502+0000] {processor.py:914} INFO - Processing file /opt/airflow/dags/php_dag.py for tasks to queue
[2025-11-15T22:49:29.503+0000] {logging_mixin.py:190} INFO - [2025-11-15T22:49:29.503+0000] {dagbag.py:587} INFO - Filling up the DagBag from /opt/airflow/dags/php_dag.py
[2025-11-15T22:49:29.512+0000] {processor.py:925} INFO - DAG(s) 'rodar_script_php' retrieved from /opt/airflow/dags/php_dag.py
[2025-11-15T22:49:29.530+0000] {logging_mixin.py:190} INFO - [2025-11-15T22:49:29.530+0000] {dag.py:3229} INFO - Sync 1 DAGs
[2025-11-15T22:49:29.547+0000] {logging_mixin.py:190} INFO - [2025-11-15T22:49:29.547+0000] {dag.py:4156} INFO - Setting next_dagrun for rodar_script_php to 2025-11-15 00:00:00+00:00, run_after=2025-11-16 00:00:00+00:00
[2025-11-15T22:49:29.559+0000] {processor.py:208} INFO - Processing /opt/airflow/dags/php_dag.py took 0.063 seconds
[2025-11-15T22:49:59.754+0000] {processor.py:186} INFO - Started process (PID=1489) to work on /opt/airflow/dags/php_dag.py
[2025-11-15T22:49:59.755+0000] {processor.py:914} INFO - Processing file /opt/airflow/dags/php_dag.py for tasks to queue
[2025-11-15T22:49:59.757+0000] {logging_mixin.py:190} INFO - [2025-11-15T22:49:59.756+0000] {dagbag.py:587} INFO - Filling up the DagBag from /opt/airflow/dags/php_dag.py
[2025-11-15T22:49:59.766+0000] {processor.py:925} INFO - DAG(s) 'rodar_script_php' retrieved from /opt/airflow/dags/php_dag.py
[2025-11-15T22:49:59.785+0000] {logging_mixin.py:190} INFO - [2025-11-15T22:49:59.784+0000] {dag.py:3229} INFO - Sync 1 DAGs
[2025-11-15T22:49:59.803+0000] {logging_mixin.py:190} INFO - [2025-11-15T22:49:59.802+0000] {dag.py:4156} INFO - Setting next_dagrun for rodar_script_php to 2025-11-15 00:00:00+00:00, run_after=2025-11-16 00:00:00+00:00
[2025-11-15T22:49:59.815+0000] {processor.py:208} INFO - Processing /opt/airflow/dags/php_dag.py took 0.065 seconds
[2025-11-15T22:50:29.997+0000] {processor.py:186} INFO - Started process (PID=1499) to work on /opt/airflow/dags/php_dag.py
[2025-11-15T22:50:29.998+0000] {processor.py:914} INFO - Processing file /opt/airflow/dags/php_dag.py for tasks to queue
[2025-11-15T22:50:30.000+0000] {logging_mixin.py:190} INFO - [2025-11-15T22:50:30.000+0000] {dagbag.py:587} INFO - Filling up the DagBag from /opt/airflow/dags/php_dag.py
[2025-11-15T22:50:30.008+0000] {processor.py:925} INFO - DAG(s) 'rodar_script_php' retrieved from /opt/airflow/dags/php_dag.py
[2025-11-15T22:50:30.027+0000] {logging_mixin.py:190} INFO - [2025-11-15T22:50:30.027+0000] {dag.py:3229} INFO - Sync 1 DAGs
[2025-11-15T22:50:30.045+0000] {logging_mixin.py:190} INFO - [2025-11-15T22:50:30.044+0000] {dag.py:4156} INFO - Setting next_dagrun for rodar_script_php to 2025-11-15 00:00:00+00:00, run_after=2025-11-16 00:00:00+00:00
[2025-11-15T22:50:30.056+0000] {processor.py:208} INFO - Processing /opt/airflow/dags/php_dag.py took 0.063 seconds
[2025-11-15T22:51:00.274+0000] {processor.py:186} INFO - Started process (PID=1509) to work on /opt/airflow/dags/php_dag.py
[2025-11-15T22:51:00.276+0000] {processor.py:914} INFO - Processing file /opt/airflow/dags/php_dag.py for tasks to queue
[2025-11-15T22:51:00.278+0000] {logging_mixin.py:190} INFO - [2025-11-15T22:51:00.278+0000] {dagbag.py:587} INFO - Filling up the DagBag from /opt/airflow/dags/php_dag.py
[2025-11-15T22:51:00.287+0000] {processor.py:925} INFO - DAG(s) 'rodar_script_php' retrieved from /opt/airflow/dags/php_dag.py
[2025-11-15T22:51:00.305+0000] {logging_mixin.py:190} INFO - [2025-11-15T22:51:00.305+0000] {dag.py:3229} INFO - Sync 1 DAGs
[2025-11-15T22:51:00.323+0000] {logging_mixin.py:190} INFO - [2025-11-15T22:51:00.323+0000] {dag.py:4156} INFO - Setting next_dagrun for rodar_script_php to 2025-11-15 00:00:00+00:00, run_after=2025-11-16 00:00:00+00:00
[2025-11-15T22:51:00.336+0000] {processor.py:208} INFO - Processing /opt/airflow/dags/php_dag.py took 0.066 seconds
[2025-11-15T22:51:30.526+0000] {processor.py:186} INFO - Started process (PID=1519) to work on /opt/airflow/dags/php_dag.py
[2025-11-15T22:51:30.526+0000] {processor.py:914} INFO - Processing file /opt/airflow/dags/php_dag.py for tasks to queue
[2025-11-15T22:51:30.529+0000] {logging_mixin.py:190} INFO - [2025-11-15T22:51:30.529+0000] {dagbag.py:587} INFO - Filling up the DagBag from /opt/airflow/dags/php_dag.py
[2025-11-15T22:51:30.537+0000] {processor.py:925} INFO - DAG(s) 'rodar_script_php' retrieved from /opt/airflow/dags/php_dag.py
[2025-11-15T22:51:30.556+0000] {logging_mixin.py:190} INFO - [2025-11-15T22:51:30.555+0000] {dag.py:3229} INFO - Sync 1 DAGs
[2025-11-15T22:51:30.574+0000] {logging_mixin.py:190} INFO - [2025-11-15T22:51:30.574+0000] {dag.py:4156} INFO - Setting next_dagrun for rodar_script_php to 2025-11-15 00:00:00+00:00, run_after=2025-11-16 00:00:00+00:00
[2025-11-15T22:51:30.586+0000] {processor.py:208} INFO - Processing /opt/airflow/dags/php_dag.py took 0.064 seconds
[2025-11-15T22:52:00.749+0000] {processor.py:186} INFO - Started process (PID=1529) to work on /opt/airflow/dags/php_dag.py
[2025-11-15T22:52:00.750+0000] {processor.py:914} INFO - Processing file /opt/airflow/dags/php_dag.py for tasks to queue
[2025-11-15T22:52:00.752+0000] {logging_mixin.py:190} INFO - [2025-11-15T22:52:00.751+0000] {dagbag.py:587} INFO - Filling up the DagBag from /opt/airflow/dags/php_dag.py
[2025-11-15T22:52:00.761+0000] {processor.py:925} INFO - DAG(s) 'rodar_script_php' retrieved from /opt/airflow/dags/php_dag.py
[2025-11-15T22:52:00.779+0000] {logging_mixin.py:190} INFO - [2025-11-15T22:52:00.779+0000] {dag.py:3229} INFO - Sync 1 DAGs
[2025-11-15T22:52:00.797+0000] {logging_mixin.py:190} INFO - [2025-11-15T22:52:00.797+0000] {dag.py:4156} INFO - Setting next_dagrun for rodar_script_php to 2025-11-15 00:00:00+00:00, run_after=2025-11-16 00:00:00+00:00
[2025-11-15T22:52:00.809+0000] {processor.py:208} INFO - Processing /opt/airflow/dags/php_dag.py took 0.064 seconds
[2025-11-15T22:52:30.936+0000] {processor.py:186} INFO - Started process (PID=1539) to work on /opt/airflow/dags/php_dag.py
[2025-11-15T22:52:30.937+0000] {processor.py:914} INFO - Processing file /opt/airflow/dags/php_dag.py for tasks to queue
[2025-11-15T22:52:30.939+0000] {logging_mixin.py:190} INFO - [2025-11-15T22:52:30.938+0000] {dagbag.py:587} INFO - Filling up the DagBag from /opt/airflow/dags/php_dag.py
[2025-11-15T22:52:30.949+0000] {processor.py:925} INFO - DAG(s) 'rodar_script_php' retrieved from /opt/airflow/dags/php_dag.py
[2025-11-15T22:52:30.968+0000] {logging_mixin.py:190} INFO - [2025-11-15T22:52:30.968+0000] {dag.py:3229} INFO - Sync 1 DAGs
[2025-11-15T22:52:30.986+0000] {logging_mixin.py:190} INFO - [2025-11-15T22:52:30.986+0000] {dag.py:4156} INFO - Setting next_dagrun for rodar_script_php to 2025-11-15 00:00:00+00:00, run_after=2025-11-16 00:00:00+00:00
[2025-11-15T22:52:30.998+0000] {processor.py:208} INFO - Processing /opt/airflow/dags/php_dag.py took 0.066 seconds
[2025-11-15T22:53:01.204+0000] {processor.py:186} INFO - Started process (PID=1549) to work on /opt/airflow/dags/php_dag.py
[2025-11-15T22:53:01.205+0000] {processor.py:914} INFO - Processing file /opt/airflow/dags/php_dag.py for tasks to queue
[2025-11-15T22:53:01.206+0000] {logging_mixin.py:190} INFO - [2025-11-15T22:53:01.206+0000] {dagbag.py:587} INFO - Filling up the DagBag from /opt/airflow/dags/php_dag.py
[2025-11-15T22:53:01.215+0000] {processor.py:925} INFO - DAG(s) 'rodar_script_php' retrieved from /opt/airflow/dags/php_dag.py
[2025-11-15T22:53:01.235+0000] {logging_mixin.py:190} INFO - [2025-11-15T22:53:01.235+0000] {dag.py:3229} INFO - Sync 1 DAGs
[2025-11-15T22:53:01.253+0000] {logging_mixin.py:190} INFO - [2025-11-15T22:53:01.253+0000] {dag.py:4156} INFO - Setting next_dagrun for rodar_script_php to 2025-11-15 00:00:00+00:00, run_after=2025-11-16 00:00:00+00:00
[2025-11-15T22:53:01.264+0000] {processor.py:208} INFO - Processing /opt/airflow/dags/php_dag.py took 0.064 seconds
[2025-11-15T22:53:31.454+0000] {processor.py:186} INFO - Started process (PID=1559) to work on /opt/airflow/dags/php_dag.py
[2025-11-15T22:53:31.454+0000] {processor.py:914} INFO - Processing file /opt/airflow/dags/php_dag.py for tasks to queue
[2025-11-15T22:53:31.456+0000] {logging_mixin.py:190} INFO - [2025-11-15T22:53:31.455+0000] {dagbag.py:587} INFO - Filling up the DagBag from /opt/airflow/dags/php_dag.py
[2025-11-15T22:53:31.466+0000] {processor.py:925} INFO - DAG(s) 'rodar_script_php' retrieved from /opt/airflow/dags/php_dag.py
[2025-11-15T22:53:31.486+0000] {logging_mixin.py:190} INFO - [2025-11-15T22:53:31.486+0000] {dag.py:3229} INFO - Sync 1 DAGs
[2025-11-15T22:53:31.505+0000] {logging_mixin.py:190} INFO - [2025-11-15T22:53:31.505+0000] {dag.py:4156} INFO - Setting next_dagrun for rodar_script_php to 2025-11-15 00:00:00+00:00, run_after=2025-11-16 00:00:00+00:00
[2025-11-15T22:53:31.517+0000] {processor.py:208} INFO - Processing /opt/airflow/dags/php_dag.py took 0.067 seconds
[2025-11-15T22:54:01.705+0000] {processor.py:186} INFO - Started process (PID=1569) to work on /opt/airflow/dags/php_dag.py
[2025-11-15T22:54:01.708+0000] {processor.py:914} INFO - Processing file /opt/airflow/dags/php_dag.py for tasks to queue
[2025-11-15T22:54:01.710+0000] {logging_mixin.py:190} INFO - [2025-11-15T22:54:01.710+0000] {dagbag.py:587} INFO - Filling up the DagBag from /opt/airflow/dags/php_dag.py
[2025-11-15T22:54:01.719+0000] {processor.py:925} INFO - DAG(s) 'rodar_script_php' retrieved from /opt/airflow/dags/php_dag.py
[2025-11-15T22:54:01.739+0000] {logging_mixin.py:190} INFO - [2025-11-15T22:54:01.739+0000] {dag.py:3229} INFO - Sync 1 DAGs
[2025-11-15T22:54:01.757+0000] {logging_mixin.py:190} INFO - [2025-11-15T22:54:01.757+0000] {dag.py:4156} INFO - Setting next_dagrun for rodar_script_php to 2025-11-15 00:00:00+00:00, run_after=2025-11-16 00:00:00+00:00
[2025-11-15T22:54:01.770+0000] {processor.py:208} INFO - Processing /opt/airflow/dags/php_dag.py took 0.070 seconds
[2025-11-15T22:54:31.932+0000] {processor.py:186} INFO - Started process (PID=1579) to work on /opt/airflow/dags/php_dag.py
[2025-11-15T22:54:31.932+0000] {processor.py:914} INFO - Processing file /opt/airflow/dags/php_dag.py for tasks to queue
[2025-11-15T22:54:31.935+0000] {logging_mixin.py:190} INFO - [2025-11-15T22:54:31.934+0000] {dagbag.py:587} INFO - Filling up the DagBag from /opt/airflow/dags/php_dag.py
[2025-11-15T22:54:31.943+0000] {processor.py:925} INFO - DAG(s) 'rodar_script_php' retrieved from /opt/airflow/dags/php_dag.py
[2025-11-15T22:54:31.961+0000] {logging_mixin.py:190} INFO - [2025-11-15T22:54:31.961+0000] {dag.py:3229} INFO - Sync 1 DAGs
[2025-11-15T22:54:31.981+0000] {logging_mixin.py:190} INFO - [2025-11-15T22:54:31.981+0000] {dag.py:4156} INFO - Setting next_dagrun for rodar_script_php to 2025-11-15 00:00:00+00:00, run_after=2025-11-16 00:00:00+00:00
[2025-11-15T22:54:31.994+0000] {processor.py:208} INFO - Processing /opt/airflow/dags/php_dag.py took 0.066 seconds
[2025-11-15T22:55:02.179+0000] {processor.py:186} INFO - Started process (PID=1589) to work on /opt/airflow/dags/php_dag.py
[2025-11-15T22:55:02.183+0000] {processor.py:914} INFO - Processing file /opt/airflow/dags/php_dag.py for tasks to queue
[2025-11-15T22:55:02.184+0000] {logging_mixin.py:190} INFO - [2025-11-15T22:55:02.184+0000] {dagbag.py:587} INFO - Filling up the DagBag from /opt/airflow/dags/php_dag.py
[2025-11-15T22:55:02.194+0000] {processor.py:925} INFO - DAG(s) 'rodar_script_php' retrieved from /opt/airflow/dags/php_dag.py
[2025-11-15T22:55:02.214+0000] {logging_mixin.py:190} INFO - [2025-11-15T22:55:02.213+0000] {dag.py:3229} INFO - Sync 1 DAGs
[2025-11-15T22:55:02.231+0000] {logging_mixin.py:190} INFO - [2025-11-15T22:55:02.231+0000] {dag.py:4156} INFO - Setting next_dagrun for rodar_script_php to 2025-11-15 00:00:00+00:00, run_after=2025-11-16 00:00:00+00:00
[2025-11-15T22:55:02.245+0000] {processor.py:208} INFO - Processing /opt/airflow/dags/php_dag.py took 0.070 seconds
[2025-11-15T22:55:32.451+0000] {processor.py:186} INFO - Started process (PID=1599) to work on /opt/airflow/dags/php_dag.py
[2025-11-15T22:55:32.452+0000] {processor.py:914} INFO - Processing file /opt/airflow/dags/php_dag.py for tasks to queue
[2025-11-15T22:55:32.454+0000] {logging_mixin.py:190} INFO - [2025-11-15T22:55:32.454+0000] {dagbag.py:587} INFO - Filling up the DagBag from /opt/airflow/dags/php_dag.py
[2025-11-15T22:55:32.464+0000] {processor.py:925} INFO - DAG(s) 'rodar_script_php' retrieved from /opt/airflow/dags/php_dag.py
[2025-11-15T22:55:32.482+0000] {logging_mixin.py:190} INFO - [2025-11-15T22:55:32.482+0000] {dag.py:3229} INFO - Sync 1 DAGs
[2025-11-15T22:55:32.501+0000] {logging_mixin.py:190} INFO - [2025-11-15T22:55:32.501+0000] {dag.py:4156} INFO - Setting next_dagrun for rodar_script_php to 2025-11-15 00:00:00+00:00, run_after=2025-11-16 00:00:00+00:00
[2025-11-15T22:55:32.513+0000] {processor.py:208} INFO - Processing /opt/airflow/dags/php_dag.py took 0.066 seconds
[2025-11-15T22:56:02.709+0000] {processor.py:186} INFO - Started process (PID=1609) to work on /opt/airflow/dags/php_dag.py
[2025-11-15T22:56:02.713+0000] {processor.py:914} INFO - Processing file /opt/airflow/dags/php_dag.py for tasks to queue
[2025-11-15T22:56:02.714+0000] {logging_mixin.py:190} INFO - [2025-11-15T22:56:02.714+0000] {dagbag.py:587} INFO - Filling up the DagBag from /opt/airflow/dags/php_dag.py
[2025-11-15T22:56:02.724+0000] {processor.py:925} INFO - DAG(s) 'rodar_script_php' retrieved from /opt/airflow/dags/php_dag.py
[2025-11-15T22:56:02.745+0000] {logging_mixin.py:190} INFO - [2025-11-15T22:56:02.745+0000] {dag.py:3229} INFO - Sync 1 DAGs
[2025-11-15T22:56:02.763+0000] {logging_mixin.py:190} INFO - [2025-11-15T22:56:02.763+0000] {dag.py:4156} INFO - Setting next_dagrun for rodar_script_php to 2025-11-15 00:00:00+00:00, run_after=2025-11-16 00:00:00+00:00
[2025-11-15T22:56:02.776+0000] {processor.py:208} INFO - Processing /opt/airflow/dags/php_dag.py took 0.072 seconds
[2025-11-15T22:56:32.926+0000] {processor.py:186} INFO - Started process (PID=1619) to work on /opt/airflow/dags/php_dag.py
[2025-11-15T22:56:32.927+0000] {processor.py:914} INFO - Processing file /opt/airflow/dags/php_dag.py for tasks to queue
[2025-11-15T22:56:32.928+0000] {logging_mixin.py:190} INFO - [2025-11-15T22:56:32.928+0000] {dagbag.py:587} INFO - Filling up the DagBag from /opt/airflow/dags/php_dag.py
[2025-11-15T22:56:32.938+0000] {processor.py:925} INFO - DAG(s) 'rodar_script_php' retrieved from /opt/airflow/dags/php_dag.py
[2025-11-15T22:56:32.956+0000] {logging_mixin.py:190} INFO - [2025-11-15T22:56:32.956+0000] {dag.py:3229} INFO - Sync 1 DAGs
[2025-11-15T22:56:32.974+0000] {logging_mixin.py:190} INFO - [2025-11-15T22:56:32.974+0000] {dag.py:4156} INFO - Setting next_dagrun for rodar_script_php to 2025-11-15 00:00:00+00:00, run_after=2025-11-16 00:00:00+00:00
[2025-11-15T22:56:32.987+0000] {processor.py:208} INFO - Processing /opt/airflow/dags/php_dag.py took 0.065 seconds
[2025-11-15T22:57:03.167+0000] {processor.py:186} INFO - Started process (PID=1629) to work on /opt/airflow/dags/php_dag.py
[2025-11-15T22:57:03.171+0000] {processor.py:914} INFO - Processing file /opt/airflow/dags/php_dag.py for tasks to queue
[2025-11-15T22:57:03.173+0000] {logging_mixin.py:190} INFO - [2025-11-15T22:57:03.173+0000] {dagbag.py:587} INFO - Filling up the DagBag from /opt/airflow/dags/php_dag.py
[2025-11-15T22:57:03.182+0000] {processor.py:925} INFO - DAG(s) 'rodar_script_php' retrieved from /opt/airflow/dags/php_dag.py
[2025-11-15T22:57:03.202+0000] {logging_mixin.py:190} INFO - [2025-11-15T22:57:03.202+0000] {dag.py:3229} INFO - Sync 1 DAGs
[2025-11-15T22:57:03.222+0000] {logging_mixin.py:190} INFO - [2025-11-15T22:57:03.222+0000] {dag.py:4156} INFO - Setting next_dagrun for rodar_script_php to 2025-11-15 00:00:00+00:00, run_after=2025-11-16 00:00:00+00:00
[2025-11-15T22:57:03.234+0000] {processor.py:208} INFO - Processing /opt/airflow/dags/php_dag.py took 0.071 seconds
[2025-11-15T22:57:33.380+0000] {processor.py:186} INFO - Started process (PID=1639) to work on /opt/airflow/dags/php_dag.py
[2025-11-15T22:57:33.381+0000] {processor.py:914} INFO - Processing file /opt/airflow/dags/php_dag.py for tasks to queue
[2025-11-15T22:57:33.383+0000] {logging_mixin.py:190} INFO - [2025-11-15T22:57:33.382+0000] {dagbag.py:587} INFO - Filling up the DagBag from /opt/airflow/dags/php_dag.py
[2025-11-15T22:57:33.392+0000] {processor.py:925} INFO - DAG(s) 'rodar_script_php' retrieved from /opt/airflow/dags/php_dag.py
[2025-11-15T22:57:33.412+0000] {logging_mixin.py:190} INFO - [2025-11-15T22:57:33.411+0000] {dag.py:3229} INFO - Sync 1 DAGs
[2025-11-15T22:57:33.430+0000] {logging_mixin.py:190} INFO - [2025-11-15T22:57:33.429+0000] {dag.py:4156} INFO - Setting next_dagrun for rodar_script_php to 2025-11-15 00:00:00+00:00, run_after=2025-11-16 00:00:00+00:00
[2025-11-15T22:57:33.441+0000] {processor.py:208} INFO - Processing /opt/airflow/dags/php_dag.py took 0.066 seconds
[2025-11-15T22:58:03.580+0000] {processor.py:186} INFO - Started process (PID=1649) to work on /opt/airflow/dags/php_dag.py
[2025-11-15T22:58:03.582+0000] {processor.py:914} INFO - Processing file /opt/airflow/dags/php_dag.py for tasks to queue
[2025-11-15T22:58:03.584+0000] {logging_mixin.py:190} INFO - [2025-11-15T22:58:03.584+0000] {dagbag.py:587} INFO - Filling up the DagBag from /opt/airflow/dags/php_dag.py
[2025-11-15T22:58:03.593+0000] {processor.py:925} INFO - DAG(s) 'rodar_script_php' retrieved from /opt/airflow/dags/php_dag.py
[2025-11-15T22:58:03.614+0000] {logging_mixin.py:190} INFO - [2025-11-15T22:58:03.613+0000] {dag.py:3229} INFO - Sync 1 DAGs
[2025-11-15T22:58:03.631+0000] {logging_mixin.py:190} INFO - [2025-11-15T22:58:03.631+0000] {dag.py:4156} INFO - Setting next_dagrun for rodar_script_php to 2025-11-15 00:00:00+00:00, run_after=2025-11-16 00:00:00+00:00
[2025-11-15T22:58:03.644+0000] {processor.py:208} INFO - Processing /opt/airflow/dags/php_dag.py took 0.068 seconds
[2025-11-15T22:58:33.796+0000] {processor.py:186} INFO - Started process (PID=1659) to work on /opt/airflow/dags/php_dag.py
[2025-11-15T22:58:33.796+0000] {processor.py:914} INFO - Processing file /opt/airflow/dags/php_dag.py for tasks to queue
[2025-11-15T22:58:33.798+0000] {logging_mixin.py:190} INFO - [2025-11-15T22:58:33.798+0000] {dagbag.py:587} INFO - Filling up the DagBag from /opt/airflow/dags/php_dag.py
[2025-11-15T22:58:33.806+0000] {processor.py:925} INFO - DAG(s) 'rodar_script_php' retrieved from /opt/airflow/dags/php_dag.py
[2025-11-15T22:58:33.825+0000] {logging_mixin.py:190} INFO - [2025-11-15T22:58:33.825+0000] {dag.py:3229} INFO - Sync 1 DAGs
[2025-11-15T22:58:33.842+0000] {logging_mixin.py:190} INFO - [2025-11-15T22:58:33.842+0000] {dag.py:4156} INFO - Setting next_dagrun for rodar_script_php to 2025-11-15 00:00:00+00:00, run_after=2025-11-16 00:00:00+00:00
[2025-11-15T22:58:33.853+0000] {processor.py:208} INFO - Processing /opt/airflow/dags/php_dag.py took 0.062 seconds
[2025-11-15T22:59:03.977+0000] {processor.py:186} INFO - Started process (PID=1669) to work on /opt/airflow/dags/php_dag.py
[2025-11-15T22:59:03.978+0000] {processor.py:914} INFO - Processing file /opt/airflow/dags/php_dag.py for tasks to queue
[2025-11-15T22:59:03.979+0000] {logging_mixin.py:190} INFO - [2025-11-15T22:59:03.979+0000] {dagbag.py:587} INFO - Filling up the DagBag from /opt/airflow/dags/php_dag.py
[2025-11-15T22:59:03.988+0000] {processor.py:925} INFO - DAG(s) 'rodar_script_php' retrieved from /opt/airflow/dags/php_dag.py
[2025-11-15T22:59:04.007+0000] {logging_mixin.py:190} INFO - [2025-11-15T22:59:04.007+0000] {dag.py:3229} INFO - Sync 1 DAGs
[2025-11-15T22:59:04.025+0000] {logging_mixin.py:190} INFO - [2025-11-15T22:59:04.024+0000] {dag.py:4156} INFO - Setting next_dagrun for rodar_script_php to 2025-11-15 00:00:00+00:00, run_after=2025-11-16 00:00:00+00:00
[2025-11-15T22:59:04.035+0000] {processor.py:208} INFO - Processing /opt/airflow/dags/php_dag.py took 0.063 seconds
[2025-11-15T22:59:34.179+0000] {processor.py:186} INFO - Started process (PID=1679) to work on /opt/airflow/dags/php_dag.py
[2025-11-15T22:59:34.179+0000] {processor.py:914} INFO - Processing file /opt/airflow/dags/php_dag.py for tasks to queue
[2025-11-15T22:59:34.181+0000] {logging_mixin.py:190} INFO - [2025-11-15T22:59:34.181+0000] {dagbag.py:587} INFO - Filling up the DagBag from /opt/airflow/dags/php_dag.py
[2025-11-15T22:59:34.191+0000] {processor.py:925} INFO - DAG(s) 'rodar_script_php' retrieved from /opt/airflow/dags/php_dag.py
[2025-11-15T22:59:34.210+0000] {logging_mixin.py:190} INFO - [2025-11-15T22:59:34.209+0000] {dag.py:3229} INFO - Sync 1 DAGs
[2025-11-15T22:59:34.227+0000] {logging_mixin.py:190} INFO - [2025-11-15T22:59:34.227+0000] {dag.py:4156} INFO - Setting next_dagrun for rodar_script_php to 2025-11-15 00:00:00+00:00, run_after=2025-11-16 00:00:00+00:00
[2025-11-15T22:59:34.239+0000] {processor.py:208} INFO - Processing /opt/airflow/dags/php_dag.py took 0.064 seconds
[2025-11-15T23:00:04.386+0000] {processor.py:186} INFO - Started process (PID=1689) to work on /opt/airflow/dags/php_dag.py
[2025-11-15T23:00:04.386+0000] {processor.py:914} INFO - Processing file /opt/airflow/dags/php_dag.py for tasks to queue
[2025-11-15T23:00:04.388+0000] {logging_mixin.py:190} INFO - [2025-11-15T23:00:04.387+0000] {dagbag.py:587} INFO - Filling up the DagBag from /opt/airflow/dags/php_dag.py
[2025-11-15T23:00:04.397+0000] {processor.py:925} INFO - DAG(s) 'rodar_script_php' retrieved from /opt/airflow/dags/php_dag.py
[2025-11-15T23:00:04.415+0000] {logging_mixin.py:190} INFO - [2025-11-15T23:00:04.415+0000] {dag.py:3229} INFO - Sync 1 DAGs
[2025-11-15T23:00:04.433+0000] {logging_mixin.py:190} INFO - [2025-11-15T23:00:04.433+0000] {dag.py:4156} INFO - Setting next_dagrun for rodar_script_php to 2025-11-15 00:00:00+00:00, run_after=2025-11-16 00:00:00+00:00
[2025-11-15T23:00:04.446+0000] {processor.py:208} INFO - Processing /opt/airflow/dags/php_dag.py took 0.064 seconds
[2025-11-15T23:00:34.563+0000] {processor.py:186} INFO - Started process (PID=1699) to work on /opt/airflow/dags/php_dag.py
[2025-11-15T23:00:34.563+0000] {processor.py:914} INFO - Processing file /opt/airflow/dags/php_dag.py for tasks to queue
[2025-11-15T23:00:34.565+0000] {logging_mixin.py:190} INFO - [2025-11-15T23:00:34.565+0000] {dagbag.py:587} INFO - Filling up the DagBag from /opt/airflow/dags/php_dag.py
[2025-11-15T23:00:34.575+0000] {processor.py:925} INFO - DAG(s) 'rodar_script_php' retrieved from /opt/airflow/dags/php_dag.py
[2025-11-15T23:00:34.594+0000] {logging_mixin.py:190} INFO - [2025-11-15T23:00:34.594+0000] {dag.py:3229} INFO - Sync 1 DAGs
[2025-11-15T23:00:34.612+0000] {logging_mixin.py:190} INFO - [2025-11-15T23:00:34.612+0000] {dag.py:4156} INFO - Setting next_dagrun for rodar_script_php to 2025-11-15 00:00:00+00:00, run_after=2025-11-16 00:00:00+00:00
[2025-11-15T23:00:34.624+0000] {processor.py:208} INFO - Processing /opt/airflow/dags/php_dag.py took 0.066 seconds
[2025-11-15T23:01:04.773+0000] {processor.py:186} INFO - Started process (PID=1709) to work on /opt/airflow/dags/php_dag.py
[2025-11-15T23:01:04.773+0000] {processor.py:914} INFO - Processing file /opt/airflow/dags/php_dag.py for tasks to queue
[2025-11-15T23:01:04.776+0000] {logging_mixin.py:190} INFO - [2025-11-15T23:01:04.775+0000] {dagbag.py:587} INFO - Filling up the DagBag from /opt/airflow/dags/php_dag.py
[2025-11-15T23:01:04.786+0000] {processor.py:925} INFO - DAG(s) 'rodar_script_php' retrieved from /opt/airflow/dags/php_dag.py
[2025-11-15T23:01:04.807+0000] {logging_mixin.py:190} INFO - [2025-11-15T23:01:04.806+0000] {dag.py:3229} INFO - Sync 1 DAGs
[2025-11-15T23:01:04.826+0000] {logging_mixin.py:190} INFO - [2025-11-15T23:01:04.826+0000] {dag.py:4156} INFO - Setting next_dagrun for rodar_script_php to 2025-11-15 00:00:00+00:00, run_after=2025-11-16 00:00:00+00:00
[2025-11-15T23:01:04.838+0000] {processor.py:208} INFO - Processing /opt/airflow/dags/php_dag.py took 0.070 seconds
[2025-11-15T23:01:34.978+0000] {processor.py:186} INFO - Started process (PID=1719) to work on /opt/airflow/dags/php_dag.py
[2025-11-15T23:01:34.978+0000] {processor.py:914} INFO - Processing file /opt/airflow/dags/php_dag.py for tasks to queue
[2025-11-15T23:01:34.980+0000] {logging_mixin.py:190} INFO - [2025-11-15T23:01:34.980+0000] {dagbag.py:587} INFO - Filling up the DagBag from /opt/airflow/dags/php_dag.py
[2025-11-15T23:01:34.990+0000] {processor.py:925} INFO - DAG(s) 'rodar_script_php' retrieved from /opt/airflow/dags/php_dag.py
[2025-11-15T23:01:35.008+0000] {logging_mixin.py:190} INFO - [2025-11-15T23:01:35.008+0000] {dag.py:3229} INFO - Sync 1 DAGs
[2025-11-15T23:01:35.028+0000] {logging_mixin.py:190} INFO - [2025-11-15T23:01:35.027+0000] {dag.py:4156} INFO - Setting next_dagrun for rodar_script_php to 2025-11-15 00:00:00+00:00, run_after=2025-11-16 00:00:00+00:00
[2025-11-15T23:01:35.039+0000] {processor.py:208} INFO - Processing /opt/airflow/dags/php_dag.py took 0.065 seconds
[2025-11-15T23:02:05.193+0000] {processor.py:186} INFO - Started process (PID=1729) to work on /opt/airflow/dags/php_dag.py
[2025-11-15T23:02:05.194+0000] {processor.py:914} INFO - Processing file /opt/airflow/dags/php_dag.py for tasks to queue
[2025-11-15T23:02:05.196+0000] {logging_mixin.py:190} INFO - [2025-11-15T23:02:05.195+0000] {dagbag.py:587} INFO - Filling up the DagBag from /opt/airflow/dags/php_dag.py
[2025-11-15T23:02:05.205+0000] {processor.py:925} INFO - DAG(s) 'rodar_script_php' retrieved from /opt/airflow/dags/php_dag.py
[2025-11-15T23:02:05.223+0000] {logging_mixin.py:190} INFO - [2025-11-15T23:02:05.223+0000] {dag.py:3229} INFO - Sync 1 DAGs
[2025-11-15T23:02:05.241+0000] {logging_mixin.py:190} INFO - [2025-11-15T23:02:05.240+0000] {dag.py:4156} INFO - Setting next_dagrun for rodar_script_php to 2025-11-15 00:00:00+00:00, run_after=2025-11-16 00:00:00+00:00
[2025-11-15T23:02:05.254+0000] {processor.py:208} INFO - Processing /opt/airflow/dags/php_dag.py took 0.064 seconds
[2025-11-15T23:02:35.392+0000] {processor.py:186} INFO - Started process (PID=1739) to work on /opt/airflow/dags/php_dag.py
[2025-11-15T23:02:35.392+0000] {processor.py:914} INFO - Processing file /opt/airflow/dags/php_dag.py for tasks to queue
[2025-11-15T23:02:35.394+0000] {logging_mixin.py:190} INFO - [2025-11-15T23:02:35.394+0000] {dagbag.py:587} INFO - Filling up the DagBag from /opt/airflow/dags/php_dag.py
[2025-11-15T23:02:35.406+0000] {processor.py:925} INFO - DAG(s) 'rodar_script_php' retrieved from /opt/airflow/dags/php_dag.py
[2025-11-15T23:02:35.427+0000] {logging_mixin.py:190} INFO - [2025-11-15T23:02:35.427+0000] {dag.py:3229} INFO - Sync 1 DAGs
[2025-11-15T23:02:35.446+0000] {logging_mixin.py:190} INFO - [2025-11-15T23:02:35.446+0000] {dag.py:4156} INFO - Setting next_dagrun for rodar_script_php to 2025-11-15 00:00:00+00:00, run_after=2025-11-16 00:00:00+00:00
[2025-11-15T23:02:35.460+0000] {processor.py:208} INFO - Processing /opt/airflow/dags/php_dag.py took 0.074 seconds
[2025-11-15T23:03:05.610+0000] {processor.py:186} INFO - Started process (PID=1749) to work on /opt/airflow/dags/php_dag.py
[2025-11-15T23:03:05.611+0000] {processor.py:914} INFO - Processing file /opt/airflow/dags/php_dag.py for tasks to queue
[2025-11-15T23:03:05.612+0000] {logging_mixin.py:190} INFO - [2025-11-15T23:03:05.612+0000] {dagbag.py:587} INFO - Filling up the DagBag from /opt/airflow/dags/php_dag.py
[2025-11-15T23:03:05.622+0000] {processor.py:925} INFO - DAG(s) 'rodar_script_php' retrieved from /opt/airflow/dags/php_dag.py
[2025-11-15T23:03:05.640+0000] {logging_mixin.py:190} INFO - [2025-11-15T23:03:05.640+0000] {dag.py:3229} INFO - Sync 1 DAGs
[2025-11-15T23:03:05.658+0000] {logging_mixin.py:190} INFO - [2025-11-15T23:03:05.658+0000] {dag.py:4156} INFO - Setting next_dagrun for rodar_script_php to 2025-11-15 00:00:00+00:00, run_after=2025-11-16 00:00:00+00:00
[2025-11-15T23:03:05.670+0000] {processor.py:208} INFO - Processing /opt/airflow/dags/php_dag.py took 0.064 seconds
[2025-11-15T23:03:35.814+0000] {processor.py:186} INFO - Started process (PID=1759) to work on /opt/airflow/dags/php_dag.py
[2025-11-15T23:03:35.814+0000] {processor.py:914} INFO - Processing file /opt/airflow/dags/php_dag.py for tasks to queue
[2025-11-15T23:03:35.816+0000] {logging_mixin.py:190} INFO - [2025-11-15T23:03:35.815+0000] {dagbag.py:587} INFO - Filling up the DagBag from /opt/airflow/dags/php_dag.py
[2025-11-15T23:03:35.826+0000] {processor.py:925} INFO - DAG(s) 'rodar_script_php' retrieved from /opt/airflow/dags/php_dag.py
[2025-11-15T23:03:35.844+0000] {logging_mixin.py:190} INFO - [2025-11-15T23:03:35.844+0000] {dag.py:3229} INFO - Sync 1 DAGs
[2025-11-15T23:03:35.861+0000] {logging_mixin.py:190} INFO - [2025-11-15T23:03:35.861+0000] {dag.py:4156} INFO - Setting next_dagrun for rodar_script_php to 2025-11-15 00:00:00+00:00, run_after=2025-11-16 00:00:00+00:00
[2025-11-15T23:03:35.873+0000] {processor.py:208} INFO - Processing /opt/airflow/dags/php_dag.py took 0.064 seconds
[2025-11-15T23:04:06.026+0000] {processor.py:186} INFO - Started process (PID=1769) to work on /opt/airflow/dags/php_dag.py
[2025-11-15T23:04:06.027+0000] {processor.py:914} INFO - Processing file /opt/airflow/dags/php_dag.py for tasks to queue
[2025-11-15T23:04:06.029+0000] {logging_mixin.py:190} INFO - [2025-11-15T23:04:06.029+0000] {dagbag.py:587} INFO - Filling up the DagBag from /opt/airflow/dags/php_dag.py
[2025-11-15T23:04:06.037+0000] {processor.py:925} INFO - DAG(s) 'rodar_script_php' retrieved from /opt/airflow/dags/php_dag.py
[2025-11-15T23:04:06.056+0000] {logging_mixin.py:190} INFO - [2025-11-15T23:04:06.056+0000] {dag.py:3229} INFO - Sync 1 DAGs
[2025-11-15T23:04:06.073+0000] {logging_mixin.py:190} INFO - [2025-11-15T23:04:06.073+0000] {dag.py:4156} INFO - Setting next_dagrun for rodar_script_php to 2025-11-15 00:00:00+00:00, run_after=2025-11-16 00:00:00+00:00
[2025-11-15T23:04:06.085+0000] {processor.py:208} INFO - Processing /opt/airflow/dags/php_dag.py took 0.063 seconds
[2025-11-15T23:04:36.207+0000] {processor.py:186} INFO - Started process (PID=1779) to work on /opt/airflow/dags/php_dag.py
[2025-11-15T23:04:36.208+0000] {processor.py:914} INFO - Processing file /opt/airflow/dags/php_dag.py for tasks to queue
[2025-11-15T23:04:36.210+0000] {logging_mixin.py:190} INFO - [2025-11-15T23:04:36.209+0000] {dagbag.py:587} INFO - Filling up the DagBag from /opt/airflow/dags/php_dag.py
[2025-11-15T23:04:36.219+0000] {processor.py:925} INFO - DAG(s) 'rodar_script_php' retrieved from /opt/airflow/dags/php_dag.py
[2025-11-15T23:04:36.240+0000] {logging_mixin.py:190} INFO - [2025-11-15T23:04:36.240+0000] {dag.py:3229} INFO - Sync 1 DAGs
[2025-11-15T23:04:36.258+0000] {logging_mixin.py:190} INFO - [2025-11-15T23:04:36.258+0000] {dag.py:4156} INFO - Setting next_dagrun for rodar_script_php to 2025-11-15 00:00:00+00:00, run_after=2025-11-16 00:00:00+00:00
[2025-11-15T23:04:36.269+0000] {processor.py:208} INFO - Processing /opt/airflow/dags/php_dag.py took 0.066 seconds
[2025-11-15T23:05:06.442+0000] {processor.py:186} INFO - Started process (PID=1789) to work on /opt/airflow/dags/php_dag.py
[2025-11-15T23:05:06.443+0000] {processor.py:914} INFO - Processing file /opt/airflow/dags/php_dag.py for tasks to queue
[2025-11-15T23:05:06.444+0000] {logging_mixin.py:190} INFO - [2025-11-15T23:05:06.444+0000] {dagbag.py:587} INFO - Filling up the DagBag from /opt/airflow/dags/php_dag.py
[2025-11-15T23:05:06.454+0000] {processor.py:925} INFO - DAG(s) 'rodar_script_php' retrieved from /opt/airflow/dags/php_dag.py
[2025-11-15T23:05:06.474+0000] {logging_mixin.py:190} INFO - [2025-11-15T23:05:06.473+0000] {dag.py:3229} INFO - Sync 1 DAGs
[2025-11-15T23:05:06.493+0000] {logging_mixin.py:190} INFO - [2025-11-15T23:05:06.493+0000] {dag.py:4156} INFO - Setting next_dagrun for rodar_script_php to 2025-11-15 00:00:00+00:00, run_after=2025-11-16 00:00:00+00:00
[2025-11-15T23:05:06.506+0000] {processor.py:208} INFO - Processing /opt/airflow/dags/php_dag.py took 0.069 seconds
[2025-11-15T23:05:36.651+0000] {processor.py:186} INFO - Started process (PID=1799) to work on /opt/airflow/dags/php_dag.py
[2025-11-15T23:05:36.652+0000] {processor.py:914} INFO - Processing file /opt/airflow/dags/php_dag.py for tasks to queue
[2025-11-15T23:05:36.654+0000] {logging_mixin.py:190} INFO - [2025-11-15T23:05:36.653+0000] {dagbag.py:587} INFO - Filling up the DagBag from /opt/airflow/dags/php_dag.py
[2025-11-15T23:05:36.663+0000] {processor.py:925} INFO - DAG(s) 'rodar_script_php' retrieved from /opt/airflow/dags/php_dag.py
[2025-11-15T23:05:36.681+0000] {logging_mixin.py:190} INFO - [2025-11-15T23:05:36.681+0000] {dag.py:3229} INFO - Sync 1 DAGs
[2025-11-15T23:05:36.700+0000] {logging_mixin.py:190} INFO - [2025-11-15T23:05:36.700+0000] {dag.py:4156} INFO - Setting next_dagrun for rodar_script_php to 2025-11-15 00:00:00+00:00, run_after=2025-11-16 00:00:00+00:00
[2025-11-15T23:05:36.711+0000] {processor.py:208} INFO - Processing /opt/airflow/dags/php_dag.py took 0.064 seconds
[2025-11-15T23:06:06.869+0000] {processor.py:186} INFO - Started process (PID=1809) to work on /opt/airflow/dags/php_dag.py
[2025-11-15T23:06:06.870+0000] {processor.py:914} INFO - Processing file /opt/airflow/dags/php_dag.py for tasks to queue
[2025-11-15T23:06:06.871+0000] {logging_mixin.py:190} INFO - [2025-11-15T23:06:06.871+0000] {dagbag.py:587} INFO - Filling up the DagBag from /opt/airflow/dags/php_dag.py
[2025-11-15T23:06:06.881+0000] {processor.py:925} INFO - DAG(s) 'rodar_script_php' retrieved from /opt/airflow/dags/php_dag.py
[2025-11-15T23:06:06.898+0000] {logging_mixin.py:190} INFO - [2025-11-15T23:06:06.898+0000] {dag.py:3229} INFO - Sync 1 DAGs
[2025-11-15T23:06:06.915+0000] {logging_mixin.py:190} INFO - [2025-11-15T23:06:06.915+0000] {dag.py:4156} INFO - Setting next_dagrun for rodar_script_php to 2025-11-15 00:00:00+00:00, run_after=2025-11-16 00:00:00+00:00
[2025-11-15T23:06:06.927+0000] {processor.py:208} INFO - Processing /opt/airflow/dags/php_dag.py took 0.063 seconds
[2025-11-15T23:06:37.098+0000] {processor.py:186} INFO - Started process (PID=1819) to work on /opt/airflow/dags/php_dag.py
[2025-11-15T23:06:37.099+0000] {processor.py:914} INFO - Processing file /opt/airflow/dags/php_dag.py for tasks to queue
[2025-11-15T23:06:37.100+0000] {logging_mixin.py:190} INFO - [2025-11-15T23:06:37.100+0000] {dagbag.py:587} INFO - Filling up the DagBag from /opt/airflow/dags/php_dag.py
[2025-11-15T23:06:37.109+0000] {processor.py:925} INFO - DAG(s) 'rodar_script_php' retrieved from /opt/airflow/dags/php_dag.py
[2025-11-15T23:06:37.127+0000] {logging_mixin.py:190} INFO - [2025-11-15T23:06:37.127+0000] {dag.py:3229} INFO - Sync 1 DAGs
[2025-11-15T23:06:37.147+0000] {logging_mixin.py:190} INFO - [2025-11-15T23:06:37.146+0000] {dag.py:4156} INFO - Setting next_dagrun for rodar_script_php to 2025-11-15 00:00:00+00:00, run_after=2025-11-16 00:00:00+00:00
[2025-11-15T23:06:37.158+0000] {processor.py:208} INFO - Processing /opt/airflow/dags/php_dag.py took 0.064 seconds
[2025-11-15T23:07:07.295+0000] {processor.py:186} INFO - Started process (PID=1829) to work on /opt/airflow/dags/php_dag.py
[2025-11-15T23:07:07.296+0000] {processor.py:914} INFO - Processing file /opt/airflow/dags/php_dag.py for tasks to queue
[2025-11-15T23:07:07.299+0000] {logging_mixin.py:190} INFO - [2025-11-15T23:07:07.298+0000] {dagbag.py:587} INFO - Filling up the DagBag from /opt/airflow/dags/php_dag.py
[2025-11-15T23:07:07.307+0000] {processor.py:925} INFO - DAG(s) 'rodar_script_php' retrieved from /opt/airflow/dags/php_dag.py
[2025-11-15T23:07:07.326+0000] {logging_mixin.py:190} INFO - [2025-11-15T23:07:07.326+0000] {dag.py:3229} INFO - Sync 1 DAGs
[2025-11-15T23:07:07.344+0000] {logging_mixin.py:190} INFO - [2025-11-15T23:07:07.344+0000] {dag.py:4156} INFO - Setting next_dagrun for rodar_script_php to 2025-11-15 00:00:00+00:00, run_after=2025-11-16 00:00:00+00:00
[2025-11-15T23:07:07.356+0000] {processor.py:208} INFO - Processing /opt/airflow/dags/php_dag.py took 0.065 seconds
[2025-11-15T23:07:37.496+0000] {processor.py:186} INFO - Started process (PID=1839) to work on /opt/airflow/dags/php_dag.py
[2025-11-15T23:07:37.496+0000] {processor.py:914} INFO - Processing file /opt/airflow/dags/php_dag.py for tasks to queue
[2025-11-15T23:07:37.499+0000] {logging_mixin.py:190} INFO - [2025-11-15T23:07:37.498+0000] {dagbag.py:587} INFO - Filling up the DagBag from /opt/airflow/dags/php_dag.py
[2025-11-15T23:07:37.509+0000] {processor.py:925} INFO - DAG(s) 'rodar_script_php' retrieved from /opt/airflow/dags/php_dag.py
[2025-11-15T23:07:37.527+0000] {logging_mixin.py:190} INFO - [2025-11-15T23:07:37.527+0000] {dag.py:3229} INFO - Sync 1 DAGs
[2025-11-15T23:07:37.544+0000] {logging_mixin.py:190} INFO - [2025-11-15T23:07:37.544+0000] {dag.py:4156} INFO - Setting next_dagrun for rodar_script_php to 2025-11-15 00:00:00+00:00, run_after=2025-11-16 00:00:00+00:00
[2025-11-15T23:07:37.556+0000] {processor.py:208} INFO - Processing /opt/airflow/dags/php_dag.py took 0.065 seconds
[2025-11-15T23:08:07.743+0000] {processor.py:186} INFO - Started process (PID=1849) to work on /opt/airflow/dags/php_dag.py
[2025-11-15T23:08:07.744+0000] {processor.py:914} INFO - Processing file /opt/airflow/dags/php_dag.py for tasks to queue
[2025-11-15T23:08:07.748+0000] {logging_mixin.py:190} INFO - [2025-11-15T23:08:07.747+0000] {dagbag.py:587} INFO - Filling up the DagBag from /opt/airflow/dags/php_dag.py
[2025-11-15T23:08:07.758+0000] {processor.py:925} INFO - DAG(s) 'rodar_script_php' retrieved from /opt/airflow/dags/php_dag.py
[2025-11-15T23:08:07.780+0000] {logging_mixin.py:190} INFO - [2025-11-15T23:08:07.780+0000] {dag.py:3229} INFO - Sync 1 DAGs
[2025-11-15T23:08:07.802+0000] {logging_mixin.py:190} INFO - [2025-11-15T23:08:07.801+0000] {dag.py:4156} INFO - Setting next_dagrun for rodar_script_php to 2025-11-15 00:00:00+00:00, run_after=2025-11-16 00:00:00+00:00
[2025-11-15T23:08:07.815+0000] {processor.py:208} INFO - Processing /opt/airflow/dags/php_dag.py took 0.077 seconds
[2025-11-15T23:08:37.970+0000] {processor.py:186} INFO - Started process (PID=1859) to work on /opt/airflow/dags/php_dag.py
[2025-11-15T23:08:37.971+0000] {processor.py:914} INFO - Processing file /opt/airflow/dags/php_dag.py for tasks to queue
[2025-11-15T23:08:37.973+0000] {logging_mixin.py:190} INFO - [2025-11-15T23:08:37.973+0000] {dagbag.py:587} INFO - Filling up the DagBag from /opt/airflow/dags/php_dag.py
[2025-11-15T23:08:37.981+0000] {processor.py:925} INFO - DAG(s) 'rodar_script_php' retrieved from /opt/airflow/dags/php_dag.py
[2025-11-15T23:08:38.000+0000] {logging_mixin.py:190} INFO - [2025-11-15T23:08:37.999+0000] {dag.py:3229} INFO - Sync 1 DAGs
[2025-11-15T23:08:38.017+0000] {logging_mixin.py:190} INFO - [2025-11-15T23:08:38.017+0000] {dag.py:4156} INFO - Setting next_dagrun for rodar_script_php to 2025-11-15 00:00:00+00:00, run_after=2025-11-16 00:00:00+00:00
[2025-11-15T23:08:38.029+0000] {processor.py:208} INFO - Processing /opt/airflow/dags/php_dag.py took 0.063 seconds
[2025-11-15T23:09:08.293+0000] {processor.py:186} INFO - Started process (PID=1869) to work on /opt/airflow/dags/php_dag.py
[2025-11-15T23:09:08.297+0000] {processor.py:914} INFO - Processing file /opt/airflow/dags/php_dag.py for tasks to queue
[2025-11-15T23:09:08.298+0000] {logging_mixin.py:190} INFO - [2025-11-15T23:09:08.298+0000] {dagbag.py:587} INFO - Filling up the DagBag from /opt/airflow/dags/php_dag.py
[2025-11-15T23:09:08.308+0000] {processor.py:925} INFO - DAG(s) 'rodar_script_php' retrieved from /opt/airflow/dags/php_dag.py
[2025-11-15T23:09:08.328+0000] {logging_mixin.py:190} INFO - [2025-11-15T23:09:08.328+0000] {dag.py:3229} INFO - Sync 1 DAGs
[2025-11-15T23:09:08.346+0000] {logging_mixin.py:190} INFO - [2025-11-15T23:09:08.345+0000] {dag.py:4156} INFO - Setting next_dagrun for rodar_script_php to 2025-11-15 00:00:00+00:00, run_after=2025-11-16 00:00:00+00:00
[2025-11-15T23:09:08.358+0000] {processor.py:208} INFO - Processing /opt/airflow/dags/php_dag.py took 0.069 seconds
[2025-11-15T23:09:38.524+0000] {processor.py:186} INFO - Started process (PID=1879) to work on /opt/airflow/dags/php_dag.py
[2025-11-15T23:09:38.525+0000] {processor.py:914} INFO - Processing file /opt/airflow/dags/php_dag.py for tasks to queue
[2025-11-15T23:09:38.526+0000] {logging_mixin.py:190} INFO - [2025-11-15T23:09:38.526+0000] {dagbag.py:587} INFO - Filling up the DagBag from /opt/airflow/dags/php_dag.py
[2025-11-15T23:09:38.536+0000] {processor.py:925} INFO - DAG(s) 'rodar_script_php' retrieved from /opt/airflow/dags/php_dag.py
[2025-11-15T23:09:38.555+0000] {logging_mixin.py:190} INFO - [2025-11-15T23:09:38.555+0000] {dag.py:3229} INFO - Sync 1 DAGs
[2025-11-15T23:09:38.572+0000] {logging_mixin.py:190} INFO - [2025-11-15T23:09:38.572+0000] {dag.py:4156} INFO - Setting next_dagrun for rodar_script_php to 2025-11-15 00:00:00+00:00, run_after=2025-11-16 00:00:00+00:00
[2025-11-15T23:09:38.584+0000] {processor.py:208} INFO - Processing /opt/airflow/dags/php_dag.py took 0.064 seconds
[2025-11-15T23:10:08.811+0000] {processor.py:186} INFO - Started process (PID=1889) to work on /opt/airflow/dags/php_dag.py
[2025-11-15T23:10:08.811+0000] {processor.py:914} INFO - Processing file /opt/airflow/dags/php_dag.py for tasks to queue
[2025-11-15T23:10:08.813+0000] {logging_mixin.py:190} INFO - [2025-11-15T23:10:08.813+0000] {dagbag.py:587} INFO - Filling up the DagBag from /opt/airflow/dags/php_dag.py
[2025-11-15T23:10:08.823+0000] {processor.py:925} INFO - DAG(s) 'rodar_script_php' retrieved from /opt/airflow/dags/php_dag.py
[2025-11-15T23:10:08.842+0000] {logging_mixin.py:190} INFO - [2025-11-15T23:10:08.842+0000] {dag.py:3229} INFO - Sync 1 DAGs
[2025-11-15T23:10:08.859+0000] {logging_mixin.py:190} INFO - [2025-11-15T23:10:08.859+0000] {dag.py:4156} INFO - Setting next_dagrun for rodar_script_php to 2025-11-15 00:00:00+00:00, run_after=2025-11-16 00:00:00+00:00
[2025-11-15T23:10:08.872+0000] {processor.py:208} INFO - Processing /opt/airflow/dags/php_dag.py took 0.065 seconds
[2025-11-15T23:10:39.003+0000] {processor.py:186} INFO - Started process (PID=1899) to work on /opt/airflow/dags/php_dag.py
[2025-11-15T23:10:39.003+0000] {processor.py:914} INFO - Processing file /opt/airflow/dags/php_dag.py for tasks to queue
[2025-11-15T23:10:39.005+0000] {logging_mixin.py:190} INFO - [2025-11-15T23:10:39.005+0000] {dagbag.py:587} INFO - Filling up the DagBag from /opt/airflow/dags/php_dag.py
[2025-11-15T23:10:39.016+0000] {processor.py:925} INFO - DAG(s) 'rodar_script_php' retrieved from /opt/airflow/dags/php_dag.py
[2025-11-15T23:10:39.037+0000] {logging_mixin.py:190} INFO - [2025-11-15T23:10:39.036+0000] {dag.py:3229} INFO - Sync 1 DAGs
[2025-11-15T23:10:39.055+0000] {logging_mixin.py:190} INFO - [2025-11-15T23:10:39.055+0000] {dag.py:4156} INFO - Setting next_dagrun for rodar_script_php to 2025-11-15 00:00:00+00:00, run_after=2025-11-16 00:00:00+00:00
[2025-11-15T23:10:39.068+0000] {processor.py:208} INFO - Processing /opt/airflow/dags/php_dag.py took 0.070 seconds
[2025-11-15T23:11:09.283+0000] {processor.py:186} INFO - Started process (PID=1909) to work on /opt/airflow/dags/php_dag.py
[2025-11-15T23:11:09.283+0000] {processor.py:914} INFO - Processing file /opt/airflow/dags/php_dag.py for tasks to queue
[2025-11-15T23:11:09.285+0000] {logging_mixin.py:190} INFO - [2025-11-15T23:11:09.285+0000] {dagbag.py:587} INFO - Filling up the DagBag from /opt/airflow/dags/php_dag.py
[2025-11-15T23:11:09.296+0000] {processor.py:925} INFO - DAG(s) 'rodar_script_php' retrieved from /opt/airflow/dags/php_dag.py
[2025-11-15T23:11:09.315+0000] {logging_mixin.py:190} INFO - [2025-11-15T23:11:09.315+0000] {dag.py:3229} INFO - Sync 1 DAGs
[2025-11-15T23:11:09.334+0000] {logging_mixin.py:190} INFO - [2025-11-15T23:11:09.334+0000] {dag.py:4156} INFO - Setting next_dagrun for rodar_script_php to 2025-11-15 00:00:00+00:00, run_after=2025-11-16 00:00:00+00:00
[2025-11-15T23:11:09.346+0000] {processor.py:208} INFO - Processing /opt/airflow/dags/php_dag.py took 0.068 seconds
[2025-11-15T23:11:39.484+0000] {processor.py:186} INFO - Started process (PID=1919) to work on /opt/airflow/dags/php_dag.py
[2025-11-15T23:11:39.485+0000] {processor.py:914} INFO - Processing file /opt/airflow/dags/php_dag.py for tasks to queue
[2025-11-15T23:11:39.487+0000] {logging_mixin.py:190} INFO - [2025-11-15T23:11:39.487+0000] {dagbag.py:587} INFO - Filling up the DagBag from /opt/airflow/dags/php_dag.py
[2025-11-15T23:11:39.497+0000] {processor.py:925} INFO - DAG(s) 'rodar_script_php' retrieved from /opt/airflow/dags/php_dag.py
[2025-11-15T23:11:39.515+0000] {logging_mixin.py:190} INFO - [2025-11-15T23:11:39.515+0000] {dag.py:3229} INFO - Sync 1 DAGs
[2025-11-15T23:11:39.533+0000] {logging_mixin.py:190} INFO - [2025-11-15T23:11:39.533+0000] {dag.py:4156} INFO - Setting next_dagrun for rodar_script_php to 2025-11-15 00:00:00+00:00, run_after=2025-11-16 00:00:00+00:00
[2025-11-15T23:11:39.545+0000] {processor.py:208} INFO - Processing /opt/airflow/dags/php_dag.py took 0.065 seconds
[2025-11-15T23:12:09.726+0000] {processor.py:186} INFO - Started process (PID=1929) to work on /opt/airflow/dags/php_dag.py
[2025-11-15T23:12:09.726+0000] {processor.py:914} INFO - Processing file /opt/airflow/dags/php_dag.py for tasks to queue
[2025-11-15T23:12:09.728+0000] {logging_mixin.py:190} INFO - [2025-11-15T23:12:09.728+0000] {dagbag.py:587} INFO - Filling up the DagBag from /opt/airflow/dags/php_dag.py
[2025-11-15T23:12:09.738+0000] {processor.py:925} INFO - DAG(s) 'rodar_script_php' retrieved from /opt/airflow/dags/php_dag.py
[2025-11-15T23:12:09.758+0000] {logging_mixin.py:190} INFO - [2025-11-15T23:12:09.757+0000] {dag.py:3229} INFO - Sync 1 DAGs
[2025-11-15T23:12:09.775+0000] {logging_mixin.py:190} INFO - [2025-11-15T23:12:09.775+0000] {dag.py:4156} INFO - Setting next_dagrun for rodar_script_php to 2025-11-15 00:00:00+00:00, run_after=2025-11-16 00:00:00+00:00
[2025-11-15T23:12:09.787+0000] {processor.py:208} INFO - Processing /opt/airflow/dags/php_dag.py took 0.065 seconds
[2025-11-15T23:12:39.974+0000] {processor.py:186} INFO - Started process (PID=1939) to work on /opt/airflow/dags/php_dag.py
[2025-11-15T23:12:39.974+0000] {processor.py:914} INFO - Processing file /opt/airflow/dags/php_dag.py for tasks to queue
[2025-11-15T23:12:39.976+0000] {logging_mixin.py:190} INFO - [2025-11-15T23:12:39.976+0000] {dagbag.py:587} INFO - Filling up the DagBag from /opt/airflow/dags/php_dag.py
[2025-11-15T23:12:39.985+0000] {processor.py:925} INFO - DAG(s) 'rodar_script_php' retrieved from /opt/airflow/dags/php_dag.py
[2025-11-15T23:12:40.004+0000] {logging_mixin.py:190} INFO - [2025-11-15T23:12:40.004+0000] {dag.py:3229} INFO - Sync 1 DAGs
[2025-11-15T23:12:40.023+0000] {logging_mixin.py:190} INFO - [2025-11-15T23:12:40.022+0000] {dag.py:4156} INFO - Setting next_dagrun for rodar_script_php to 2025-11-15 00:00:00+00:00, run_after=2025-11-16 00:00:00+00:00
[2025-11-15T23:12:40.037+0000] {processor.py:208} INFO - Processing /opt/airflow/dags/php_dag.py took 0.068 seconds
[2025-11-15T23:13:10.217+0000] {processor.py:186} INFO - Started process (PID=1949) to work on /opt/airflow/dags/php_dag.py
[2025-11-15T23:13:10.218+0000] {processor.py:914} INFO - Processing file /opt/airflow/dags/php_dag.py for tasks to queue
[2025-11-15T23:13:10.220+0000] {logging_mixin.py:190} INFO - [2025-11-15T23:13:10.219+0000] {dagbag.py:587} INFO - Filling up the DagBag from /opt/airflow/dags/php_dag.py
[2025-11-15T23:13:10.229+0000] {processor.py:925} INFO - DAG(s) 'rodar_script_php' retrieved from /opt/airflow/dags/php_dag.py
[2025-11-15T23:13:10.249+0000] {logging_mixin.py:190} INFO - [2025-11-15T23:13:10.249+0000] {dag.py:3229} INFO - Sync 1 DAGs
[2025-11-15T23:13:10.267+0000] {logging_mixin.py:190} INFO - [2025-11-15T23:13:10.267+0000] {dag.py:4156} INFO - Setting next_dagrun for rodar_script_php to 2025-11-15 00:00:00+00:00, run_after=2025-11-16 00:00:00+00:00
[2025-11-15T23:13:10.279+0000] {processor.py:208} INFO - Processing /opt/airflow/dags/php_dag.py took 0.066 seconds
[2025-11-15T23:13:40.462+0000] {processor.py:186} INFO - Started process (PID=1959) to work on /opt/airflow/dags/php_dag.py
[2025-11-15T23:13:40.462+0000] {processor.py:914} INFO - Processing file /opt/airflow/dags/php_dag.py for tasks to queue
[2025-11-15T23:13:40.465+0000] {logging_mixin.py:190} INFO - [2025-11-15T23:13:40.464+0000] {dagbag.py:587} INFO - Filling up the DagBag from /opt/airflow/dags/php_dag.py
[2025-11-15T23:13:40.474+0000] {processor.py:925} INFO - DAG(s) 'rodar_script_php' retrieved from /opt/airflow/dags/php_dag.py
[2025-11-15T23:13:40.494+0000] {logging_mixin.py:190} INFO - [2025-11-15T23:13:40.494+0000] {dag.py:3229} INFO - Sync 1 DAGs
[2025-11-15T23:13:40.512+0000] {logging_mixin.py:190} INFO - [2025-11-15T23:13:40.512+0000] {dag.py:4156} INFO - Setting next_dagrun for rodar_script_php to 2025-11-15 00:00:00+00:00, run_after=2025-11-16 00:00:00+00:00
[2025-11-15T23:13:40.524+0000] {processor.py:208} INFO - Processing /opt/airflow/dags/php_dag.py took 0.067 seconds
[2025-11-15T23:14:10.660+0000] {processor.py:186} INFO - Started process (PID=1969) to work on /opt/airflow/dags/php_dag.py
[2025-11-15T23:14:10.661+0000] {processor.py:914} INFO - Processing file /opt/airflow/dags/php_dag.py for tasks to queue
[2025-11-15T23:14:10.663+0000] {logging_mixin.py:190} INFO - [2025-11-15T23:14:10.663+0000] {dagbag.py:587} INFO - Filling up the DagBag from /opt/airflow/dags/php_dag.py
[2025-11-15T23:14:10.674+0000] {processor.py:925} INFO - DAG(s) 'rodar_script_php' retrieved from /opt/airflow/dags/php_dag.py
[2025-11-15T23:14:10.695+0000] {logging_mixin.py:190} INFO - [2025-11-15T23:14:10.695+0000] {dag.py:3229} INFO - Sync 1 DAGs
[2025-11-15T23:14:10.713+0000] {logging_mixin.py:190} INFO - [2025-11-15T23:14:10.713+0000] {dag.py:4156} INFO - Setting next_dagrun for rodar_script_php to 2025-11-15 00:00:00+00:00, run_after=2025-11-16 00:00:00+00:00
[2025-11-15T23:14:10.725+0000] {processor.py:208} INFO - Processing /opt/airflow/dags/php_dag.py took 0.072 seconds
[2025-11-15T23:14:40.883+0000] {processor.py:186} INFO - Started process (PID=1979) to work on /opt/airflow/dags/php_dag.py
[2025-11-15T23:14:40.883+0000] {processor.py:914} INFO - Processing file /opt/airflow/dags/php_dag.py for tasks to queue
[2025-11-15T23:14:40.886+0000] {logging_mixin.py:190} INFO - [2025-11-15T23:14:40.885+0000] {dagbag.py:587} INFO - Filling up the DagBag from /opt/airflow/dags/php_dag.py
[2025-11-15T23:14:40.894+0000] {processor.py:925} INFO - DAG(s) 'rodar_script_php' retrieved from /opt/airflow/dags/php_dag.py
[2025-11-15T23:14:40.912+0000] {logging_mixin.py:190} INFO - [2025-11-15T23:14:40.912+0000] {dag.py:3229} INFO - Sync 1 DAGs
[2025-11-15T23:14:40.929+0000] {logging_mixin.py:190} INFO - [2025-11-15T23:14:40.928+0000] {dag.py:4156} INFO - Setting next_dagrun for rodar_script_php to 2025-11-15 00:00:00+00:00, run_after=2025-11-16 00:00:00+00:00
[2025-11-15T23:14:40.940+0000] {processor.py:208} INFO - Processing /opt/airflow/dags/php_dag.py took 0.062 seconds
[2025-11-15T23:15:11.146+0000] {processor.py:186} INFO - Started process (PID=1989) to work on /opt/airflow/dags/php_dag.py
[2025-11-15T23:15:11.150+0000] {processor.py:914} INFO - Processing file /opt/airflow/dags/php_dag.py for tasks to queue
[2025-11-15T23:15:11.151+0000] {logging_mixin.py:190} INFO - [2025-11-15T23:15:11.151+0000] {dagbag.py:587} INFO - Filling up the DagBag from /opt/airflow/dags/php_dag.py
[2025-11-15T23:15:11.161+0000] {processor.py:925} INFO - DAG(s) 'rodar_script_php' retrieved from /opt/airflow/dags/php_dag.py
[2025-11-15T23:15:11.181+0000] {logging_mixin.py:190} INFO - [2025-11-15T23:15:11.181+0000] {dag.py:3229} INFO - Sync 1 DAGs
[2025-11-15T23:15:11.198+0000] {logging_mixin.py:190} INFO - [2025-11-15T23:15:11.198+0000] {dag.py:4156} INFO - Setting next_dagrun for rodar_script_php to 2025-11-15 00:00:00+00:00, run_after=2025-11-16 00:00:00+00:00
[2025-11-15T23:15:11.210+0000] {processor.py:208} INFO - Processing /opt/airflow/dags/php_dag.py took 0.068 seconds
[2025-11-15T23:15:41.354+0000] {processor.py:186} INFO - Started process (PID=1999) to work on /opt/airflow/dags/php_dag.py
[2025-11-15T23:15:41.355+0000] {processor.py:914} INFO - Processing file /opt/airflow/dags/php_dag.py for tasks to queue
[2025-11-15T23:15:41.356+0000] {logging_mixin.py:190} INFO - [2025-11-15T23:15:41.356+0000] {dagbag.py:587} INFO - Filling up the DagBag from /opt/airflow/dags/php_dag.py
[2025-11-15T23:15:41.365+0000] {processor.py:925} INFO - DAG(s) 'rodar_script_php' retrieved from /opt/airflow/dags/php_dag.py
[2025-11-15T23:15:41.385+0000] {logging_mixin.py:190} INFO - [2025-11-15T23:15:41.384+0000] {dag.py:3229} INFO - Sync 1 DAGs
[2025-11-15T23:15:41.404+0000] {logging_mixin.py:190} INFO - [2025-11-15T23:15:41.404+0000] {dag.py:4156} INFO - Setting next_dagrun for rodar_script_php to 2025-11-15 00:00:00+00:00, run_after=2025-11-16 00:00:00+00:00
[2025-11-15T23:15:41.416+0000] {processor.py:208} INFO - Processing /opt/airflow/dags/php_dag.py took 0.066 seconds
[2025-11-15T23:16:11.590+0000] {processor.py:186} INFO - Started process (PID=2009) to work on /opt/airflow/dags/php_dag.py
[2025-11-15T23:16:11.591+0000] {processor.py:914} INFO - Processing file /opt/airflow/dags/php_dag.py for tasks to queue
[2025-11-15T23:16:11.592+0000] {logging_mixin.py:190} INFO - [2025-11-15T23:16:11.592+0000] {dagbag.py:587} INFO - Filling up the DagBag from /opt/airflow/dags/php_dag.py
[2025-11-15T23:16:11.602+0000] {processor.py:925} INFO - DAG(s) 'rodar_script_php' retrieved from /opt/airflow/dags/php_dag.py
[2025-11-15T23:16:11.619+0000] {logging_mixin.py:190} INFO - [2025-11-15T23:16:11.619+0000] {dag.py:3229} INFO - Sync 1 DAGs
[2025-11-15T23:16:11.637+0000] {logging_mixin.py:190} INFO - [2025-11-15T23:16:11.637+0000] {dag.py:4156} INFO - Setting next_dagrun for rodar_script_php to 2025-11-15 00:00:00+00:00, run_after=2025-11-16 00:00:00+00:00
[2025-11-15T23:16:11.650+0000] {processor.py:208} INFO - Processing /opt/airflow/dags/php_dag.py took 0.065 seconds
[2025-11-15T23:16:41.831+0000] {processor.py:186} INFO - Started process (PID=2019) to work on /opt/airflow/dags/php_dag.py
[2025-11-15T23:16:41.831+0000] {processor.py:914} INFO - Processing file /opt/airflow/dags/php_dag.py for tasks to queue
[2025-11-15T23:16:41.833+0000] {logging_mixin.py:190} INFO - [2025-11-15T23:16:41.832+0000] {dagbag.py:587} INFO - Filling up the DagBag from /opt/airflow/dags/php_dag.py
[2025-11-15T23:16:41.841+0000] {processor.py:925} INFO - DAG(s) 'rodar_script_php' retrieved from /opt/airflow/dags/php_dag.py
[2025-11-15T23:16:41.859+0000] {logging_mixin.py:190} INFO - [2025-11-15T23:16:41.859+0000] {dag.py:3229} INFO - Sync 1 DAGs
[2025-11-15T23:16:41.878+0000] {logging_mixin.py:190} INFO - [2025-11-15T23:16:41.877+0000] {dag.py:4156} INFO - Setting next_dagrun for rodar_script_php to 2025-11-15 00:00:00+00:00, run_after=2025-11-16 00:00:00+00:00
[2025-11-15T23:16:41.889+0000] {processor.py:208} INFO - Processing /opt/airflow/dags/php_dag.py took 0.063 seconds
[2025-11-15T23:17:12.063+0000] {processor.py:186} INFO - Started process (PID=2029) to work on /opt/airflow/dags/php_dag.py
[2025-11-15T23:17:12.063+0000] {processor.py:914} INFO - Processing file /opt/airflow/dags/php_dag.py for tasks to queue
[2025-11-15T23:17:12.065+0000] {logging_mixin.py:190} INFO - [2025-11-15T23:17:12.065+0000] {dagbag.py:587} INFO - Filling up the DagBag from /opt/airflow/dags/php_dag.py
[2025-11-15T23:17:12.074+0000] {processor.py:925} INFO - DAG(s) 'rodar_script_php' retrieved from /opt/airflow/dags/php_dag.py
[2025-11-15T23:17:12.093+0000] {logging_mixin.py:190} INFO - [2025-11-15T23:17:12.093+0000] {dag.py:3229} INFO - Sync 1 DAGs
[2025-11-15T23:17:12.111+0000] {logging_mixin.py:190} INFO - [2025-11-15T23:17:12.111+0000] {dag.py:4156} INFO - Setting next_dagrun for rodar_script_php to 2025-11-15 00:00:00+00:00, run_after=2025-11-16 00:00:00+00:00
[2025-11-15T23:17:12.123+0000] {processor.py:208} INFO - Processing /opt/airflow/dags/php_dag.py took 0.065 seconds
[2025-11-15T23:17:42.265+0000] {processor.py:186} INFO - Started process (PID=2039) to work on /opt/airflow/dags/php_dag.py
[2025-11-15T23:17:42.265+0000] {processor.py:914} INFO - Processing file /opt/airflow/dags/php_dag.py for tasks to queue
[2025-11-15T23:17:42.267+0000] {logging_mixin.py:190} INFO - [2025-11-15T23:17:42.266+0000] {dagbag.py:587} INFO - Filling up the DagBag from /opt/airflow/dags/php_dag.py
[2025-11-15T23:17:42.277+0000] {processor.py:925} INFO - DAG(s) 'rodar_script_php' retrieved from /opt/airflow/dags/php_dag.py
[2025-11-15T23:17:42.296+0000] {logging_mixin.py:190} INFO - [2025-11-15T23:17:42.296+0000] {dag.py:3229} INFO - Sync 1 DAGs
[2025-11-15T23:17:42.313+0000] {logging_mixin.py:190} INFO - [2025-11-15T23:17:42.313+0000] {dag.py:4156} INFO - Setting next_dagrun for rodar_script_php to 2025-11-15 00:00:00+00:00, run_after=2025-11-16 00:00:00+00:00
[2025-11-15T23:17:42.325+0000] {processor.py:208} INFO - Processing /opt/airflow/dags/php_dag.py took 0.065 seconds
[2025-11-15T23:18:12.452+0000] {processor.py:186} INFO - Started process (PID=2049) to work on /opt/airflow/dags/php_dag.py
[2025-11-15T23:18:12.456+0000] {processor.py:914} INFO - Processing file /opt/airflow/dags/php_dag.py for tasks to queue
[2025-11-15T23:18:12.458+0000] {logging_mixin.py:190} INFO - [2025-11-15T23:18:12.458+0000] {dagbag.py:587} INFO - Filling up the DagBag from /opt/airflow/dags/php_dag.py
[2025-11-15T23:18:12.468+0000] {processor.py:925} INFO - DAG(s) 'rodar_script_php' retrieved from /opt/airflow/dags/php_dag.py
[2025-11-15T23:18:12.487+0000] {logging_mixin.py:190} INFO - [2025-11-15T23:18:12.487+0000] {dag.py:3229} INFO - Sync 1 DAGs
[2025-11-15T23:18:12.505+0000] {logging_mixin.py:190} INFO - [2025-11-15T23:18:12.505+0000] {dag.py:4156} INFO - Setting next_dagrun for rodar_script_php to 2025-11-15 00:00:00+00:00, run_after=2025-11-16 00:00:00+00:00
[2025-11-15T23:18:12.517+0000] {processor.py:208} INFO - Processing /opt/airflow/dags/php_dag.py took 0.069 seconds
[2025-11-15T23:18:42.666+0000] {processor.py:186} INFO - Started process (PID=2059) to work on /opt/airflow/dags/php_dag.py
[2025-11-15T23:18:42.666+0000] {processor.py:914} INFO - Processing file /opt/airflow/dags/php_dag.py for tasks to queue
[2025-11-15T23:18:42.669+0000] {logging_mixin.py:190} INFO - [2025-11-15T23:18:42.669+0000] {dagbag.py:587} INFO - Filling up the DagBag from /opt/airflow/dags/php_dag.py
[2025-11-15T23:18:42.679+0000] {processor.py:925} INFO - DAG(s) 'rodar_script_php' retrieved from /opt/airflow/dags/php_dag.py
[2025-11-15T23:18:42.698+0000] {logging_mixin.py:190} INFO - [2025-11-15T23:18:42.698+0000] {dag.py:3229} INFO - Sync 1 DAGs
[2025-11-15T23:18:42.716+0000] {logging_mixin.py:190} INFO - [2025-11-15T23:18:42.715+0000] {dag.py:4156} INFO - Setting next_dagrun for rodar_script_php to 2025-11-15 00:00:00+00:00, run_after=2025-11-16 00:00:00+00:00
[2025-11-15T23:18:42.727+0000] {processor.py:208} INFO - Processing /opt/airflow/dags/php_dag.py took 0.067 seconds
[2025-11-15T23:19:12.858+0000] {processor.py:186} INFO - Started process (PID=2069) to work on /opt/airflow/dags/php_dag.py
[2025-11-15T23:19:12.859+0000] {processor.py:914} INFO - Processing file /opt/airflow/dags/php_dag.py for tasks to queue
[2025-11-15T23:19:12.861+0000] {logging_mixin.py:190} INFO - [2025-11-15T23:19:12.860+0000] {dagbag.py:587} INFO - Filling up the DagBag from /opt/airflow/dags/php_dag.py
[2025-11-15T23:19:12.870+0000] {processor.py:925} INFO - DAG(s) 'rodar_script_php' retrieved from /opt/airflow/dags/php_dag.py
[2025-11-15T23:19:12.888+0000] {logging_mixin.py:190} INFO - [2025-11-15T23:19:12.888+0000] {dag.py:3229} INFO - Sync 1 DAGs
[2025-11-15T23:19:12.906+0000] {logging_mixin.py:190} INFO - [2025-11-15T23:19:12.905+0000] {dag.py:4156} INFO - Setting next_dagrun for rodar_script_php to 2025-11-15 00:00:00+00:00, run_after=2025-11-16 00:00:00+00:00
[2025-11-15T23:19:12.918+0000] {processor.py:208} INFO - Processing /opt/airflow/dags/php_dag.py took 0.064 seconds
[2025-11-15T23:19:43.090+0000] {processor.py:186} INFO - Started process (PID=2079) to work on /opt/airflow/dags/php_dag.py
[2025-11-15T23:19:43.090+0000] {processor.py:914} INFO - Processing file /opt/airflow/dags/php_dag.py for tasks to queue
[2025-11-15T23:19:43.092+0000] {logging_mixin.py:190} INFO - [2025-11-15T23:19:43.092+0000] {dagbag.py:587} INFO - Filling up the DagBag from /opt/airflow/dags/php_dag.py
[2025-11-15T23:19:43.102+0000] {processor.py:925} INFO - DAG(s) 'rodar_script_php' retrieved from /opt/airflow/dags/php_dag.py
[2025-11-15T23:19:43.119+0000] {logging_mixin.py:190} INFO - [2025-11-15T23:19:43.119+0000] {dag.py:3229} INFO - Sync 1 DAGs
[2025-11-15T23:19:43.138+0000] {logging_mixin.py:190} INFO - [2025-11-15T23:19:43.138+0000] {dag.py:4156} INFO - Setting next_dagrun for rodar_script_php to 2025-11-15 00:00:00+00:00, run_after=2025-11-16 00:00:00+00:00
[2025-11-15T23:19:43.150+0000] {processor.py:208} INFO - Processing /opt/airflow/dags/php_dag.py took 0.065 seconds
[2025-11-15T23:20:13.323+0000] {processor.py:186} INFO - Started process (PID=2089) to work on /opt/airflow/dags/php_dag.py
[2025-11-15T23:20:13.324+0000] {processor.py:914} INFO - Processing file /opt/airflow/dags/php_dag.py for tasks to queue
[2025-11-15T23:20:13.325+0000] {logging_mixin.py:190} INFO - [2025-11-15T23:20:13.325+0000] {dagbag.py:587} INFO - Filling up the DagBag from /opt/airflow/dags/php_dag.py
[2025-11-15T23:20:13.334+0000] {processor.py:925} INFO - DAG(s) 'rodar_script_php' retrieved from /opt/airflow/dags/php_dag.py
[2025-11-15T23:20:13.353+0000] {logging_mixin.py:190} INFO - [2025-11-15T23:20:13.352+0000] {dag.py:3229} INFO - Sync 1 DAGs
[2025-11-15T23:20:13.370+0000] {logging_mixin.py:190} INFO - [2025-11-15T23:20:13.370+0000] {dag.py:4156} INFO - Setting next_dagrun for rodar_script_php to 2025-11-15 00:00:00+00:00, run_after=2025-11-16 00:00:00+00:00
[2025-11-15T23:20:13.382+0000] {processor.py:208} INFO - Processing /opt/airflow/dags/php_dag.py took 0.063 seconds
[2025-11-15T23:20:43.566+0000] {processor.py:186} INFO - Started process (PID=2099) to work on /opt/airflow/dags/php_dag.py
[2025-11-15T23:20:43.567+0000] {processor.py:914} INFO - Processing file /opt/airflow/dags/php_dag.py for tasks to queue
[2025-11-15T23:20:43.569+0000] {logging_mixin.py:190} INFO - [2025-11-15T23:20:43.569+0000] {dagbag.py:587} INFO - Filling up the DagBag from /opt/airflow/dags/php_dag.py
[2025-11-15T23:20:43.579+0000] {processor.py:925} INFO - DAG(s) 'rodar_script_php' retrieved from /opt/airflow/dags/php_dag.py
[2025-11-15T23:20:43.599+0000] {logging_mixin.py:190} INFO - [2025-11-15T23:20:43.599+0000] {dag.py:3229} INFO - Sync 1 DAGs
[2025-11-15T23:20:43.617+0000] {logging_mixin.py:190} INFO - [2025-11-15T23:20:43.617+0000] {dag.py:4156} INFO - Setting next_dagrun for rodar_script_php to 2025-11-15 00:00:00+00:00, run_after=2025-11-16 00:00:00+00:00
[2025-11-15T23:20:43.629+0000] {processor.py:208} INFO - Processing /opt/airflow/dags/php_dag.py took 0.067 seconds
[2025-11-15T23:21:13.800+0000] {processor.py:186} INFO - Started process (PID=2109) to work on /opt/airflow/dags/php_dag.py
[2025-11-15T23:21:13.800+0000] {processor.py:914} INFO - Processing file /opt/airflow/dags/php_dag.py for tasks to queue
[2025-11-15T23:21:13.803+0000] {logging_mixin.py:190} INFO - [2025-11-15T23:21:13.803+0000] {dagbag.py:587} INFO - Filling up the DagBag from /opt/airflow/dags/php_dag.py
[2025-11-15T23:21:13.811+0000] {processor.py:925} INFO - DAG(s) 'rodar_script_php' retrieved from /opt/airflow/dags/php_dag.py
[2025-11-15T23:21:13.830+0000] {logging_mixin.py:190} INFO - [2025-11-15T23:21:13.829+0000] {dag.py:3229} INFO - Sync 1 DAGs
[2025-11-15T23:21:13.847+0000] {logging_mixin.py:190} INFO - [2025-11-15T23:21:13.847+0000] {dag.py:4156} INFO - Setting next_dagrun for rodar_script_php to 2025-11-15 00:00:00+00:00, run_after=2025-11-16 00:00:00+00:00
[2025-11-15T23:21:13.859+0000] {processor.py:208} INFO - Processing /opt/airflow/dags/php_dag.py took 0.063 seconds
[2025-11-15T23:21:44.070+0000] {processor.py:186} INFO - Started process (PID=2119) to work on /opt/airflow/dags/php_dag.py
[2025-11-15T23:21:44.070+0000] {processor.py:914} INFO - Processing file /opt/airflow/dags/php_dag.py for tasks to queue
[2025-11-15T23:21:44.072+0000] {logging_mixin.py:190} INFO - [2025-11-15T23:21:44.072+0000] {dagbag.py:587} INFO - Filling up the DagBag from /opt/airflow/dags/php_dag.py
[2025-11-15T23:21:44.083+0000] {processor.py:925} INFO - DAG(s) 'rodar_script_php' retrieved from /opt/airflow/dags/php_dag.py
[2025-11-15T23:21:44.102+0000] {logging_mixin.py:190} INFO - [2025-11-15T23:21:44.102+0000] {dag.py:3229} INFO - Sync 1 DAGs
[2025-11-15T23:21:44.120+0000] {logging_mixin.py:190} INFO - [2025-11-15T23:21:44.119+0000] {dag.py:4156} INFO - Setting next_dagrun for rodar_script_php to 2025-11-15 00:00:00+00:00, run_after=2025-11-16 00:00:00+00:00
[2025-11-15T23:21:44.132+0000] {processor.py:208} INFO - Processing /opt/airflow/dags/php_dag.py took 0.067 seconds
[2025-11-15T23:22:14.332+0000] {processor.py:186} INFO - Started process (PID=2129) to work on /opt/airflow/dags/php_dag.py
[2025-11-15T23:22:14.335+0000] {processor.py:914} INFO - Processing file /opt/airflow/dags/php_dag.py for tasks to queue
[2025-11-15T23:22:14.337+0000] {logging_mixin.py:190} INFO - [2025-11-15T23:22:14.337+0000] {dagbag.py:587} INFO - Filling up the DagBag from /opt/airflow/dags/php_dag.py
[2025-11-15T23:22:14.347+0000] {processor.py:925} INFO - DAG(s) 'rodar_script_php' retrieved from /opt/airflow/dags/php_dag.py
[2025-11-15T23:22:14.367+0000] {logging_mixin.py:190} INFO - [2025-11-15T23:22:14.366+0000] {dag.py:3229} INFO - Sync 1 DAGs
[2025-11-15T23:22:14.386+0000] {logging_mixin.py:190} INFO - [2025-11-15T23:22:14.385+0000] {dag.py:4156} INFO - Setting next_dagrun for rodar_script_php to 2025-11-15 00:00:00+00:00, run_after=2025-11-16 00:00:00+00:00
[2025-11-15T23:22:14.398+0000] {processor.py:208} INFO - Processing /opt/airflow/dags/php_dag.py took 0.071 seconds
[2025-11-15T23:22:44.578+0000] {processor.py:186} INFO - Started process (PID=2139) to work on /opt/airflow/dags/php_dag.py
[2025-11-15T23:22:44.578+0000] {processor.py:914} INFO - Processing file /opt/airflow/dags/php_dag.py for tasks to queue
[2025-11-15T23:22:44.579+0000] {logging_mixin.py:190} INFO - [2025-11-15T23:22:44.579+0000] {dagbag.py:587} INFO - Filling up the DagBag from /opt/airflow/dags/php_dag.py
[2025-11-15T23:22:44.589+0000] {processor.py:925} INFO - DAG(s) 'rodar_script_php' retrieved from /opt/airflow/dags/php_dag.py
[2025-11-15T23:22:44.607+0000] {logging_mixin.py:190} INFO - [2025-11-15T23:22:44.607+0000] {dag.py:3229} INFO - Sync 1 DAGs
[2025-11-15T23:22:44.625+0000] {logging_mixin.py:190} INFO - [2025-11-15T23:22:44.625+0000] {dag.py:4156} INFO - Setting next_dagrun for rodar_script_php to 2025-11-15 00:00:00+00:00, run_after=2025-11-16 00:00:00+00:00
[2025-11-15T23:22:44.637+0000] {processor.py:208} INFO - Processing /opt/airflow/dags/php_dag.py took 0.064 seconds
[2025-11-15T23:23:14.820+0000] {processor.py:186} INFO - Started process (PID=2149) to work on /opt/airflow/dags/php_dag.py
[2025-11-15T23:23:14.824+0000] {processor.py:914} INFO - Processing file /opt/airflow/dags/php_dag.py for tasks to queue
[2025-11-15T23:23:14.826+0000] {logging_mixin.py:190} INFO - [2025-11-15T23:23:14.826+0000] {dagbag.py:587} INFO - Filling up the DagBag from /opt/airflow/dags/php_dag.py
[2025-11-15T23:23:14.835+0000] {processor.py:925} INFO - DAG(s) 'rodar_script_php' retrieved from /opt/airflow/dags/php_dag.py
[2025-11-15T23:23:14.856+0000] {logging_mixin.py:190} INFO - [2025-11-15T23:23:14.855+0000] {dag.py:3229} INFO - Sync 1 DAGs
[2025-11-15T23:23:14.873+0000] {logging_mixin.py:190} INFO - [2025-11-15T23:23:14.873+0000] {dag.py:4156} INFO - Setting next_dagrun for rodar_script_php to 2025-11-15 00:00:00+00:00, run_after=2025-11-16 00:00:00+00:00
[2025-11-15T23:23:14.885+0000] {processor.py:208} INFO - Processing /opt/airflow/dags/php_dag.py took 0.069 seconds
[2025-11-15T23:23:45.061+0000] {processor.py:186} INFO - Started process (PID=2159) to work on /opt/airflow/dags/php_dag.py
[2025-11-15T23:23:45.061+0000] {processor.py:914} INFO - Processing file /opt/airflow/dags/php_dag.py for tasks to queue
[2025-11-15T23:23:45.063+0000] {logging_mixin.py:190} INFO - [2025-11-15T23:23:45.063+0000] {dagbag.py:587} INFO - Filling up the DagBag from /opt/airflow/dags/php_dag.py
[2025-11-15T23:23:45.072+0000] {processor.py:925} INFO - DAG(s) 'rodar_script_php' retrieved from /opt/airflow/dags/php_dag.py
[2025-11-15T23:23:45.091+0000] {logging_mixin.py:190} INFO - [2025-11-15T23:23:45.091+0000] {dag.py:3229} INFO - Sync 1 DAGs
[2025-11-15T23:23:45.108+0000] {logging_mixin.py:190} INFO - [2025-11-15T23:23:45.108+0000] {dag.py:4156} INFO - Setting next_dagrun for rodar_script_php to 2025-11-15 00:00:00+00:00, run_after=2025-11-16 00:00:00+00:00
[2025-11-15T23:23:45.120+0000] {processor.py:208} INFO - Processing /opt/airflow/dags/php_dag.py took 0.064 seconds
[2025-11-15T23:24:15.349+0000] {processor.py:186} INFO - Started process (PID=2169) to work on /opt/airflow/dags/php_dag.py
[2025-11-15T23:24:15.352+0000] {processor.py:914} INFO - Processing file /opt/airflow/dags/php_dag.py for tasks to queue
[2025-11-15T23:24:15.355+0000] {logging_mixin.py:190} INFO - [2025-11-15T23:24:15.354+0000] {dagbag.py:587} INFO - Filling up the DagBag from /opt/airflow/dags/php_dag.py
[2025-11-15T23:24:15.365+0000] {processor.py:925} INFO - DAG(s) 'rodar_script_php' retrieved from /opt/airflow/dags/php_dag.py
[2025-11-15T23:24:15.385+0000] {logging_mixin.py:190} INFO - [2025-11-15T23:24:15.385+0000] {dag.py:3229} INFO - Sync 1 DAGs
[2025-11-15T23:24:15.402+0000] {logging_mixin.py:190} INFO - [2025-11-15T23:24:15.402+0000] {dag.py:4156} INFO - Setting next_dagrun for rodar_script_php to 2025-11-15 00:00:00+00:00, run_after=2025-11-16 00:00:00+00:00
[2025-11-15T23:24:15.415+0000] {processor.py:208} INFO - Processing /opt/airflow/dags/php_dag.py took 0.071 seconds
[2025-11-15T23:24:45.592+0000] {processor.py:186} INFO - Started process (PID=2179) to work on /opt/airflow/dags/php_dag.py
[2025-11-15T23:24:45.592+0000] {processor.py:914} INFO - Processing file /opt/airflow/dags/php_dag.py for tasks to queue
[2025-11-15T23:24:45.594+0000] {logging_mixin.py:190} INFO - [2025-11-15T23:24:45.594+0000] {dagbag.py:587} INFO - Filling up the DagBag from /opt/airflow/dags/php_dag.py
[2025-11-15T23:24:45.602+0000] {processor.py:925} INFO - DAG(s) 'rodar_script_php' retrieved from /opt/airflow/dags/php_dag.py
[2025-11-15T23:24:45.619+0000] {logging_mixin.py:190} INFO - [2025-11-15T23:24:45.619+0000] {dag.py:3229} INFO - Sync 1 DAGs
[2025-11-15T23:24:45.638+0000] {logging_mixin.py:190} INFO - [2025-11-15T23:24:45.637+0000] {dag.py:4156} INFO - Setting next_dagrun for rodar_script_php to 2025-11-15 00:00:00+00:00, run_after=2025-11-16 00:00:00+00:00
[2025-11-15T23:24:45.651+0000] {processor.py:208} INFO - Processing /opt/airflow/dags/php_dag.py took 0.063 seconds
[2025-11-15T23:25:15.806+0000] {processor.py:186} INFO - Started process (PID=2189) to work on /opt/airflow/dags/php_dag.py
[2025-11-15T23:25:15.806+0000] {processor.py:914} INFO - Processing file /opt/airflow/dags/php_dag.py for tasks to queue
[2025-11-15T23:25:15.808+0000] {logging_mixin.py:190} INFO - [2025-11-15T23:25:15.808+0000] {dagbag.py:587} INFO - Filling up the DagBag from /opt/airflow/dags/php_dag.py
[2025-11-15T23:25:15.817+0000] {processor.py:925} INFO - DAG(s) 'rodar_script_php' retrieved from /opt/airflow/dags/php_dag.py
[2025-11-15T23:25:15.841+0000] {logging_mixin.py:190} INFO - [2025-11-15T23:25:15.840+0000] {dag.py:3229} INFO - Sync 1 DAGs
[2025-11-15T23:25:15.874+0000] {logging_mixin.py:190} INFO - [2025-11-15T23:25:15.874+0000] {dag.py:4156} INFO - Setting next_dagrun for rodar_script_php to 2025-11-15 00:00:00+00:00, run_after=2025-11-16 00:00:00+00:00
[2025-11-15T23:25:15.889+0000] {processor.py:208} INFO - Processing /opt/airflow/dags/php_dag.py took 0.088 seconds
[2025-11-15T23:25:46.053+0000] {processor.py:186} INFO - Started process (PID=2199) to work on /opt/airflow/dags/php_dag.py
[2025-11-15T23:25:46.053+0000] {processor.py:914} INFO - Processing file /opt/airflow/dags/php_dag.py for tasks to queue
[2025-11-15T23:25:46.055+0000] {logging_mixin.py:190} INFO - [2025-11-15T23:25:46.055+0000] {dagbag.py:587} INFO - Filling up the DagBag from /opt/airflow/dags/php_dag.py
[2025-11-15T23:25:46.063+0000] {processor.py:925} INFO - DAG(s) 'rodar_script_php' retrieved from /opt/airflow/dags/php_dag.py
[2025-11-15T23:25:46.082+0000] {logging_mixin.py:190} INFO - [2025-11-15T23:25:46.081+0000] {dag.py:3229} INFO - Sync 1 DAGs
[2025-11-15T23:25:46.100+0000] {logging_mixin.py:190} INFO - [2025-11-15T23:25:46.100+0000] {dag.py:4156} INFO - Setting next_dagrun for rodar_script_php to 2025-11-15 00:00:00+00:00, run_after=2025-11-16 00:00:00+00:00
[2025-11-15T23:25:46.112+0000] {processor.py:208} INFO - Processing /opt/airflow/dags/php_dag.py took 0.064 seconds
[2025-11-15T23:26:16.359+0000] {processor.py:186} INFO - Started process (PID=2209) to work on /opt/airflow/dags/php_dag.py
[2025-11-15T23:26:16.363+0000] {processor.py:914} INFO - Processing file /opt/airflow/dags/php_dag.py for tasks to queue
[2025-11-15T23:26:16.364+0000] {logging_mixin.py:190} INFO - [2025-11-15T23:26:16.364+0000] {dagbag.py:587} INFO - Filling up the DagBag from /opt/airflow/dags/php_dag.py
[2025-11-15T23:26:16.373+0000] {processor.py:925} INFO - DAG(s) 'rodar_script_php' retrieved from /opt/airflow/dags/php_dag.py
[2025-11-15T23:26:16.393+0000] {logging_mixin.py:190} INFO - [2025-11-15T23:26:16.393+0000] {dag.py:3229} INFO - Sync 1 DAGs
[2025-11-15T23:26:16.410+0000] {logging_mixin.py:190} INFO - [2025-11-15T23:26:16.410+0000] {dag.py:4156} INFO - Setting next_dagrun for rodar_script_php to 2025-11-15 00:00:00+00:00, run_after=2025-11-16 00:00:00+00:00
[2025-11-15T23:26:16.422+0000] {processor.py:208} INFO - Processing /opt/airflow/dags/php_dag.py took 0.067 seconds
[2025-11-15T23:26:46.614+0000] {processor.py:186} INFO - Started process (PID=2219) to work on /opt/airflow/dags/php_dag.py
[2025-11-15T23:26:46.614+0000] {processor.py:914} INFO - Processing file /opt/airflow/dags/php_dag.py for tasks to queue
[2025-11-15T23:26:46.616+0000] {logging_mixin.py:190} INFO - [2025-11-15T23:26:46.616+0000] {dagbag.py:587} INFO - Filling up the DagBag from /opt/airflow/dags/php_dag.py
[2025-11-15T23:26:46.624+0000] {processor.py:925} INFO - DAG(s) 'rodar_script_php' retrieved from /opt/airflow/dags/php_dag.py
[2025-11-15T23:26:46.643+0000] {logging_mixin.py:190} INFO - [2025-11-15T23:26:46.643+0000] {dag.py:3229} INFO - Sync 1 DAGs
[2025-11-15T23:26:46.661+0000] {logging_mixin.py:190} INFO - [2025-11-15T23:26:46.661+0000] {dag.py:4156} INFO - Setting next_dagrun for rodar_script_php to 2025-11-15 00:00:00+00:00, run_after=2025-11-16 00:00:00+00:00
[2025-11-15T23:26:46.673+0000] {processor.py:208} INFO - Processing /opt/airflow/dags/php_dag.py took 0.063 seconds
[2025-11-15T23:27:16.825+0000] {processor.py:186} INFO - Started process (PID=2229) to work on /opt/airflow/dags/php_dag.py
[2025-11-15T23:27:16.825+0000] {processor.py:914} INFO - Processing file /opt/airflow/dags/php_dag.py for tasks to queue
[2025-11-15T23:27:16.828+0000] {logging_mixin.py:190} INFO - [2025-11-15T23:27:16.827+0000] {dagbag.py:587} INFO - Filling up the DagBag from /opt/airflow/dags/php_dag.py
[2025-11-15T23:27:16.836+0000] {processor.py:925} INFO - DAG(s) 'rodar_script_php' retrieved from /opt/airflow/dags/php_dag.py
[2025-11-15T23:27:16.854+0000] {logging_mixin.py:190} INFO - [2025-11-15T23:27:16.854+0000] {dag.py:3229} INFO - Sync 1 DAGs
[2025-11-15T23:27:16.872+0000] {logging_mixin.py:190} INFO - [2025-11-15T23:27:16.871+0000] {dag.py:4156} INFO - Setting next_dagrun for rodar_script_php to 2025-11-15 00:00:00+00:00, run_after=2025-11-16 00:00:00+00:00
[2025-11-15T23:27:16.884+0000] {processor.py:208} INFO - Processing /opt/airflow/dags/php_dag.py took 0.063 seconds
[2025-11-15T23:27:47.076+0000] {processor.py:186} INFO - Started process (PID=2239) to work on /opt/airflow/dags/php_dag.py
[2025-11-15T23:27:47.076+0000] {processor.py:914} INFO - Processing file /opt/airflow/dags/php_dag.py for tasks to queue
[2025-11-15T23:27:47.079+0000] {logging_mixin.py:190} INFO - [2025-11-15T23:27:47.079+0000] {dagbag.py:587} INFO - Filling up the DagBag from /opt/airflow/dags/php_dag.py
[2025-11-15T23:27:47.087+0000] {processor.py:925} INFO - DAG(s) 'rodar_script_php' retrieved from /opt/airflow/dags/php_dag.py
[2025-11-15T23:27:47.107+0000] {logging_mixin.py:190} INFO - [2025-11-15T23:27:47.107+0000] {dag.py:3229} INFO - Sync 1 DAGs
[2025-11-15T23:27:47.125+0000] {logging_mixin.py:190} INFO - [2025-11-15T23:27:47.125+0000] {dag.py:4156} INFO - Setting next_dagrun for rodar_script_php to 2025-11-15 00:00:00+00:00, run_after=2025-11-16 00:00:00+00:00
[2025-11-15T23:27:47.137+0000] {processor.py:208} INFO - Processing /opt/airflow/dags/php_dag.py took 0.066 seconds
[2025-11-15T23:28:17.333+0000] {processor.py:186} INFO - Started process (PID=2249) to work on /opt/airflow/dags/php_dag.py
[2025-11-15T23:28:17.333+0000] {processor.py:914} INFO - Processing file /opt/airflow/dags/php_dag.py for tasks to queue
[2025-11-15T23:28:17.336+0000] {logging_mixin.py:190} INFO - [2025-11-15T23:28:17.336+0000] {dagbag.py:587} INFO - Filling up the DagBag from /opt/airflow/dags/php_dag.py
[2025-11-15T23:28:17.344+0000] {processor.py:925} INFO - DAG(s) 'rodar_script_php' retrieved from /opt/airflow/dags/php_dag.py
[2025-11-15T23:28:17.364+0000] {logging_mixin.py:190} INFO - [2025-11-15T23:28:17.363+0000] {dag.py:3229} INFO - Sync 1 DAGs
[2025-11-15T23:28:17.382+0000] {logging_mixin.py:190} INFO - [2025-11-15T23:28:17.382+0000] {dag.py:4156} INFO - Setting next_dagrun for rodar_script_php to 2025-11-15 00:00:00+00:00, run_after=2025-11-16 00:00:00+00:00
[2025-11-15T23:28:17.393+0000] {processor.py:208} INFO - Processing /opt/airflow/dags/php_dag.py took 0.065 seconds
[2025-11-15T23:28:47.571+0000] {processor.py:186} INFO - Started process (PID=2259) to work on /opt/airflow/dags/php_dag.py
[2025-11-15T23:28:47.571+0000] {processor.py:914} INFO - Processing file /opt/airflow/dags/php_dag.py for tasks to queue
[2025-11-15T23:28:47.573+0000] {logging_mixin.py:190} INFO - [2025-11-15T23:28:47.573+0000] {dagbag.py:587} INFO - Filling up the DagBag from /opt/airflow/dags/php_dag.py
[2025-11-15T23:28:47.582+0000] {processor.py:925} INFO - DAG(s) 'rodar_script_php' retrieved from /opt/airflow/dags/php_dag.py
[2025-11-15T23:28:47.602+0000] {logging_mixin.py:190} INFO - [2025-11-15T23:28:47.601+0000] {dag.py:3229} INFO - Sync 1 DAGs
[2025-11-15T23:28:47.619+0000] {logging_mixin.py:190} INFO - [2025-11-15T23:28:47.619+0000] {dag.py:4156} INFO - Setting next_dagrun for rodar_script_php to 2025-11-15 00:00:00+00:00, run_after=2025-11-16 00:00:00+00:00
[2025-11-15T23:28:47.631+0000] {processor.py:208} INFO - Processing /opt/airflow/dags/php_dag.py took 0.065 seconds
[2025-11-15T23:29:17.808+0000] {processor.py:186} INFO - Started process (PID=2269) to work on /opt/airflow/dags/php_dag.py
[2025-11-15T23:29:17.809+0000] {processor.py:914} INFO - Processing file /opt/airflow/dags/php_dag.py for tasks to queue
[2025-11-15T23:29:17.811+0000] {logging_mixin.py:190} INFO - [2025-11-15T23:29:17.810+0000] {dagbag.py:587} INFO - Filling up the DagBag from /opt/airflow/dags/php_dag.py
[2025-11-15T23:29:17.819+0000] {processor.py:925} INFO - DAG(s) 'rodar_script_php' retrieved from /opt/airflow/dags/php_dag.py
[2025-11-15T23:29:17.838+0000] {logging_mixin.py:190} INFO - [2025-11-15T23:29:17.838+0000] {dag.py:3229} INFO - Sync 1 DAGs
[2025-11-15T23:29:17.856+0000] {logging_mixin.py:190} INFO - [2025-11-15T23:29:17.855+0000] {dag.py:4156} INFO - Setting next_dagrun for rodar_script_php to 2025-11-15 00:00:00+00:00, run_after=2025-11-16 00:00:00+00:00
[2025-11-15T23:29:17.867+0000] {processor.py:208} INFO - Processing /opt/airflow/dags/php_dag.py took 0.063 seconds
[2025-11-15T23:29:48.030+0000] {processor.py:186} INFO - Started process (PID=2279) to work on /opt/airflow/dags/php_dag.py
[2025-11-15T23:29:48.030+0000] {processor.py:914} INFO - Processing file /opt/airflow/dags/php_dag.py for tasks to queue
[2025-11-15T23:29:48.032+0000] {logging_mixin.py:190} INFO - [2025-11-15T23:29:48.032+0000] {dagbag.py:587} INFO - Filling up the DagBag from /opt/airflow/dags/php_dag.py
[2025-11-15T23:29:48.042+0000] {processor.py:925} INFO - DAG(s) 'rodar_script_php' retrieved from /opt/airflow/dags/php_dag.py
[2025-11-15T23:29:48.061+0000] {logging_mixin.py:190} INFO - [2025-11-15T23:29:48.060+0000] {dag.py:3229} INFO - Sync 1 DAGs
[2025-11-15T23:29:48.078+0000] {logging_mixin.py:190} INFO - [2025-11-15T23:29:48.078+0000] {dag.py:4156} INFO - Setting next_dagrun for rodar_script_php to 2025-11-15 00:00:00+00:00, run_after=2025-11-16 00:00:00+00:00
[2025-11-15T23:29:48.091+0000] {processor.py:208} INFO - Processing /opt/airflow/dags/php_dag.py took 0.066 seconds
[2025-11-15T23:30:18.240+0000] {processor.py:186} INFO - Started process (PID=2289) to work on /opt/airflow/dags/php_dag.py
[2025-11-15T23:30:18.241+0000] {processor.py:914} INFO - Processing file /opt/airflow/dags/php_dag.py for tasks to queue
[2025-11-15T23:30:18.243+0000] {logging_mixin.py:190} INFO - [2025-11-15T23:30:18.243+0000] {dagbag.py:587} INFO - Filling up the DagBag from /opt/airflow/dags/php_dag.py
[2025-11-15T23:30:18.252+0000] {processor.py:925} INFO - DAG(s) 'rodar_script_php' retrieved from /opt/airflow/dags/php_dag.py
[2025-11-15T23:30:18.271+0000] {logging_mixin.py:190} INFO - [2025-11-15T23:30:18.271+0000] {dag.py:3229} INFO - Sync 1 DAGs
[2025-11-15T23:30:18.288+0000] {logging_mixin.py:190} INFO - [2025-11-15T23:30:18.288+0000] {dag.py:4156} INFO - Setting next_dagrun for rodar_script_php to 2025-11-15 00:00:00+00:00, run_after=2025-11-16 00:00:00+00:00
[2025-11-15T23:30:18.301+0000] {processor.py:208} INFO - Processing /opt/airflow/dags/php_dag.py took 0.065 seconds
[2025-11-15T23:30:48.465+0000] {processor.py:186} INFO - Started process (PID=2299) to work on /opt/airflow/dags/php_dag.py
[2025-11-15T23:30:48.465+0000] {processor.py:914} INFO - Processing file /opt/airflow/dags/php_dag.py for tasks to queue
[2025-11-15T23:30:48.468+0000] {logging_mixin.py:190} INFO - [2025-11-15T23:30:48.468+0000] {dagbag.py:587} INFO - Filling up the DagBag from /opt/airflow/dags/php_dag.py
[2025-11-15T23:30:48.478+0000] {processor.py:925} INFO - DAG(s) 'rodar_script_php' retrieved from /opt/airflow/dags/php_dag.py
[2025-11-15T23:30:48.496+0000] {logging_mixin.py:190} INFO - [2025-11-15T23:30:48.496+0000] {dag.py:3229} INFO - Sync 1 DAGs
[2025-11-15T23:30:48.514+0000] {logging_mixin.py:190} INFO - [2025-11-15T23:30:48.514+0000] {dag.py:4156} INFO - Setting next_dagrun for rodar_script_php to 2025-11-15 00:00:00+00:00, run_after=2025-11-16 00:00:00+00:00
[2025-11-15T23:30:48.527+0000] {processor.py:208} INFO - Processing /opt/airflow/dags/php_dag.py took 0.066 seconds
[2025-11-15T23:31:18.652+0000] {processor.py:186} INFO - Started process (PID=2309) to work on /opt/airflow/dags/php_dag.py
[2025-11-15T23:31:18.652+0000] {processor.py:914} INFO - Processing file /opt/airflow/dags/php_dag.py for tasks to queue
[2025-11-15T23:31:18.655+0000] {logging_mixin.py:190} INFO - [2025-11-15T23:31:18.654+0000] {dagbag.py:587} INFO - Filling up the DagBag from /opt/airflow/dags/php_dag.py
[2025-11-15T23:31:18.664+0000] {processor.py:925} INFO - DAG(s) 'rodar_script_php' retrieved from /opt/airflow/dags/php_dag.py
[2025-11-15T23:31:18.683+0000] {logging_mixin.py:190} INFO - [2025-11-15T23:31:18.683+0000] {dag.py:3229} INFO - Sync 1 DAGs
[2025-11-15T23:31:18.701+0000] {logging_mixin.py:190} INFO - [2025-11-15T23:31:18.701+0000] {dag.py:4156} INFO - Setting next_dagrun for rodar_script_php to 2025-11-15 00:00:00+00:00, run_after=2025-11-16 00:00:00+00:00
[2025-11-15T23:31:18.714+0000] {processor.py:208} INFO - Processing /opt/airflow/dags/php_dag.py took 0.066 seconds
[2025-11-15T23:31:48.939+0000] {processor.py:186} INFO - Started process (PID=2319) to work on /opt/airflow/dags/php_dag.py
[2025-11-15T23:31:48.940+0000] {processor.py:914} INFO - Processing file /opt/airflow/dags/php_dag.py for tasks to queue
[2025-11-15T23:31:48.942+0000] {logging_mixin.py:190} INFO - [2025-11-15T23:31:48.941+0000] {dagbag.py:587} INFO - Filling up the DagBag from /opt/airflow/dags/php_dag.py
[2025-11-15T23:31:48.953+0000] {processor.py:925} INFO - DAG(s) 'rodar_script_php' retrieved from /opt/airflow/dags/php_dag.py
[2025-11-15T23:31:48.976+0000] {logging_mixin.py:190} INFO - [2025-11-15T23:31:48.976+0000] {dag.py:3229} INFO - Sync 1 DAGs
[2025-11-15T23:31:48.998+0000] {logging_mixin.py:190} INFO - [2025-11-15T23:31:48.998+0000] {dag.py:4156} INFO - Setting next_dagrun for rodar_script_php to 2025-11-15 00:00:00+00:00, run_after=2025-11-16 00:00:00+00:00
[2025-11-15T23:31:49.011+0000] {processor.py:208} INFO - Processing /opt/airflow/dags/php_dag.py took 0.076 seconds
[2025-11-15T23:32:19.159+0000] {processor.py:186} INFO - Started process (PID=2329) to work on /opt/airflow/dags/php_dag.py
[2025-11-15T23:32:19.159+0000] {processor.py:914} INFO - Processing file /opt/airflow/dags/php_dag.py for tasks to queue
[2025-11-15T23:32:19.160+0000] {logging_mixin.py:190} INFO - [2025-11-15T23:32:19.160+0000] {dagbag.py:587} INFO - Filling up the DagBag from /opt/airflow/dags/php_dag.py
[2025-11-15T23:32:19.170+0000] {processor.py:925} INFO - DAG(s) 'rodar_script_php' retrieved from /opt/airflow/dags/php_dag.py
[2025-11-15T23:32:19.191+0000] {logging_mixin.py:190} INFO - [2025-11-15T23:32:19.191+0000] {dag.py:3229} INFO - Sync 1 DAGs
[2025-11-15T23:32:19.209+0000] {logging_mixin.py:190} INFO - [2025-11-15T23:32:19.209+0000] {dag.py:4156} INFO - Setting next_dagrun for rodar_script_php to 2025-11-15 00:00:00+00:00, run_after=2025-11-16 00:00:00+00:00
[2025-11-15T23:32:19.221+0000] {processor.py:208} INFO - Processing /opt/airflow/dags/php_dag.py took 0.067 seconds
[2025-11-15T23:32:49.385+0000] {processor.py:186} INFO - Started process (PID=2339) to work on /opt/airflow/dags/php_dag.py
[2025-11-15T23:32:49.385+0000] {processor.py:914} INFO - Processing file /opt/airflow/dags/php_dag.py for tasks to queue
[2025-11-15T23:32:49.387+0000] {logging_mixin.py:190} INFO - [2025-11-15T23:32:49.387+0000] {dagbag.py:587} INFO - Filling up the DagBag from /opt/airflow/dags/php_dag.py
[2025-11-15T23:32:49.397+0000] {processor.py:925} INFO - DAG(s) 'rodar_script_php' retrieved from /opt/airflow/dags/php_dag.py
[2025-11-15T23:32:49.414+0000] {logging_mixin.py:190} INFO - [2025-11-15T23:32:49.414+0000] {dag.py:3229} INFO - Sync 1 DAGs
[2025-11-15T23:32:49.432+0000] {logging_mixin.py:190} INFO - [2025-11-15T23:32:49.432+0000] {dag.py:4156} INFO - Setting next_dagrun for rodar_script_php to 2025-11-15 00:00:00+00:00, run_after=2025-11-16 00:00:00+00:00
[2025-11-15T23:32:49.445+0000] {processor.py:208} INFO - Processing /opt/airflow/dags/php_dag.py took 0.065 seconds
[2025-11-15T23:33:19.594+0000] {processor.py:186} INFO - Started process (PID=2349) to work on /opt/airflow/dags/php_dag.py
[2025-11-15T23:33:19.594+0000] {processor.py:914} INFO - Processing file /opt/airflow/dags/php_dag.py for tasks to queue
[2025-11-15T23:33:19.596+0000] {logging_mixin.py:190} INFO - [2025-11-15T23:33:19.595+0000] {dagbag.py:587} INFO - Filling up the DagBag from /opt/airflow/dags/php_dag.py
[2025-11-15T23:33:19.606+0000] {processor.py:925} INFO - DAG(s) 'rodar_script_php' retrieved from /opt/airflow/dags/php_dag.py
[2025-11-15T23:33:19.625+0000] {logging_mixin.py:190} INFO - [2025-11-15T23:33:19.625+0000] {dag.py:3229} INFO - Sync 1 DAGs
[2025-11-15T23:33:19.642+0000] {logging_mixin.py:190} INFO - [2025-11-15T23:33:19.642+0000] {dag.py:4156} INFO - Setting next_dagrun for rodar_script_php to 2025-11-15 00:00:00+00:00, run_after=2025-11-16 00:00:00+00:00
[2025-11-15T23:33:19.655+0000] {processor.py:208} INFO - Processing /opt/airflow/dags/php_dag.py took 0.065 seconds
[2025-11-15T23:33:49.839+0000] {processor.py:186} INFO - Started process (PID=2359) to work on /opt/airflow/dags/php_dag.py
[2025-11-15T23:33:49.840+0000] {processor.py:914} INFO - Processing file /opt/airflow/dags/php_dag.py for tasks to queue
[2025-11-15T23:33:49.841+0000] {logging_mixin.py:190} INFO - [2025-11-15T23:33:49.841+0000] {dagbag.py:587} INFO - Filling up the DagBag from /opt/airflow/dags/php_dag.py
[2025-11-15T23:33:49.852+0000] {processor.py:925} INFO - DAG(s) 'rodar_script_php' retrieved from /opt/airflow/dags/php_dag.py
[2025-11-15T23:33:49.872+0000] {logging_mixin.py:190} INFO - [2025-11-15T23:33:49.872+0000] {dag.py:3229} INFO - Sync 1 DAGs
[2025-11-15T23:33:49.891+0000] {logging_mixin.py:190} INFO - [2025-11-15T23:33:49.890+0000] {dag.py:4156} INFO - Setting next_dagrun for rodar_script_php to 2025-11-15 00:00:00+00:00, run_after=2025-11-16 00:00:00+00:00
[2025-11-15T23:33:49.903+0000] {processor.py:208} INFO - Processing /opt/airflow/dags/php_dag.py took 0.068 seconds
[2025-11-15T23:34:20.120+0000] {processor.py:186} INFO - Started process (PID=2369) to work on /opt/airflow/dags/php_dag.py
[2025-11-15T23:34:20.121+0000] {processor.py:914} INFO - Processing file /opt/airflow/dags/php_dag.py for tasks to queue
[2025-11-15T23:34:20.123+0000] {logging_mixin.py:190} INFO - [2025-11-15T23:34:20.123+0000] {dagbag.py:587} INFO - Filling up the DagBag from /opt/airflow/dags/php_dag.py
[2025-11-15T23:34:20.132+0000] {processor.py:925} INFO - DAG(s) 'rodar_script_php' retrieved from /opt/airflow/dags/php_dag.py
[2025-11-15T23:34:20.152+0000] {logging_mixin.py:190} INFO - [2025-11-15T23:34:20.151+0000] {dag.py:3229} INFO - Sync 1 DAGs
[2025-11-15T23:34:20.169+0000] {logging_mixin.py:190} INFO - [2025-11-15T23:34:20.169+0000] {dag.py:4156} INFO - Setting next_dagrun for rodar_script_php to 2025-11-15 00:00:00+00:00, run_after=2025-11-16 00:00:00+00:00
[2025-11-15T23:34:20.183+0000] {processor.py:208} INFO - Processing /opt/airflow/dags/php_dag.py took 0.067 seconds
[2025-11-15T23:34:50.343+0000] {processor.py:186} INFO - Started process (PID=2379) to work on /opt/airflow/dags/php_dag.py
[2025-11-15T23:34:50.343+0000] {processor.py:914} INFO - Processing file /opt/airflow/dags/php_dag.py for tasks to queue
[2025-11-15T23:34:50.346+0000] {logging_mixin.py:190} INFO - [2025-11-15T23:34:50.345+0000] {dagbag.py:587} INFO - Filling up the DagBag from /opt/airflow/dags/php_dag.py
[2025-11-15T23:34:50.356+0000] {processor.py:925} INFO - DAG(s) 'rodar_script_php' retrieved from /opt/airflow/dags/php_dag.py
[2025-11-15T23:34:50.374+0000] {logging_mixin.py:190} INFO - [2025-11-15T23:34:50.374+0000] {dag.py:3229} INFO - Sync 1 DAGs
[2025-11-15T23:34:50.392+0000] {logging_mixin.py:190} INFO - [2025-11-15T23:34:50.392+0000] {dag.py:4156} INFO - Setting next_dagrun for rodar_script_php to 2025-11-15 00:00:00+00:00, run_after=2025-11-16 00:00:00+00:00
[2025-11-15T23:34:50.404+0000] {processor.py:208} INFO - Processing /opt/airflow/dags/php_dag.py took 0.066 seconds
[2025-11-15T23:35:20.595+0000] {processor.py:186} INFO - Started process (PID=2389) to work on /opt/airflow/dags/php_dag.py
[2025-11-15T23:35:20.596+0000] {processor.py:914} INFO - Processing file /opt/airflow/dags/php_dag.py for tasks to queue
[2025-11-15T23:35:20.597+0000] {logging_mixin.py:190} INFO - [2025-11-15T23:35:20.597+0000] {dagbag.py:587} INFO - Filling up the DagBag from /opt/airflow/dags/php_dag.py
[2025-11-15T23:35:20.607+0000] {processor.py:925} INFO - DAG(s) 'rodar_script_php' retrieved from /opt/airflow/dags/php_dag.py
[2025-11-15T23:35:20.625+0000] {logging_mixin.py:190} INFO - [2025-11-15T23:35:20.625+0000] {dag.py:3229} INFO - Sync 1 DAGs
[2025-11-15T23:35:20.643+0000] {logging_mixin.py:190} INFO - [2025-11-15T23:35:20.643+0000] {dag.py:4156} INFO - Setting next_dagrun for rodar_script_php to 2025-11-15 00:00:00+00:00, run_after=2025-11-16 00:00:00+00:00
[2025-11-15T23:35:20.655+0000] {processor.py:208} INFO - Processing /opt/airflow/dags/php_dag.py took 0.064 seconds
[2025-11-15T23:35:50.807+0000] {processor.py:186} INFO - Started process (PID=2399) to work on /opt/airflow/dags/php_dag.py
[2025-11-15T23:35:50.807+0000] {processor.py:914} INFO - Processing file /opt/airflow/dags/php_dag.py for tasks to queue
[2025-11-15T23:35:50.809+0000] {logging_mixin.py:190} INFO - [2025-11-15T23:35:50.808+0000] {dagbag.py:587} INFO - Filling up the DagBag from /opt/airflow/dags/php_dag.py
[2025-11-15T23:35:50.819+0000] {processor.py:925} INFO - DAG(s) 'rodar_script_php' retrieved from /opt/airflow/dags/php_dag.py
[2025-11-15T23:35:50.838+0000] {logging_mixin.py:190} INFO - [2025-11-15T23:35:50.838+0000] {dag.py:3229} INFO - Sync 1 DAGs
[2025-11-15T23:35:50.855+0000] {logging_mixin.py:190} INFO - [2025-11-15T23:35:50.855+0000] {dag.py:4156} INFO - Setting next_dagrun for rodar_script_php to 2025-11-15 00:00:00+00:00, run_after=2025-11-16 00:00:00+00:00
[2025-11-15T23:35:50.869+0000] {processor.py:208} INFO - Processing /opt/airflow/dags/php_dag.py took 0.066 seconds
[2025-11-15T23:36:21.073+0000] {processor.py:186} INFO - Started process (PID=2409) to work on /opt/airflow/dags/php_dag.py
[2025-11-15T23:36:21.073+0000] {processor.py:914} INFO - Processing file /opt/airflow/dags/php_dag.py for tasks to queue
[2025-11-15T23:36:21.075+0000] {logging_mixin.py:190} INFO - [2025-11-15T23:36:21.075+0000] {dagbag.py:587} INFO - Filling up the DagBag from /opt/airflow/dags/php_dag.py
[2025-11-15T23:36:21.084+0000] {processor.py:925} INFO - DAG(s) 'rodar_script_php' retrieved from /opt/airflow/dags/php_dag.py
[2025-11-15T23:36:21.103+0000] {logging_mixin.py:190} INFO - [2025-11-15T23:36:21.102+0000] {dag.py:3229} INFO - Sync 1 DAGs
[2025-11-15T23:36:21.121+0000] {logging_mixin.py:190} INFO - [2025-11-15T23:36:21.121+0000] {dag.py:4156} INFO - Setting next_dagrun for rodar_script_php to 2025-11-15 00:00:00+00:00, run_after=2025-11-16 00:00:00+00:00
[2025-11-15T23:36:21.133+0000] {processor.py:208} INFO - Processing /opt/airflow/dags/php_dag.py took 0.065 seconds
[2025-11-15T23:36:51.268+0000] {processor.py:186} INFO - Started process (PID=2419) to work on /opt/airflow/dags/php_dag.py
[2025-11-15T23:36:51.268+0000] {processor.py:914} INFO - Processing file /opt/airflow/dags/php_dag.py for tasks to queue
[2025-11-15T23:36:51.270+0000] {logging_mixin.py:190} INFO - [2025-11-15T23:36:51.270+0000] {dagbag.py:587} INFO - Filling up the DagBag from /opt/airflow/dags/php_dag.py
[2025-11-15T23:36:51.279+0000] {processor.py:925} INFO - DAG(s) 'rodar_script_php' retrieved from /opt/airflow/dags/php_dag.py
[2025-11-15T23:36:51.299+0000] {logging_mixin.py:190} INFO - [2025-11-15T23:36:51.299+0000] {dag.py:3229} INFO - Sync 1 DAGs
[2025-11-15T23:36:51.320+0000] {logging_mixin.py:190} INFO - [2025-11-15T23:36:51.320+0000] {dag.py:4156} INFO - Setting next_dagrun for rodar_script_php to 2025-11-15 00:00:00+00:00, run_after=2025-11-16 00:00:00+00:00
[2025-11-15T23:36:51.332+0000] {processor.py:208} INFO - Processing /opt/airflow/dags/php_dag.py took 0.069 seconds
[2025-11-15T23:37:21.573+0000] {processor.py:186} INFO - Started process (PID=2429) to work on /opt/airflow/dags/php_dag.py
[2025-11-15T23:37:21.573+0000] {processor.py:914} INFO - Processing file /opt/airflow/dags/php_dag.py for tasks to queue
[2025-11-15T23:37:21.576+0000] {logging_mixin.py:190} INFO - [2025-11-15T23:37:21.575+0000] {dagbag.py:587} INFO - Filling up the DagBag from /opt/airflow/dags/php_dag.py
[2025-11-15T23:37:21.586+0000] {processor.py:925} INFO - DAG(s) 'rodar_script_php' retrieved from /opt/airflow/dags/php_dag.py
[2025-11-15T23:37:21.606+0000] {logging_mixin.py:190} INFO - [2025-11-15T23:37:21.605+0000] {dag.py:3229} INFO - Sync 1 DAGs
[2025-11-15T23:37:21.623+0000] {logging_mixin.py:190} INFO - [2025-11-15T23:37:21.623+0000] {dag.py:4156} INFO - Setting next_dagrun for rodar_script_php to 2025-11-15 00:00:00+00:00, run_after=2025-11-16 00:00:00+00:00
[2025-11-15T23:37:21.637+0000] {processor.py:208} INFO - Processing /opt/airflow/dags/php_dag.py took 0.069 seconds
[2025-11-15T23:37:51.803+0000] {processor.py:186} INFO - Started process (PID=2439) to work on /opt/airflow/dags/php_dag.py
[2025-11-15T23:37:51.803+0000] {processor.py:914} INFO - Processing file /opt/airflow/dags/php_dag.py for tasks to queue
[2025-11-15T23:37:51.805+0000] {logging_mixin.py:190} INFO - [2025-11-15T23:37:51.805+0000] {dagbag.py:587} INFO - Filling up the DagBag from /opt/airflow/dags/php_dag.py
[2025-11-15T23:37:51.815+0000] {processor.py:925} INFO - DAG(s) 'rodar_script_php' retrieved from /opt/airflow/dags/php_dag.py
[2025-11-15T23:37:51.834+0000] {logging_mixin.py:190} INFO - [2025-11-15T23:37:51.834+0000] {dag.py:3229} INFO - Sync 1 DAGs
[2025-11-15T23:37:51.851+0000] {logging_mixin.py:190} INFO - [2025-11-15T23:37:51.851+0000] {dag.py:4156} INFO - Setting next_dagrun for rodar_script_php to 2025-11-15 00:00:00+00:00, run_after=2025-11-16 00:00:00+00:00
[2025-11-15T23:37:51.864+0000] {processor.py:208} INFO - Processing /opt/airflow/dags/php_dag.py took 0.065 seconds
[2025-11-15T23:38:22.039+0000] {processor.py:186} INFO - Started process (PID=2449) to work on /opt/airflow/dags/php_dag.py
[2025-11-15T23:38:22.039+0000] {processor.py:914} INFO - Processing file /opt/airflow/dags/php_dag.py for tasks to queue
[2025-11-15T23:38:22.041+0000] {logging_mixin.py:190} INFO - [2025-11-15T23:38:22.041+0000] {dagbag.py:587} INFO - Filling up the DagBag from /opt/airflow/dags/php_dag.py
[2025-11-15T23:38:22.050+0000] {processor.py:925} INFO - DAG(s) 'rodar_script_php' retrieved from /opt/airflow/dags/php_dag.py
[2025-11-15T23:38:22.070+0000] {logging_mixin.py:190} INFO - [2025-11-15T23:38:22.070+0000] {dag.py:3229} INFO - Sync 1 DAGs
[2025-11-15T23:38:22.090+0000] {logging_mixin.py:190} INFO - [2025-11-15T23:38:22.089+0000] {dag.py:4156} INFO - Setting next_dagrun for rodar_script_php to 2025-11-15 00:00:00+00:00, run_after=2025-11-16 00:00:00+00:00
[2025-11-15T23:38:22.101+0000] {processor.py:208} INFO - Processing /opt/airflow/dags/php_dag.py took 0.066 seconds
[2025-11-15T23:38:52.296+0000] {processor.py:186} INFO - Started process (PID=2459) to work on /opt/airflow/dags/php_dag.py
[2025-11-15T23:38:52.296+0000] {processor.py:914} INFO - Processing file /opt/airflow/dags/php_dag.py for tasks to queue
[2025-11-15T23:38:52.298+0000] {logging_mixin.py:190} INFO - [2025-11-15T23:38:52.297+0000] {dagbag.py:587} INFO - Filling up the DagBag from /opt/airflow/dags/php_dag.py
[2025-11-15T23:38:52.307+0000] {processor.py:925} INFO - DAG(s) 'rodar_script_php' retrieved from /opt/airflow/dags/php_dag.py
[2025-11-15T23:38:52.327+0000] {logging_mixin.py:190} INFO - [2025-11-15T23:38:52.326+0000] {dag.py:3229} INFO - Sync 1 DAGs
[2025-11-15T23:38:52.345+0000] {logging_mixin.py:190} INFO - [2025-11-15T23:38:52.345+0000] {dag.py:4156} INFO - Setting next_dagrun for rodar_script_php to 2025-11-15 00:00:00+00:00, run_after=2025-11-16 00:00:00+00:00
[2025-11-15T23:38:52.358+0000] {processor.py:208} INFO - Processing /opt/airflow/dags/php_dag.py took 0.066 seconds
[2025-11-15T23:39:22.527+0000] {processor.py:186} INFO - Started process (PID=2469) to work on /opt/airflow/dags/php_dag.py
[2025-11-15T23:39:22.528+0000] {processor.py:914} INFO - Processing file /opt/airflow/dags/php_dag.py for tasks to queue
[2025-11-15T23:39:22.529+0000] {logging_mixin.py:190} INFO - [2025-11-15T23:39:22.529+0000] {dagbag.py:587} INFO - Filling up the DagBag from /opt/airflow/dags/php_dag.py
[2025-11-15T23:39:22.539+0000] {processor.py:925} INFO - DAG(s) 'rodar_script_php' retrieved from /opt/airflow/dags/php_dag.py
[2025-11-15T23:39:22.560+0000] {logging_mixin.py:190} INFO - [2025-11-15T23:39:22.560+0000] {dag.py:3229} INFO - Sync 1 DAGs
[2025-11-15T23:39:22.578+0000] {logging_mixin.py:190} INFO - [2025-11-15T23:39:22.578+0000] {dag.py:4156} INFO - Setting next_dagrun for rodar_script_php to 2025-11-15 00:00:00+00:00, run_after=2025-11-16 00:00:00+00:00
[2025-11-15T23:39:22.590+0000] {processor.py:208} INFO - Processing /opt/airflow/dags/php_dag.py took 0.067 seconds
[2025-11-15T23:39:52.807+0000] {processor.py:186} INFO - Started process (PID=2479) to work on /opt/airflow/dags/php_dag.py
[2025-11-15T23:39:52.808+0000] {processor.py:914} INFO - Processing file /opt/airflow/dags/php_dag.py for tasks to queue
[2025-11-15T23:39:52.809+0000] {logging_mixin.py:190} INFO - [2025-11-15T23:39:52.809+0000] {dagbag.py:587} INFO - Filling up the DagBag from /opt/airflow/dags/php_dag.py
[2025-11-15T23:39:52.819+0000] {processor.py:925} INFO - DAG(s) 'rodar_script_php' retrieved from /opt/airflow/dags/php_dag.py
[2025-11-15T23:39:52.838+0000] {logging_mixin.py:190} INFO - [2025-11-15T23:39:52.838+0000] {dag.py:3229} INFO - Sync 1 DAGs
[2025-11-15T23:39:52.857+0000] {logging_mixin.py:190} INFO - [2025-11-15T23:39:52.857+0000] {dag.py:4156} INFO - Setting next_dagrun for rodar_script_php to 2025-11-15 00:00:00+00:00, run_after=2025-11-16 00:00:00+00:00
[2025-11-15T23:39:52.869+0000] {processor.py:208} INFO - Processing /opt/airflow/dags/php_dag.py took 0.066 seconds
[2025-11-15T23:40:23.043+0000] {processor.py:186} INFO - Started process (PID=2489) to work on /opt/airflow/dags/php_dag.py
[2025-11-15T23:40:23.044+0000] {processor.py:914} INFO - Processing file /opt/airflow/dags/php_dag.py for tasks to queue
[2025-11-15T23:40:23.046+0000] {logging_mixin.py:190} INFO - [2025-11-15T23:40:23.046+0000] {dagbag.py:587} INFO - Filling up the DagBag from /opt/airflow/dags/php_dag.py
[2025-11-15T23:40:23.056+0000] {processor.py:925} INFO - DAG(s) 'rodar_script_php' retrieved from /opt/airflow/dags/php_dag.py
[2025-11-15T23:40:23.074+0000] {logging_mixin.py:190} INFO - [2025-11-15T23:40:23.073+0000] {dag.py:3229} INFO - Sync 1 DAGs
[2025-11-15T23:40:23.091+0000] {logging_mixin.py:190} INFO - [2025-11-15T23:40:23.091+0000] {dag.py:4156} INFO - Setting next_dagrun for rodar_script_php to 2025-11-15 00:00:00+00:00, run_after=2025-11-16 00:00:00+00:00
[2025-11-15T23:40:23.103+0000] {processor.py:208} INFO - Processing /opt/airflow/dags/php_dag.py took 0.063 seconds
[2025-11-15T23:40:53.298+0000] {processor.py:186} INFO - Started process (PID=2499) to work on /opt/airflow/dags/php_dag.py
[2025-11-15T23:40:53.299+0000] {processor.py:914} INFO - Processing file /opt/airflow/dags/php_dag.py for tasks to queue
[2025-11-15T23:40:53.301+0000] {logging_mixin.py:190} INFO - [2025-11-15T23:40:53.301+0000] {dagbag.py:587} INFO - Filling up the DagBag from /opt/airflow/dags/php_dag.py
[2025-11-15T23:40:53.310+0000] {processor.py:925} INFO - DAG(s) 'rodar_script_php' retrieved from /opt/airflow/dags/php_dag.py
[2025-11-15T23:40:53.329+0000] {logging_mixin.py:190} INFO - [2025-11-15T23:40:53.329+0000] {dag.py:3229} INFO - Sync 1 DAGs
[2025-11-15T23:40:53.346+0000] {logging_mixin.py:190} INFO - [2025-11-15T23:40:53.346+0000] {dag.py:4156} INFO - Setting next_dagrun for rodar_script_php to 2025-11-15 00:00:00+00:00, run_after=2025-11-16 00:00:00+00:00
[2025-11-15T23:40:53.359+0000] {processor.py:208} INFO - Processing /opt/airflow/dags/php_dag.py took 0.065 seconds
[2025-11-15T23:41:23.486+0000] {processor.py:186} INFO - Started process (PID=2509) to work on /opt/airflow/dags/php_dag.py
[2025-11-15T23:41:23.487+0000] {processor.py:914} INFO - Processing file /opt/airflow/dags/php_dag.py for tasks to queue
[2025-11-15T23:41:23.488+0000] {logging_mixin.py:190} INFO - [2025-11-15T23:41:23.488+0000] {dagbag.py:587} INFO - Filling up the DagBag from /opt/airflow/dags/php_dag.py
[2025-11-15T23:41:23.498+0000] {processor.py:925} INFO - DAG(s) 'rodar_script_php' retrieved from /opt/airflow/dags/php_dag.py
[2025-11-15T23:41:23.516+0000] {logging_mixin.py:190} INFO - [2025-11-15T23:41:23.516+0000] {dag.py:3229} INFO - Sync 1 DAGs
[2025-11-15T23:41:23.534+0000] {logging_mixin.py:190} INFO - [2025-11-15T23:41:23.533+0000] {dag.py:4156} INFO - Setting next_dagrun for rodar_script_php to 2025-11-15 00:00:00+00:00, run_after=2025-11-16 00:00:00+00:00
[2025-11-15T23:41:23.545+0000] {processor.py:208} INFO - Processing /opt/airflow/dags/php_dag.py took 0.063 seconds
[2025-11-15T23:41:53.690+0000] {processor.py:186} INFO - Started process (PID=2519) to work on /opt/airflow/dags/php_dag.py
[2025-11-15T23:41:53.691+0000] {processor.py:914} INFO - Processing file /opt/airflow/dags/php_dag.py for tasks to queue
[2025-11-15T23:41:53.692+0000] {logging_mixin.py:190} INFO - [2025-11-15T23:41:53.692+0000] {dagbag.py:587} INFO - Filling up the DagBag from /opt/airflow/dags/php_dag.py
[2025-11-15T23:41:53.702+0000] {processor.py:925} INFO - DAG(s) 'rodar_script_php' retrieved from /opt/airflow/dags/php_dag.py
[2025-11-15T23:41:53.719+0000] {logging_mixin.py:190} INFO - [2025-11-15T23:41:53.719+0000] {dag.py:3229} INFO - Sync 1 DAGs
[2025-11-15T23:41:53.738+0000] {logging_mixin.py:190} INFO - [2025-11-15T23:41:53.737+0000] {dag.py:4156} INFO - Setting next_dagrun for rodar_script_php to 2025-11-15 00:00:00+00:00, run_after=2025-11-16 00:00:00+00:00
[2025-11-15T23:41:53.750+0000] {processor.py:208} INFO - Processing /opt/airflow/dags/php_dag.py took 0.064 seconds
[2025-11-15T23:42:23.881+0000] {processor.py:186} INFO - Started process (PID=2529) to work on /opt/airflow/dags/php_dag.py
[2025-11-15T23:42:23.881+0000] {processor.py:914} INFO - Processing file /opt/airflow/dags/php_dag.py for tasks to queue
[2025-11-15T23:42:23.883+0000] {logging_mixin.py:190} INFO - [2025-11-15T23:42:23.883+0000] {dagbag.py:587} INFO - Filling up the DagBag from /opt/airflow/dags/php_dag.py
[2025-11-15T23:42:23.892+0000] {processor.py:925} INFO - DAG(s) 'rodar_script_php' retrieved from /opt/airflow/dags/php_dag.py
[2025-11-15T23:42:23.911+0000] {logging_mixin.py:190} INFO - [2025-11-15T23:42:23.911+0000] {dag.py:3229} INFO - Sync 1 DAGs
[2025-11-15T23:42:23.929+0000] {logging_mixin.py:190} INFO - [2025-11-15T23:42:23.929+0000] {dag.py:4156} INFO - Setting next_dagrun for rodar_script_php to 2025-11-15 00:00:00+00:00, run_after=2025-11-16 00:00:00+00:00
[2025-11-15T23:42:23.941+0000] {processor.py:208} INFO - Processing /opt/airflow/dags/php_dag.py took 0.064 seconds
[2025-11-15T23:42:54.105+0000] {processor.py:186} INFO - Started process (PID=2539) to work on /opt/airflow/dags/php_dag.py
[2025-11-15T23:42:54.106+0000] {processor.py:914} INFO - Processing file /opt/airflow/dags/php_dag.py for tasks to queue
[2025-11-15T23:42:54.107+0000] {logging_mixin.py:190} INFO - [2025-11-15T23:42:54.107+0000] {dagbag.py:587} INFO - Filling up the DagBag from /opt/airflow/dags/php_dag.py
[2025-11-15T23:42:54.116+0000] {processor.py:925} INFO - DAG(s) 'rodar_script_php' retrieved from /opt/airflow/dags/php_dag.py
[2025-11-15T23:42:54.135+0000] {logging_mixin.py:190} INFO - [2025-11-15T23:42:54.135+0000] {dag.py:3229} INFO - Sync 1 DAGs
[2025-11-15T23:42:54.152+0000] {logging_mixin.py:190} INFO - [2025-11-15T23:42:54.152+0000] {dag.py:4156} INFO - Setting next_dagrun for rodar_script_php to 2025-11-15 00:00:00+00:00, run_after=2025-11-16 00:00:00+00:00
[2025-11-15T23:42:54.164+0000] {processor.py:208} INFO - Processing /opt/airflow/dags/php_dag.py took 0.063 seconds
[2025-11-15T23:43:24.335+0000] {processor.py:186} INFO - Started process (PID=2549) to work on /opt/airflow/dags/php_dag.py
[2025-11-15T23:43:24.336+0000] {processor.py:914} INFO - Processing file /opt/airflow/dags/php_dag.py for tasks to queue
[2025-11-15T23:43:24.338+0000] {logging_mixin.py:190} INFO - [2025-11-15T23:43:24.337+0000] {dagbag.py:587} INFO - Filling up the DagBag from /opt/airflow/dags/php_dag.py
[2025-11-15T23:43:24.347+0000] {processor.py:925} INFO - DAG(s) 'rodar_script_php' retrieved from /opt/airflow/dags/php_dag.py
[2025-11-15T23:43:24.366+0000] {logging_mixin.py:190} INFO - [2025-11-15T23:43:24.366+0000] {dag.py:3229} INFO - Sync 1 DAGs
[2025-11-15T23:43:24.384+0000] {logging_mixin.py:190} INFO - [2025-11-15T23:43:24.384+0000] {dag.py:4156} INFO - Setting next_dagrun for rodar_script_php to 2025-11-15 00:00:00+00:00, run_after=2025-11-16 00:00:00+00:00
[2025-11-15T23:43:24.396+0000] {processor.py:208} INFO - Processing /opt/airflow/dags/php_dag.py took 0.065 seconds
[2025-11-15T23:43:54.590+0000] {processor.py:186} INFO - Started process (PID=2559) to work on /opt/airflow/dags/php_dag.py
[2025-11-15T23:43:54.591+0000] {processor.py:914} INFO - Processing file /opt/airflow/dags/php_dag.py for tasks to queue
[2025-11-15T23:43:54.593+0000] {logging_mixin.py:190} INFO - [2025-11-15T23:43:54.592+0000] {dagbag.py:587} INFO - Filling up the DagBag from /opt/airflow/dags/php_dag.py
[2025-11-15T23:43:54.602+0000] {processor.py:925} INFO - DAG(s) 'rodar_script_php' retrieved from /opt/airflow/dags/php_dag.py
[2025-11-15T23:43:54.620+0000] {logging_mixin.py:190} INFO - [2025-11-15T23:43:54.620+0000] {dag.py:3229} INFO - Sync 1 DAGs
[2025-11-15T23:43:54.638+0000] {logging_mixin.py:190} INFO - [2025-11-15T23:43:54.638+0000] {dag.py:4156} INFO - Setting next_dagrun for rodar_script_php to 2025-11-15 00:00:00+00:00, run_after=2025-11-16 00:00:00+00:00
[2025-11-15T23:43:54.651+0000] {processor.py:208} INFO - Processing /opt/airflow/dags/php_dag.py took 0.065 seconds
[2025-11-15T23:44:24.806+0000] {processor.py:186} INFO - Started process (PID=2569) to work on /opt/airflow/dags/php_dag.py
[2025-11-15T23:44:24.806+0000] {processor.py:914} INFO - Processing file /opt/airflow/dags/php_dag.py for tasks to queue
[2025-11-15T23:44:24.808+0000] {logging_mixin.py:190} INFO - [2025-11-15T23:44:24.808+0000] {dagbag.py:587} INFO - Filling up the DagBag from /opt/airflow/dags/php_dag.py
[2025-11-15T23:44:24.817+0000] {processor.py:925} INFO - DAG(s) 'rodar_script_php' retrieved from /opt/airflow/dags/php_dag.py
[2025-11-15T23:44:24.835+0000] {logging_mixin.py:190} INFO - [2025-11-15T23:44:24.835+0000] {dag.py:3229} INFO - Sync 1 DAGs
[2025-11-15T23:44:24.853+0000] {logging_mixin.py:190} INFO - [2025-11-15T23:44:24.853+0000] {dag.py:4156} INFO - Setting next_dagrun for rodar_script_php to 2025-11-15 00:00:00+00:00, run_after=2025-11-16 00:00:00+00:00
[2025-11-15T23:44:24.867+0000] {processor.py:208} INFO - Processing /opt/airflow/dags/php_dag.py took 0.065 seconds
[2025-11-15T23:44:55.079+0000] {processor.py:186} INFO - Started process (PID=2579) to work on /opt/airflow/dags/php_dag.py
[2025-11-15T23:44:55.080+0000] {processor.py:914} INFO - Processing file /opt/airflow/dags/php_dag.py for tasks to queue
[2025-11-15T23:44:55.082+0000] {logging_mixin.py:190} INFO - [2025-11-15T23:44:55.081+0000] {dagbag.py:587} INFO - Filling up the DagBag from /opt/airflow/dags/php_dag.py
[2025-11-15T23:44:55.091+0000] {processor.py:925} INFO - DAG(s) 'rodar_script_php' retrieved from /opt/airflow/dags/php_dag.py
[2025-11-15T23:44:55.110+0000] {logging_mixin.py:190} INFO - [2025-11-15T23:44:55.110+0000] {dag.py:3229} INFO - Sync 1 DAGs
[2025-11-15T23:44:55.128+0000] {logging_mixin.py:190} INFO - [2025-11-15T23:44:55.128+0000] {dag.py:4156} INFO - Setting next_dagrun for rodar_script_php to 2025-11-15 00:00:00+00:00, run_after=2025-11-16 00:00:00+00:00
[2025-11-15T23:44:55.140+0000] {processor.py:208} INFO - Processing /opt/airflow/dags/php_dag.py took 0.065 seconds
[2025-11-15T23:45:25.331+0000] {processor.py:186} INFO - Started process (PID=2589) to work on /opt/airflow/dags/php_dag.py
[2025-11-15T23:45:25.332+0000] {processor.py:914} INFO - Processing file /opt/airflow/dags/php_dag.py for tasks to queue
[2025-11-15T23:45:25.334+0000] {logging_mixin.py:190} INFO - [2025-11-15T23:45:25.333+0000] {dagbag.py:587} INFO - Filling up the DagBag from /opt/airflow/dags/php_dag.py
[2025-11-15T23:45:25.343+0000] {processor.py:925} INFO - DAG(s) 'rodar_script_php' retrieved from /opt/airflow/dags/php_dag.py
[2025-11-15T23:45:25.363+0000] {logging_mixin.py:190} INFO - [2025-11-15T23:45:25.363+0000] {dag.py:3229} INFO - Sync 1 DAGs
[2025-11-15T23:45:25.381+0000] {logging_mixin.py:190} INFO - [2025-11-15T23:45:25.381+0000] {dag.py:4156} INFO - Setting next_dagrun for rodar_script_php to 2025-11-15 00:00:00+00:00, run_after=2025-11-16 00:00:00+00:00
[2025-11-15T23:45:25.393+0000] {processor.py:208} INFO - Processing /opt/airflow/dags/php_dag.py took 0.066 seconds
[2025-11-15T23:45:55.567+0000] {processor.py:186} INFO - Started process (PID=2599) to work on /opt/airflow/dags/php_dag.py
[2025-11-15T23:45:55.567+0000] {processor.py:914} INFO - Processing file /opt/airflow/dags/php_dag.py for tasks to queue
[2025-11-15T23:45:55.569+0000] {logging_mixin.py:190} INFO - [2025-11-15T23:45:55.569+0000] {dagbag.py:587} INFO - Filling up the DagBag from /opt/airflow/dags/php_dag.py
[2025-11-15T23:45:55.579+0000] {processor.py:925} INFO - DAG(s) 'rodar_script_php' retrieved from /opt/airflow/dags/php_dag.py
[2025-11-15T23:45:55.598+0000] {logging_mixin.py:190} INFO - [2025-11-15T23:45:55.598+0000] {dag.py:3229} INFO - Sync 1 DAGs
[2025-11-15T23:45:55.615+0000] {logging_mixin.py:190} INFO - [2025-11-15T23:45:55.615+0000] {dag.py:4156} INFO - Setting next_dagrun for rodar_script_php to 2025-11-15 00:00:00+00:00, run_after=2025-11-16 00:00:00+00:00
[2025-11-15T23:45:55.627+0000] {processor.py:208} INFO - Processing /opt/airflow/dags/php_dag.py took 0.065 seconds
[2025-11-15T23:46:25.810+0000] {processor.py:186} INFO - Started process (PID=2609) to work on /opt/airflow/dags/php_dag.py
[2025-11-15T23:46:25.811+0000] {processor.py:914} INFO - Processing file /opt/airflow/dags/php_dag.py for tasks to queue
[2025-11-15T23:46:25.812+0000] {logging_mixin.py:190} INFO - [2025-11-15T23:46:25.812+0000] {dagbag.py:587} INFO - Filling up the DagBag from /opt/airflow/dags/php_dag.py
[2025-11-15T23:46:25.822+0000] {processor.py:925} INFO - DAG(s) 'rodar_script_php' retrieved from /opt/airflow/dags/php_dag.py
[2025-11-15T23:46:25.840+0000] {logging_mixin.py:190} INFO - [2025-11-15T23:46:25.840+0000] {dag.py:3229} INFO - Sync 1 DAGs
[2025-11-15T23:46:25.857+0000] {logging_mixin.py:190} INFO - [2025-11-15T23:46:25.857+0000] {dag.py:4156} INFO - Setting next_dagrun for rodar_script_php to 2025-11-15 00:00:00+00:00, run_after=2025-11-16 00:00:00+00:00
[2025-11-15T23:46:25.871+0000] {processor.py:208} INFO - Processing /opt/airflow/dags/php_dag.py took 0.065 seconds
[2025-11-15T23:46:56.055+0000] {processor.py:186} INFO - Started process (PID=2619) to work on /opt/airflow/dags/php_dag.py
[2025-11-15T23:46:56.055+0000] {processor.py:914} INFO - Processing file /opt/airflow/dags/php_dag.py for tasks to queue
[2025-11-15T23:46:56.057+0000] {logging_mixin.py:190} INFO - [2025-11-15T23:46:56.056+0000] {dagbag.py:587} INFO - Filling up the DagBag from /opt/airflow/dags/php_dag.py
[2025-11-15T23:46:56.066+0000] {processor.py:925} INFO - DAG(s) 'rodar_script_php' retrieved from /opt/airflow/dags/php_dag.py
[2025-11-15T23:46:56.085+0000] {logging_mixin.py:190} INFO - [2025-11-15T23:46:56.084+0000] {dag.py:3229} INFO - Sync 1 DAGs
[2025-11-15T23:46:56.102+0000] {logging_mixin.py:190} INFO - [2025-11-15T23:46:56.102+0000] {dag.py:4156} INFO - Setting next_dagrun for rodar_script_php to 2025-11-15 00:00:00+00:00, run_after=2025-11-16 00:00:00+00:00
[2025-11-15T23:46:56.114+0000] {processor.py:208} INFO - Processing /opt/airflow/dags/php_dag.py took 0.063 seconds
[2025-11-15T23:47:26.290+0000] {processor.py:186} INFO - Started process (PID=2629) to work on /opt/airflow/dags/php_dag.py
[2025-11-15T23:47:26.290+0000] {processor.py:914} INFO - Processing file /opt/airflow/dags/php_dag.py for tasks to queue
[2025-11-15T23:47:26.293+0000] {logging_mixin.py:190} INFO - [2025-11-15T23:47:26.292+0000] {dagbag.py:587} INFO - Filling up the DagBag from /opt/airflow/dags/php_dag.py
[2025-11-15T23:47:26.301+0000] {processor.py:925} INFO - DAG(s) 'rodar_script_php' retrieved from /opt/airflow/dags/php_dag.py
[2025-11-15T23:47:26.320+0000] {logging_mixin.py:190} INFO - [2025-11-15T23:47:26.320+0000] {dag.py:3229} INFO - Sync 1 DAGs
[2025-11-15T23:47:26.337+0000] {logging_mixin.py:190} INFO - [2025-11-15T23:47:26.337+0000] {dag.py:4156} INFO - Setting next_dagrun for rodar_script_php to 2025-11-15 00:00:00+00:00, run_after=2025-11-16 00:00:00+00:00
[2025-11-15T23:47:26.351+0000] {processor.py:208} INFO - Processing /opt/airflow/dags/php_dag.py took 0.066 seconds
[2025-11-15T23:47:56.537+0000] {processor.py:186} INFO - Started process (PID=2639) to work on /opt/airflow/dags/php_dag.py
[2025-11-15T23:47:56.537+0000] {processor.py:914} INFO - Processing file /opt/airflow/dags/php_dag.py for tasks to queue
[2025-11-15T23:47:56.539+0000] {logging_mixin.py:190} INFO - [2025-11-15T23:47:56.539+0000] {dagbag.py:587} INFO - Filling up the DagBag from /opt/airflow/dags/php_dag.py
[2025-11-15T23:47:56.548+0000] {processor.py:925} INFO - DAG(s) 'rodar_script_php' retrieved from /opt/airflow/dags/php_dag.py
[2025-11-15T23:47:56.566+0000] {logging_mixin.py:190} INFO - [2025-11-15T23:47:56.566+0000] {dag.py:3229} INFO - Sync 1 DAGs
[2025-11-15T23:47:56.585+0000] {logging_mixin.py:190} INFO - [2025-11-15T23:47:56.585+0000] {dag.py:4156} INFO - Setting next_dagrun for rodar_script_php to 2025-11-15 00:00:00+00:00, run_after=2025-11-16 00:00:00+00:00
[2025-11-15T23:47:56.596+0000] {processor.py:208} INFO - Processing /opt/airflow/dags/php_dag.py took 0.064 seconds
[2025-11-15T23:48:26.745+0000] {processor.py:186} INFO - Started process (PID=2649) to work on /opt/airflow/dags/php_dag.py
[2025-11-15T23:48:26.746+0000] {processor.py:914} INFO - Processing file /opt/airflow/dags/php_dag.py for tasks to queue
[2025-11-15T23:48:26.749+0000] {logging_mixin.py:190} INFO - [2025-11-15T23:48:26.748+0000] {dagbag.py:587} INFO - Filling up the DagBag from /opt/airflow/dags/php_dag.py
[2025-11-15T23:48:26.757+0000] {processor.py:925} INFO - DAG(s) 'rodar_script_php' retrieved from /opt/airflow/dags/php_dag.py
[2025-11-15T23:48:26.776+0000] {logging_mixin.py:190} INFO - [2025-11-15T23:48:26.776+0000] {dag.py:3229} INFO - Sync 1 DAGs
[2025-11-15T23:48:26.793+0000] {logging_mixin.py:190} INFO - [2025-11-15T23:48:26.793+0000] {dag.py:4156} INFO - Setting next_dagrun for rodar_script_php to 2025-11-15 00:00:00+00:00, run_after=2025-11-16 00:00:00+00:00
[2025-11-15T23:48:26.809+0000] {processor.py:208} INFO - Processing /opt/airflow/dags/php_dag.py took 0.067 seconds
[2025-11-15T23:48:56.986+0000] {processor.py:186} INFO - Started process (PID=2659) to work on /opt/airflow/dags/php_dag.py
[2025-11-15T23:48:56.986+0000] {processor.py:914} INFO - Processing file /opt/airflow/dags/php_dag.py for tasks to queue
[2025-11-15T23:48:56.988+0000] {logging_mixin.py:190} INFO - [2025-11-15T23:48:56.988+0000] {dagbag.py:587} INFO - Filling up the DagBag from /opt/airflow/dags/php_dag.py
[2025-11-15T23:48:56.999+0000] {processor.py:925} INFO - DAG(s) 'rodar_script_php' retrieved from /opt/airflow/dags/php_dag.py
[2025-11-15T23:48:57.020+0000] {logging_mixin.py:190} INFO - [2025-11-15T23:48:57.020+0000] {dag.py:3229} INFO - Sync 1 DAGs
[2025-11-15T23:48:57.037+0000] {logging_mixin.py:190} INFO - [2025-11-15T23:48:57.037+0000] {dag.py:4156} INFO - Setting next_dagrun for rodar_script_php to 2025-11-15 00:00:00+00:00, run_after=2025-11-16 00:00:00+00:00
[2025-11-15T23:48:57.051+0000] {processor.py:208} INFO - Processing /opt/airflow/dags/php_dag.py took 0.069 seconds
[2025-11-15T23:49:27.251+0000] {processor.py:186} INFO - Started process (PID=2669) to work on /opt/airflow/dags/php_dag.py
[2025-11-15T23:49:27.252+0000] {processor.py:914} INFO - Processing file /opt/airflow/dags/php_dag.py for tasks to queue
[2025-11-15T23:49:27.253+0000] {logging_mixin.py:190} INFO - [2025-11-15T23:49:27.253+0000] {dagbag.py:587} INFO - Filling up the DagBag from /opt/airflow/dags/php_dag.py
[2025-11-15T23:49:27.263+0000] {processor.py:925} INFO - DAG(s) 'rodar_script_php' retrieved from /opt/airflow/dags/php_dag.py
[2025-11-15T23:49:27.282+0000] {logging_mixin.py:190} INFO - [2025-11-15T23:49:27.282+0000] {dag.py:3229} INFO - Sync 1 DAGs
[2025-11-15T23:49:27.299+0000] {logging_mixin.py:190} INFO - [2025-11-15T23:49:27.299+0000] {dag.py:4156} INFO - Setting next_dagrun for rodar_script_php to 2025-11-15 00:00:00+00:00, run_after=2025-11-16 00:00:00+00:00
[2025-11-15T23:49:27.311+0000] {processor.py:208} INFO - Processing /opt/airflow/dags/php_dag.py took 0.064 seconds
[2025-11-15T23:49:57.503+0000] {processor.py:186} INFO - Started process (PID=2679) to work on /opt/airflow/dags/php_dag.py
[2025-11-15T23:49:57.504+0000] {processor.py:914} INFO - Processing file /opt/airflow/dags/php_dag.py for tasks to queue
[2025-11-15T23:49:57.505+0000] {logging_mixin.py:190} INFO - [2025-11-15T23:49:57.505+0000] {dagbag.py:587} INFO - Filling up the DagBag from /opt/airflow/dags/php_dag.py
[2025-11-15T23:49:57.515+0000] {processor.py:925} INFO - DAG(s) 'rodar_script_php' retrieved from /opt/airflow/dags/php_dag.py
[2025-11-15T23:49:57.534+0000] {logging_mixin.py:190} INFO - [2025-11-15T23:49:57.533+0000] {dag.py:3229} INFO - Sync 1 DAGs
[2025-11-15T23:49:57.551+0000] {logging_mixin.py:190} INFO - [2025-11-15T23:49:57.551+0000] {dag.py:4156} INFO - Setting next_dagrun for rodar_script_php to 2025-11-15 00:00:00+00:00, run_after=2025-11-16 00:00:00+00:00
[2025-11-15T23:49:57.565+0000] {processor.py:208} INFO - Processing /opt/airflow/dags/php_dag.py took 0.066 seconds
[2025-11-15T23:50:27.759+0000] {processor.py:186} INFO - Started process (PID=2689) to work on /opt/airflow/dags/php_dag.py
[2025-11-15T23:50:27.763+0000] {processor.py:914} INFO - Processing file /opt/airflow/dags/php_dag.py for tasks to queue
[2025-11-15T23:50:27.764+0000] {logging_mixin.py:190} INFO - [2025-11-15T23:50:27.764+0000] {dagbag.py:587} INFO - Filling up the DagBag from /opt/airflow/dags/php_dag.py
[2025-11-15T23:50:27.775+0000] {processor.py:925} INFO - DAG(s) 'rodar_script_php' retrieved from /opt/airflow/dags/php_dag.py
[2025-11-15T23:50:27.795+0000] {logging_mixin.py:190} INFO - [2025-11-15T23:50:27.795+0000] {dag.py:3229} INFO - Sync 1 DAGs
[2025-11-15T23:50:27.813+0000] {logging_mixin.py:190} INFO - [2025-11-15T23:50:27.813+0000] {dag.py:4156} INFO - Setting next_dagrun for rodar_script_php to 2025-11-15 00:00:00+00:00, run_after=2025-11-16 00:00:00+00:00
[2025-11-15T23:50:27.827+0000] {processor.py:208} INFO - Processing /opt/airflow/dags/php_dag.py took 0.072 seconds
[2025-11-15T23:50:58.009+0000] {processor.py:186} INFO - Started process (PID=2699) to work on /opt/airflow/dags/php_dag.py
[2025-11-15T23:50:58.010+0000] {processor.py:914} INFO - Processing file /opt/airflow/dags/php_dag.py for tasks to queue
[2025-11-15T23:50:58.012+0000] {logging_mixin.py:190} INFO - [2025-11-15T23:50:58.012+0000] {dagbag.py:587} INFO - Filling up the DagBag from /opt/airflow/dags/php_dag.py
[2025-11-15T23:50:58.022+0000] {processor.py:925} INFO - DAG(s) 'rodar_script_php' retrieved from /opt/airflow/dags/php_dag.py
[2025-11-15T23:50:58.042+0000] {logging_mixin.py:190} INFO - [2025-11-15T23:50:58.041+0000] {dag.py:3229} INFO - Sync 1 DAGs
[2025-11-15T23:50:58.060+0000] {logging_mixin.py:190} INFO - [2025-11-15T23:50:58.060+0000] {dag.py:4156} INFO - Setting next_dagrun for rodar_script_php to 2025-11-15 00:00:00+00:00, run_after=2025-11-16 00:00:00+00:00
[2025-11-15T23:50:58.072+0000] {processor.py:208} INFO - Processing /opt/airflow/dags/php_dag.py took 0.068 seconds
[2025-11-15T23:51:28.225+0000] {processor.py:186} INFO - Started process (PID=2709) to work on /opt/airflow/dags/php_dag.py
[2025-11-15T23:51:28.226+0000] {processor.py:914} INFO - Processing file /opt/airflow/dags/php_dag.py for tasks to queue
[2025-11-15T23:51:28.228+0000] {logging_mixin.py:190} INFO - [2025-11-15T23:51:28.228+0000] {dagbag.py:587} INFO - Filling up the DagBag from /opt/airflow/dags/php_dag.py
[2025-11-15T23:51:28.238+0000] {processor.py:925} INFO - DAG(s) 'rodar_script_php' retrieved from /opt/airflow/dags/php_dag.py
[2025-11-15T23:51:28.259+0000] {logging_mixin.py:190} INFO - [2025-11-15T23:51:28.259+0000] {dag.py:3229} INFO - Sync 1 DAGs
[2025-11-15T23:51:28.278+0000] {logging_mixin.py:190} INFO - [2025-11-15T23:51:28.278+0000] {dag.py:4156} INFO - Setting next_dagrun for rodar_script_php to 2025-11-15 00:00:00+00:00, run_after=2025-11-16 00:00:00+00:00
[2025-11-15T23:51:28.291+0000] {processor.py:208} INFO - Processing /opt/airflow/dags/php_dag.py took 0.071 seconds
[2025-11-15T23:51:58.477+0000] {processor.py:186} INFO - Started process (PID=2719) to work on /opt/airflow/dags/php_dag.py
[2025-11-15T23:51:58.477+0000] {processor.py:914} INFO - Processing file /opt/airflow/dags/php_dag.py for tasks to queue
[2025-11-15T23:51:58.479+0000] {logging_mixin.py:190} INFO - [2025-11-15T23:51:58.479+0000] {dagbag.py:587} INFO - Filling up the DagBag from /opt/airflow/dags/php_dag.py
[2025-11-15T23:51:58.488+0000] {processor.py:925} INFO - DAG(s) 'rodar_script_php' retrieved from /opt/airflow/dags/php_dag.py
[2025-11-15T23:51:58.508+0000] {logging_mixin.py:190} INFO - [2025-11-15T23:51:58.507+0000] {dag.py:3229} INFO - Sync 1 DAGs
[2025-11-15T23:51:58.525+0000] {logging_mixin.py:190} INFO - [2025-11-15T23:51:58.525+0000] {dag.py:4156} INFO - Setting next_dagrun for rodar_script_php to 2025-11-15 00:00:00+00:00, run_after=2025-11-16 00:00:00+00:00
[2025-11-15T23:51:58.538+0000] {processor.py:208} INFO - Processing /opt/airflow/dags/php_dag.py took 0.065 seconds
[2025-11-15T23:52:28.734+0000] {processor.py:186} INFO - Started process (PID=2729) to work on /opt/airflow/dags/php_dag.py
[2025-11-15T23:52:28.734+0000] {processor.py:914} INFO - Processing file /opt/airflow/dags/php_dag.py for tasks to queue
[2025-11-15T23:52:28.736+0000] {logging_mixin.py:190} INFO - [2025-11-15T23:52:28.736+0000] {dagbag.py:587} INFO - Filling up the DagBag from /opt/airflow/dags/php_dag.py
[2025-11-15T23:52:28.745+0000] {processor.py:925} INFO - DAG(s) 'rodar_script_php' retrieved from /opt/airflow/dags/php_dag.py
[2025-11-15T23:52:28.764+0000] {logging_mixin.py:190} INFO - [2025-11-15T23:52:28.763+0000] {dag.py:3229} INFO - Sync 1 DAGs
[2025-11-15T23:52:28.781+0000] {logging_mixin.py:190} INFO - [2025-11-15T23:52:28.781+0000] {dag.py:4156} INFO - Setting next_dagrun for rodar_script_php to 2025-11-15 00:00:00+00:00, run_after=2025-11-16 00:00:00+00:00
[2025-11-15T23:52:28.793+0000] {processor.py:208} INFO - Processing /opt/airflow/dags/php_dag.py took 0.063 seconds
[2025-11-15T23:52:58.968+0000] {processor.py:186} INFO - Started process (PID=2739) to work on /opt/airflow/dags/php_dag.py
[2025-11-15T23:52:58.969+0000] {processor.py:914} INFO - Processing file /opt/airflow/dags/php_dag.py for tasks to queue
[2025-11-15T23:52:58.970+0000] {logging_mixin.py:190} INFO - [2025-11-15T23:52:58.970+0000] {dagbag.py:587} INFO - Filling up the DagBag from /opt/airflow/dags/php_dag.py
[2025-11-15T23:52:58.980+0000] {processor.py:925} INFO - DAG(s) 'rodar_script_php' retrieved from /opt/airflow/dags/php_dag.py
[2025-11-15T23:52:58.999+0000] {logging_mixin.py:190} INFO - [2025-11-15T23:52:58.999+0000] {dag.py:3229} INFO - Sync 1 DAGs
[2025-11-15T23:52:59.017+0000] {logging_mixin.py:190} INFO - [2025-11-15T23:52:59.016+0000] {dag.py:4156} INFO - Setting next_dagrun for rodar_script_php to 2025-11-15 00:00:00+00:00, run_after=2025-11-16 00:00:00+00:00
[2025-11-15T23:52:59.029+0000] {processor.py:208} INFO - Processing /opt/airflow/dags/php_dag.py took 0.065 seconds
[2025-11-15T23:53:29.200+0000] {processor.py:186} INFO - Started process (PID=2749) to work on /opt/airflow/dags/php_dag.py
[2025-11-15T23:53:29.200+0000] {processor.py:914} INFO - Processing file /opt/airflow/dags/php_dag.py for tasks to queue
[2025-11-15T23:53:29.202+0000] {logging_mixin.py:190} INFO - [2025-11-15T23:53:29.201+0000] {dagbag.py:587} INFO - Filling up the DagBag from /opt/airflow/dags/php_dag.py
[2025-11-15T23:53:29.211+0000] {processor.py:925} INFO - DAG(s) 'rodar_script_php' retrieved from /opt/airflow/dags/php_dag.py
[2025-11-15T23:53:29.229+0000] {logging_mixin.py:190} INFO - [2025-11-15T23:53:29.229+0000] {dag.py:3229} INFO - Sync 1 DAGs
[2025-11-15T23:53:29.248+0000] {logging_mixin.py:190} INFO - [2025-11-15T23:53:29.247+0000] {dag.py:4156} INFO - Setting next_dagrun for rodar_script_php to 2025-11-15 00:00:00+00:00, run_after=2025-11-16 00:00:00+00:00
[2025-11-15T23:53:29.261+0000] {processor.py:208} INFO - Processing /opt/airflow/dags/php_dag.py took 0.066 seconds
[2025-11-15T23:53:59.425+0000] {processor.py:186} INFO - Started process (PID=2759) to work on /opt/airflow/dags/php_dag.py
[2025-11-15T23:53:59.426+0000] {processor.py:914} INFO - Processing file /opt/airflow/dags/php_dag.py for tasks to queue
[2025-11-15T23:53:59.427+0000] {logging_mixin.py:190} INFO - [2025-11-15T23:53:59.427+0000] {dagbag.py:587} INFO - Filling up the DagBag from /opt/airflow/dags/php_dag.py
[2025-11-15T23:53:59.438+0000] {processor.py:925} INFO - DAG(s) 'rodar_script_php' retrieved from /opt/airflow/dags/php_dag.py
[2025-11-15T23:53:59.458+0000] {logging_mixin.py:190} INFO - [2025-11-15T23:53:59.458+0000] {dag.py:3229} INFO - Sync 1 DAGs
[2025-11-15T23:53:59.478+0000] {logging_mixin.py:190} INFO - [2025-11-15T23:53:59.478+0000] {dag.py:4156} INFO - Setting next_dagrun for rodar_script_php to 2025-11-15 00:00:00+00:00, run_after=2025-11-16 00:00:00+00:00
[2025-11-15T23:53:59.491+0000] {processor.py:208} INFO - Processing /opt/airflow/dags/php_dag.py took 0.071 seconds
[2025-11-15T23:54:29.650+0000] {processor.py:186} INFO - Started process (PID=2769) to work on /opt/airflow/dags/php_dag.py
[2025-11-15T23:54:29.650+0000] {processor.py:914} INFO - Processing file /opt/airflow/dags/php_dag.py for tasks to queue
[2025-11-15T23:54:29.653+0000] {logging_mixin.py:190} INFO - [2025-11-15T23:54:29.652+0000] {dagbag.py:587} INFO - Filling up the DagBag from /opt/airflow/dags/php_dag.py
[2025-11-15T23:54:29.662+0000] {processor.py:925} INFO - DAG(s) 'rodar_script_php' retrieved from /opt/airflow/dags/php_dag.py
[2025-11-15T23:54:29.681+0000] {logging_mixin.py:190} INFO - [2025-11-15T23:54:29.681+0000] {dag.py:3229} INFO - Sync 1 DAGs
[2025-11-15T23:54:29.698+0000] {logging_mixin.py:190} INFO - [2025-11-15T23:54:29.698+0000] {dag.py:4156} INFO - Setting next_dagrun for rodar_script_php to 2025-11-15 00:00:00+00:00, run_after=2025-11-16 00:00:00+00:00
[2025-11-15T23:54:29.711+0000] {processor.py:208} INFO - Processing /opt/airflow/dags/php_dag.py took 0.065 seconds
[2025-11-15T23:54:59.846+0000] {processor.py:186} INFO - Started process (PID=2779) to work on /opt/airflow/dags/php_dag.py
[2025-11-15T23:54:59.846+0000] {processor.py:914} INFO - Processing file /opt/airflow/dags/php_dag.py for tasks to queue
[2025-11-15T23:54:59.848+0000] {logging_mixin.py:190} INFO - [2025-11-15T23:54:59.848+0000] {dagbag.py:587} INFO - Filling up the DagBag from /opt/airflow/dags/php_dag.py
[2025-11-15T23:54:59.858+0000] {processor.py:925} INFO - DAG(s) 'rodar_script_php' retrieved from /opt/airflow/dags/php_dag.py
[2025-11-15T23:54:59.878+0000] {logging_mixin.py:190} INFO - [2025-11-15T23:54:59.878+0000] {dag.py:3229} INFO - Sync 1 DAGs
[2025-11-15T23:54:59.897+0000] {logging_mixin.py:190} INFO - [2025-11-15T23:54:59.897+0000] {dag.py:4156} INFO - Setting next_dagrun for rodar_script_php to 2025-11-15 00:00:00+00:00, run_after=2025-11-16 00:00:00+00:00
[2025-11-15T23:54:59.909+0000] {processor.py:208} INFO - Processing /opt/airflow/dags/php_dag.py took 0.068 seconds
[2025-11-15T23:55:30.052+0000] {processor.py:186} INFO - Started process (PID=2789) to work on /opt/airflow/dags/php_dag.py
[2025-11-15T23:55:30.053+0000] {processor.py:914} INFO - Processing file /opt/airflow/dags/php_dag.py for tasks to queue
[2025-11-15T23:55:30.054+0000] {logging_mixin.py:190} INFO - [2025-11-15T23:55:30.054+0000] {dagbag.py:587} INFO - Filling up the DagBag from /opt/airflow/dags/php_dag.py
[2025-11-15T23:55:30.064+0000] {processor.py:925} INFO - DAG(s) 'rodar_script_php' retrieved from /opt/airflow/dags/php_dag.py
[2025-11-15T23:55:30.084+0000] {logging_mixin.py:190} INFO - [2025-11-15T23:55:30.084+0000] {dag.py:3229} INFO - Sync 1 DAGs
[2025-11-15T23:55:30.101+0000] {logging_mixin.py:190} INFO - [2025-11-15T23:55:30.101+0000] {dag.py:4156} INFO - Setting next_dagrun for rodar_script_php to 2025-11-15 00:00:00+00:00, run_after=2025-11-16 00:00:00+00:00
[2025-11-15T23:55:30.113+0000] {processor.py:208} INFO - Processing /opt/airflow/dags/php_dag.py took 0.065 seconds
[2025-11-15T23:56:00.275+0000] {processor.py:186} INFO - Started process (PID=2799) to work on /opt/airflow/dags/php_dag.py
[2025-11-15T23:56:00.275+0000] {processor.py:914} INFO - Processing file /opt/airflow/dags/php_dag.py for tasks to queue
[2025-11-15T23:56:00.277+0000] {logging_mixin.py:190} INFO - [2025-11-15T23:56:00.276+0000] {dagbag.py:587} INFO - Filling up the DagBag from /opt/airflow/dags/php_dag.py
[2025-11-15T23:56:00.288+0000] {processor.py:925} INFO - DAG(s) 'rodar_script_php' retrieved from /opt/airflow/dags/php_dag.py
[2025-11-15T23:56:00.307+0000] {logging_mixin.py:190} INFO - [2025-11-15T23:56:00.307+0000] {dag.py:3229} INFO - Sync 1 DAGs
[2025-11-15T23:56:00.327+0000] {logging_mixin.py:190} INFO - [2025-11-15T23:56:00.327+0000] {dag.py:4156} INFO - Setting next_dagrun for rodar_script_php to 2025-11-15 00:00:00+00:00, run_after=2025-11-16 00:00:00+00:00
[2025-11-15T23:56:00.340+0000] {processor.py:208} INFO - Processing /opt/airflow/dags/php_dag.py took 0.070 seconds
[2025-11-15T23:56:30.471+0000] {processor.py:186} INFO - Started process (PID=2809) to work on /opt/airflow/dags/php_dag.py
[2025-11-15T23:56:30.471+0000] {processor.py:914} INFO - Processing file /opt/airflow/dags/php_dag.py for tasks to queue
[2025-11-15T23:56:30.473+0000] {logging_mixin.py:190} INFO - [2025-11-15T23:56:30.472+0000] {dagbag.py:587} INFO - Filling up the DagBag from /opt/airflow/dags/php_dag.py
[2025-11-15T23:56:30.482+0000] {processor.py:925} INFO - DAG(s) 'rodar_script_php' retrieved from /opt/airflow/dags/php_dag.py
[2025-11-15T23:56:30.502+0000] {logging_mixin.py:190} INFO - [2025-11-15T23:56:30.502+0000] {dag.py:3229} INFO - Sync 1 DAGs
[2025-11-15T23:56:30.520+0000] {logging_mixin.py:190} INFO - [2025-11-15T23:56:30.520+0000] {dag.py:4156} INFO - Setting next_dagrun for rodar_script_php to 2025-11-15 00:00:00+00:00, run_after=2025-11-16 00:00:00+00:00
[2025-11-15T23:56:30.533+0000] {processor.py:208} INFO - Processing /opt/airflow/dags/php_dag.py took 0.067 seconds
[2025-11-15T23:57:00.715+0000] {processor.py:186} INFO - Started process (PID=2819) to work on /opt/airflow/dags/php_dag.py
[2025-11-15T23:57:00.715+0000] {processor.py:914} INFO - Processing file /opt/airflow/dags/php_dag.py for tasks to queue
[2025-11-15T23:57:00.717+0000] {logging_mixin.py:190} INFO - [2025-11-15T23:57:00.717+0000] {dagbag.py:587} INFO - Filling up the DagBag from /opt/airflow/dags/php_dag.py
[2025-11-15T23:57:00.727+0000] {processor.py:925} INFO - DAG(s) 'rodar_script_php' retrieved from /opt/airflow/dags/php_dag.py
[2025-11-15T23:57:00.746+0000] {logging_mixin.py:190} INFO - [2025-11-15T23:57:00.745+0000] {dag.py:3229} INFO - Sync 1 DAGs
[2025-11-15T23:57:00.763+0000] {logging_mixin.py:190} INFO - [2025-11-15T23:57:00.763+0000] {dag.py:4156} INFO - Setting next_dagrun for rodar_script_php to 2025-11-15 00:00:00+00:00, run_after=2025-11-16 00:00:00+00:00
[2025-11-15T23:57:00.775+0000] {processor.py:208} INFO - Processing /opt/airflow/dags/php_dag.py took 0.064 seconds
[2025-11-15T23:57:30.961+0000] {processor.py:186} INFO - Started process (PID=2829) to work on /opt/airflow/dags/php_dag.py
[2025-11-15T23:57:30.962+0000] {processor.py:914} INFO - Processing file /opt/airflow/dags/php_dag.py for tasks to queue
[2025-11-15T23:57:30.964+0000] {logging_mixin.py:190} INFO - [2025-11-15T23:57:30.963+0000] {dagbag.py:587} INFO - Filling up the DagBag from /opt/airflow/dags/php_dag.py
[2025-11-15T23:57:30.972+0000] {processor.py:925} INFO - DAG(s) 'rodar_script_php' retrieved from /opt/airflow/dags/php_dag.py
[2025-11-15T23:57:30.990+0000] {logging_mixin.py:190} INFO - [2025-11-15T23:57:30.990+0000] {dag.py:3229} INFO - Sync 1 DAGs
[2025-11-15T23:57:31.007+0000] {logging_mixin.py:190} INFO - [2025-11-15T23:57:31.007+0000] {dag.py:4156} INFO - Setting next_dagrun for rodar_script_php to 2025-11-15 00:00:00+00:00, run_after=2025-11-16 00:00:00+00:00
[2025-11-15T23:57:31.020+0000] {processor.py:208} INFO - Processing /opt/airflow/dags/php_dag.py took 0.063 seconds
[2025-11-15T23:58:01.186+0000] {processor.py:186} INFO - Started process (PID=2839) to work on /opt/airflow/dags/php_dag.py
[2025-11-15T23:58:01.187+0000] {processor.py:914} INFO - Processing file /opt/airflow/dags/php_dag.py for tasks to queue
[2025-11-15T23:58:01.189+0000] {logging_mixin.py:190} INFO - [2025-11-15T23:58:01.189+0000] {dagbag.py:587} INFO - Filling up the DagBag from /opt/airflow/dags/php_dag.py
[2025-11-15T23:58:01.198+0000] {processor.py:925} INFO - DAG(s) 'rodar_script_php' retrieved from /opt/airflow/dags/php_dag.py
[2025-11-15T23:58:01.217+0000] {logging_mixin.py:190} INFO - [2025-11-15T23:58:01.217+0000] {dag.py:3229} INFO - Sync 1 DAGs
[2025-11-15T23:58:01.234+0000] {logging_mixin.py:190} INFO - [2025-11-15T23:58:01.234+0000] {dag.py:4156} INFO - Setting next_dagrun for rodar_script_php to 2025-11-15 00:00:00+00:00, run_after=2025-11-16 00:00:00+00:00
[2025-11-15T23:58:01.246+0000] {processor.py:208} INFO - Processing /opt/airflow/dags/php_dag.py took 0.064 seconds
[2025-11-15T23:58:31.416+0000] {processor.py:186} INFO - Started process (PID=2849) to work on /opt/airflow/dags/php_dag.py
[2025-11-15T23:58:31.417+0000] {processor.py:914} INFO - Processing file /opt/airflow/dags/php_dag.py for tasks to queue
[2025-11-15T23:58:31.419+0000] {logging_mixin.py:190} INFO - [2025-11-15T23:58:31.419+0000] {dagbag.py:587} INFO - Filling up the DagBag from /opt/airflow/dags/php_dag.py
[2025-11-15T23:58:31.428+0000] {processor.py:925} INFO - DAG(s) 'rodar_script_php' retrieved from /opt/airflow/dags/php_dag.py
[2025-11-15T23:58:31.446+0000] {logging_mixin.py:190} INFO - [2025-11-15T23:58:31.445+0000] {dag.py:3229} INFO - Sync 1 DAGs
[2025-11-15T23:58:31.464+0000] {logging_mixin.py:190} INFO - [2025-11-15T23:58:31.464+0000] {dag.py:4156} INFO - Setting next_dagrun for rodar_script_php to 2025-11-15 00:00:00+00:00, run_after=2025-11-16 00:00:00+00:00
[2025-11-15T23:58:31.477+0000] {processor.py:208} INFO - Processing /opt/airflow/dags/php_dag.py took 0.065 seconds
[2025-11-15T23:59:01.623+0000] {processor.py:186} INFO - Started process (PID=2859) to work on /opt/airflow/dags/php_dag.py
[2025-11-15T23:59:01.624+0000] {processor.py:914} INFO - Processing file /opt/airflow/dags/php_dag.py for tasks to queue
[2025-11-15T23:59:01.625+0000] {logging_mixin.py:190} INFO - [2025-11-15T23:59:01.625+0000] {dagbag.py:587} INFO - Filling up the DagBag from /opt/airflow/dags/php_dag.py
[2025-11-15T23:59:01.635+0000] {processor.py:925} INFO - DAG(s) 'rodar_script_php' retrieved from /opt/airflow/dags/php_dag.py
[2025-11-15T23:59:01.653+0000] {logging_mixin.py:190} INFO - [2025-11-15T23:59:01.653+0000] {dag.py:3229} INFO - Sync 1 DAGs
[2025-11-15T23:59:01.672+0000] {logging_mixin.py:190} INFO - [2025-11-15T23:59:01.672+0000] {dag.py:4156} INFO - Setting next_dagrun for rodar_script_php to 2025-11-15 00:00:00+00:00, run_after=2025-11-16 00:00:00+00:00
[2025-11-15T23:59:01.684+0000] {processor.py:208} INFO - Processing /opt/airflow/dags/php_dag.py took 0.067 seconds
[2025-11-15T23:59:31.851+0000] {processor.py:186} INFO - Started process (PID=2869) to work on /opt/airflow/dags/php_dag.py
[2025-11-15T23:59:31.852+0000] {processor.py:914} INFO - Processing file /opt/airflow/dags/php_dag.py for tasks to queue
[2025-11-15T23:59:31.853+0000] {logging_mixin.py:190} INFO - [2025-11-15T23:59:31.853+0000] {dagbag.py:587} INFO - Filling up the DagBag from /opt/airflow/dags/php_dag.py
[2025-11-15T23:59:31.863+0000] {processor.py:925} INFO - DAG(s) 'rodar_script_php' retrieved from /opt/airflow/dags/php_dag.py
[2025-11-15T23:59:31.880+0000] {logging_mixin.py:190} INFO - [2025-11-15T23:59:31.880+0000] {dag.py:3229} INFO - Sync 1 DAGs
[2025-11-15T23:59:31.898+0000] {logging_mixin.py:190} INFO - [2025-11-15T23:59:31.898+0000] {dag.py:4156} INFO - Setting next_dagrun for rodar_script_php to 2025-11-15 00:00:00+00:00, run_after=2025-11-16 00:00:00+00:00
[2025-11-15T23:59:31.911+0000] {processor.py:208} INFO - Processing /opt/airflow/dags/php_dag.py took 0.064 seconds
