[2025-11-15T17:34:02.703+0000] {manager.py:486} INFO - Processing files using up to 2 processes at a time 
[2025-11-15T17:34:02.703+0000] {manager.py:487} INFO - Process each file at most once every 30 seconds
[2025-11-15T17:34:02.703+0000] {manager.py:488} INFO - Checking for new files in /opt/airflow/dags every 300 seconds
[2025-11-15T17:34:02.703+0000] {manager.py:832} INFO - Searching for files in /opt/airflow/dags
[2025-11-15T17:34:02.704+0000] {manager.py:835} INFO - There are 1 files in /opt/airflow/dags
[2025-11-15T17:34:02.966+0000] {manager.py:1008} INFO - 
================================================================================
DAG File Processing Stats

File Path                       PID  Runtime      # DAGs    # Errors  Last Runtime    Last Run      Last # of DB Queries
----------------------------  -----  ---------  --------  ----------  --------------  ----------  ----------------------
/opt/airflow/dags/php_dag.py    176  0.02s             0           0                                                   0
================================================================================
[2025-11-15T17:34:33.116+0000] {manager.py:1008} INFO - 
================================================================================
DAG File Processing Stats

File Path                     PID    Runtime      # DAGs    # Errors  Last Runtime    Last Run               Last # of DB Queries
----------------------------  -----  ---------  --------  ----------  --------------  -------------------  ----------------------
/opt/airflow/dags/php_dag.py                           1           0  0.29s           2025-11-15T17:34:03                      45
================================================================================
[2025-11-15T17:35:03.507+0000] {manager.py:1008} INFO - 
================================================================================
DAG File Processing Stats

File Path                       PID  Runtime      # DAGs    # Errors  Last Runtime    Last Run               Last # of DB Queries
----------------------------  -----  ---------  --------  ----------  --------------  -------------------  ----------------------
/opt/airflow/dags/php_dag.py    186  0.00s             1           0  0.09s           2025-11-15T17:34:33                      12
================================================================================
[2025-11-15T17:35:33.725+0000] {manager.py:1008} INFO - 
================================================================================
DAG File Processing Stats

File Path                       PID  Runtime      # DAGs    # Errors  Last Runtime    Last Run               Last # of DB Queries
----------------------------  -----  ---------  --------  ----------  --------------  -------------------  ----------------------
/opt/airflow/dags/php_dag.py    191  0.00s             1           0  0.09s           2025-11-15T17:35:03                      12
================================================================================
[2025-11-15T17:36:03.884+0000] {manager.py:1008} INFO - 
================================================================================
DAG File Processing Stats

File Path                       PID  Runtime      # DAGs    # Errors  Last Runtime    Last Run               Last # of DB Queries
----------------------------  -----  ---------  --------  ----------  --------------  -------------------  ----------------------
/opt/airflow/dags/php_dag.py    196  0.01s             1           0  0.09s           2025-11-15T17:35:33                      12
================================================================================
[2025-11-15T17:36:34.081+0000] {manager.py:1008} INFO - 
================================================================================
DAG File Processing Stats

File Path                       PID  Runtime      # DAGs    # Errors  Last Runtime    Last Run               Last # of DB Queries
----------------------------  -----  ---------  --------  ----------  --------------  -------------------  ----------------------
/opt/airflow/dags/php_dag.py    201  0.00s             1           0  0.09s           2025-11-15T17:36:03                      12
================================================================================
[2025-11-15T17:37:04.240+0000] {manager.py:1008} INFO - 
================================================================================
DAG File Processing Stats

File Path                       PID  Runtime      # DAGs    # Errors  Last Runtime    Last Run               Last # of DB Queries
----------------------------  -----  ---------  --------  ----------  --------------  -------------------  ----------------------
/opt/airflow/dags/php_dag.py    206  0.00s             1           0  0.09s           2025-11-15T17:36:34                      12
================================================================================
[2025-11-15T17:37:34.434+0000] {manager.py:1008} INFO - 
================================================================================
DAG File Processing Stats

File Path                       PID  Runtime      # DAGs    # Errors  Last Runtime    Last Run               Last # of DB Queries
----------------------------  -----  ---------  --------  ----------  --------------  -------------------  ----------------------
/opt/airflow/dags/php_dag.py    211  0.00s             1           0  0.08s           2025-11-15T17:37:04                      12
================================================================================
[2025-11-15T17:38:04.594+0000] {manager.py:1008} INFO - 
================================================================================
DAG File Processing Stats

File Path                       PID  Runtime      # DAGs    # Errors  Last Runtime    Last Run               Last # of DB Queries
----------------------------  -----  ---------  --------  ----------  --------------  -------------------  ----------------------
/opt/airflow/dags/php_dag.py    216  0.00s             1           0  0.08s           2025-11-15T17:37:34                      12
================================================================================
[2025-11-15T17:38:34.786+0000] {manager.py:1008} INFO - 
================================================================================
DAG File Processing Stats

File Path                       PID  Runtime      # DAGs    # Errors  Last Runtime    Last Run               Last # of DB Queries
----------------------------  -----  ---------  --------  ----------  --------------  -------------------  ----------------------
/opt/airflow/dags/php_dag.py    221  0.00s             1           0  0.09s           2025-11-15T17:38:04                      12
================================================================================
[2025-11-15T17:39:02.929+0000] {manager.py:832} INFO - Searching for files in /opt/airflow/dags
[2025-11-15T17:39:02.930+0000] {manager.py:835} INFO - There are 1 files in /opt/airflow/dags
[2025-11-15T17:39:04.954+0000] {manager.py:1008} INFO - 
================================================================================
DAG File Processing Stats

File Path                       PID  Runtime      # DAGs    # Errors  Last Runtime    Last Run               Last # of DB Queries
----------------------------  -----  ---------  --------  ----------  --------------  -------------------  ----------------------
/opt/airflow/dags/php_dag.py    226  0.00s             1           0  0.09s           2025-11-15T17:38:34                      12
================================================================================
[2025-11-15T17:39:35.125+0000] {manager.py:1008} INFO - 
================================================================================
DAG File Processing Stats

File Path                     PID    Runtime      # DAGs    # Errors  Last Runtime    Last Run               Last # of DB Queries
----------------------------  -----  ---------  --------  ----------  --------------  -------------------  ----------------------
/opt/airflow/dags/php_dag.py                           1           0  0.24s           2025-11-15T17:39:05                      12
================================================================================
[2025-11-15T17:40:05.456+0000] {manager.py:1008} INFO - 
================================================================================
DAG File Processing Stats

File Path                     PID    Runtime      # DAGs    # Errors  Last Runtime    Last Run               Last # of DB Queries
----------------------------  -----  ---------  --------  ----------  --------------  -------------------  ----------------------
/opt/airflow/dags/php_dag.py                           1           0  0.24s           2025-11-15T17:39:35                      12
================================================================================
[2025-11-15T17:40:35.839+0000] {manager.py:1008} INFO - 
================================================================================
DAG File Processing Stats

File Path                       PID  Runtime      # DAGs    # Errors  Last Runtime    Last Run               Last # of DB Queries
----------------------------  -----  ---------  --------  ----------  --------------  -------------------  ----------------------
/opt/airflow/dags/php_dag.py    241  0.00s             1           0  0.09s           2025-11-15T17:40:05                      12
================================================================================
[2025-11-15T17:41:06.044+0000] {manager.py:1008} INFO - 
================================================================================
DAG File Processing Stats

File Path                       PID  Runtime      # DAGs    # Errors  Last Runtime    Last Run               Last # of DB Queries
----------------------------  -----  ---------  --------  ----------  --------------  -------------------  ----------------------
/opt/airflow/dags/php_dag.py    246  0.00s             1           0  0.09s           2025-11-15T17:40:35                      12
================================================================================
[2025-11-15T17:41:36.211+0000] {manager.py:1008} INFO - 
================================================================================
DAG File Processing Stats

File Path                       PID  Runtime      # DAGs    # Errors  Last Runtime    Last Run               Last # of DB Queries
----------------------------  -----  ---------  --------  ----------  --------------  -------------------  ----------------------
/opt/airflow/dags/php_dag.py    251  0.00s             1           0  0.09s           2025-11-15T17:41:06                      12
================================================================================
[2025-11-15T17:42:06.407+0000] {manager.py:1008} INFO - 
================================================================================
DAG File Processing Stats

File Path                       PID  Runtime      # DAGs    # Errors  Last Runtime    Last Run               Last # of DB Queries
----------------------------  -----  ---------  --------  ----------  --------------  -------------------  ----------------------
/opt/airflow/dags/php_dag.py    256  0.00s             1           0  0.09s           2025-11-15T17:41:36                      12
================================================================================
[2025-11-15T17:42:36.574+0000] {manager.py:1008} INFO - 
================================================================================
DAG File Processing Stats

File Path                     PID    Runtime      # DAGs    # Errors  Last Runtime    Last Run               Last # of DB Queries
----------------------------  -----  ---------  --------  ----------  --------------  -------------------  ----------------------
/opt/airflow/dags/php_dag.py                           1           0  0.23s           2025-11-15T17:42:06                      12
================================================================================
[2025-11-15T17:43:06.915+0000] {manager.py:1008} INFO - 
================================================================================
DAG File Processing Stats

File Path                     PID    Runtime      # DAGs    # Errors  Last Runtime    Last Run               Last # of DB Queries
----------------------------  -----  ---------  --------  ----------  --------------  -------------------  ----------------------
/opt/airflow/dags/php_dag.py                           1           0  0.25s           2025-11-15T17:42:37                      12
================================================================================
[2025-11-15T17:43:37.290+0000] {manager.py:1008} INFO - 
================================================================================
DAG File Processing Stats

File Path                       PID  Runtime      # DAGs    # Errors  Last Runtime    Last Run               Last # of DB Queries
----------------------------  -----  ---------  --------  ----------  --------------  -------------------  ----------------------
/opt/airflow/dags/php_dag.py    271  0.00s             1           0  0.09s           2025-11-15T17:43:07                      12
================================================================================
[2025-11-15T17:44:03.463+0000] {manager.py:832} INFO - Searching for files in /opt/airflow/dags
[2025-11-15T17:44:03.464+0000] {manager.py:835} INFO - There are 1 files in /opt/airflow/dags
[2025-11-15T17:44:07.499+0000] {manager.py:1008} INFO - 
================================================================================
DAG File Processing Stats

File Path                       PID  Runtime      # DAGs    # Errors  Last Runtime    Last Run               Last # of DB Queries
----------------------------  -----  ---------  --------  ----------  --------------  -------------------  ----------------------
/opt/airflow/dags/php_dag.py    276  0.00s             1           0  0.09s           2025-11-15T17:43:37                      12
================================================================================
[2025-11-15T17:44:37.652+0000] {manager.py:1008} INFO - 
================================================================================
DAG File Processing Stats

File Path                       PID  Runtime      # DAGs    # Errors  Last Runtime    Last Run               Last # of DB Queries
----------------------------  -----  ---------  --------  ----------  --------------  -------------------  ----------------------
/opt/airflow/dags/php_dag.py    281  0.00s             1           0  0.09s           2025-11-15T17:44:07                      12
================================================================================
[2025-11-15T17:45:07.840+0000] {manager.py:1008} INFO - 
================================================================================
DAG File Processing Stats

File Path                     PID    Runtime      # DAGs    # Errors  Last Runtime    Last Run               Last # of DB Queries
----------------------------  -----  ---------  --------  ----------  --------------  -------------------  ----------------------
/opt/airflow/dags/php_dag.py                           1           0  0.22s           2025-11-15T17:44:37                      12
================================================================================
[2025-11-15T17:45:38.145+0000] {manager.py:1008} INFO - 
================================================================================
DAG File Processing Stats

File Path                     PID    Runtime      # DAGs    # Errors  Last Runtime    Last Run               Last # of DB Queries
----------------------------  -----  ---------  --------  ----------  --------------  -------------------  ----------------------
/opt/airflow/dags/php_dag.py                           1           0  0.22s           2025-11-15T17:45:08                      12
================================================================================
[2025-11-15T17:46:08.495+0000] {manager.py:1008} INFO - 
================================================================================
DAG File Processing Stats

File Path                       PID  Runtime      # DAGs    # Errors  Last Runtime    Last Run               Last # of DB Queries
----------------------------  -----  ---------  --------  ----------  --------------  -------------------  ----------------------
/opt/airflow/dags/php_dag.py    296  0.00s             1           0  0.08s           2025-11-15T17:45:38                      12
================================================================================
[2025-11-15T17:46:38.703+0000] {manager.py:1008} INFO - 
================================================================================
DAG File Processing Stats

File Path                       PID  Runtime      # DAGs    # Errors  Last Runtime    Last Run               Last # of DB Queries
----------------------------  -----  ---------  --------  ----------  --------------  -------------------  ----------------------
/opt/airflow/dags/php_dag.py    301  0.00s             1           0  0.08s           2025-11-15T17:46:08                      12
================================================================================
[2025-11-15T17:47:08.865+0000] {manager.py:1008} INFO - 
================================================================================
DAG File Processing Stats

File Path                       PID  Runtime      # DAGs    # Errors  Last Runtime    Last Run               Last # of DB Queries
----------------------------  -----  ---------  --------  ----------  --------------  -------------------  ----------------------
/opt/airflow/dags/php_dag.py    306  0.00s             1           0  0.08s           2025-11-15T17:46:38                      12
================================================================================
[2025-11-15T17:47:39.050+0000] {manager.py:1008} INFO - 
================================================================================
DAG File Processing Stats

File Path                       PID  Runtime      # DAGs    # Errors  Last Runtime    Last Run               Last # of DB Queries
----------------------------  -----  ---------  --------  ----------  --------------  -------------------  ----------------------
/opt/airflow/dags/php_dag.py    311  0.00s             1           0  0.08s           2025-11-15T17:47:08                      12
================================================================================
[2025-11-15T17:48:09.199+0000] {manager.py:1008} INFO - 
================================================================================
DAG File Processing Stats

File Path                     PID    Runtime      # DAGs    # Errors  Last Runtime    Last Run               Last # of DB Queries
----------------------------  -----  ---------  --------  ----------  --------------  -------------------  ----------------------
/opt/airflow/dags/php_dag.py                           1           0  0.23s           2025-11-15T17:47:39                      12
================================================================================
[2025-11-15T17:48:39.554+0000] {manager.py:1008} INFO - 
================================================================================
DAG File Processing Stats

File Path                     PID    Runtime      # DAGs    # Errors  Last Runtime    Last Run               Last # of DB Queries
----------------------------  -----  ---------  --------  ----------  --------------  -------------------  ----------------------
/opt/airflow/dags/php_dag.py                           1           0  0.24s           2025-11-15T17:48:09                      12
================================================================================
[2025-11-15T17:49:03.898+0000] {manager.py:832} INFO - Searching for files in /opt/airflow/dags
[2025-11-15T17:49:03.899+0000] {manager.py:835} INFO - There are 1 files in /opt/airflow/dags
[2025-11-15T17:49:09.946+0000] {manager.py:1008} INFO - 
================================================================================
DAG File Processing Stats

File Path                       PID  Runtime      # DAGs    # Errors  Last Runtime    Last Run               Last # of DB Queries
----------------------------  -----  ---------  --------  ----------  --------------  -------------------  ----------------------
/opt/airflow/dags/php_dag.py    326  0.00s             1           0  0.09s           2025-11-15T17:48:39                      12
================================================================================
[2025-11-15T17:49:40.131+0000] {manager.py:1008} INFO - 
================================================================================
DAG File Processing Stats

File Path                       PID  Runtime      # DAGs    # Errors  Last Runtime    Last Run               Last # of DB Queries
----------------------------  -----  ---------  --------  ----------  --------------  -------------------  ----------------------
/opt/airflow/dags/php_dag.py    331  0.00s             1           0  0.09s           2025-11-15T17:49:10                      12
================================================================================
[2025-11-15T17:50:10.303+0000] {manager.py:1008} INFO - 
================================================================================
DAG File Processing Stats

File Path                       PID  Runtime      # DAGs    # Errors  Last Runtime    Last Run               Last # of DB Queries
----------------------------  -----  ---------  --------  ----------  --------------  -------------------  ----------------------
/opt/airflow/dags/php_dag.py    336  0.00s             1           0  0.08s           2025-11-15T17:49:40                      12
================================================================================
[2025-11-15T17:50:40.491+0000] {manager.py:1008} INFO - 
================================================================================
DAG File Processing Stats

File Path                       PID  Runtime      # DAGs    # Errors  Last Runtime    Last Run               Last # of DB Queries
----------------------------  -----  ---------  --------  ----------  --------------  -------------------  ----------------------
/opt/airflow/dags/php_dag.py    341  0.00s             1           0  0.09s           2025-11-15T17:50:10                      12
================================================================================
[2025-11-15T17:51:10.644+0000] {manager.py:1008} INFO - 
================================================================================
DAG File Processing Stats

File Path                     PID    Runtime      # DAGs    # Errors  Last Runtime    Last Run               Last # of DB Queries
----------------------------  -----  ---------  --------  ----------  --------------  -------------------  ----------------------
/opt/airflow/dags/php_dag.py                           1           0  0.23s           2025-11-15T17:50:40                      12
================================================================================
[2025-11-15T17:51:41.000+0000] {manager.py:1008} INFO - 
================================================================================
DAG File Processing Stats

File Path                     PID    Runtime      # DAGs    # Errors  Last Runtime    Last Run               Last # of DB Queries
----------------------------  -----  ---------  --------  ----------  --------------  -------------------  ----------------------
/opt/airflow/dags/php_dag.py                           1           0  0.23s           2025-11-15T17:51:11                      12
================================================================================
[2025-11-15T17:52:11.356+0000] {manager.py:1008} INFO - 
================================================================================
DAG File Processing Stats

File Path                       PID  Runtime      # DAGs    # Errors  Last Runtime    Last Run               Last # of DB Queries
----------------------------  -----  ---------  --------  ----------  --------------  -------------------  ----------------------
/opt/airflow/dags/php_dag.py    356  0.00s             1           0  0.08s           2025-11-15T17:51:41                      12
================================================================================
[2025-11-15T17:52:41.546+0000] {manager.py:1008} INFO - 
================================================================================
DAG File Processing Stats

File Path                       PID  Runtime      # DAGs    # Errors  Last Runtime    Last Run               Last # of DB Queries
----------------------------  -----  ---------  --------  ----------  --------------  -------------------  ----------------------
/opt/airflow/dags/php_dag.py    361  0.00s             1           0  0.08s           2025-11-15T17:52:11                      12
================================================================================
[2025-11-15T17:53:11.702+0000] {manager.py:1008} INFO - 
================================================================================
DAG File Processing Stats

File Path                       PID  Runtime      # DAGs    # Errors  Last Runtime    Last Run               Last # of DB Queries
----------------------------  -----  ---------  --------  ----------  --------------  -------------------  ----------------------
/opt/airflow/dags/php_dag.py    366  0.00s             1           0  0.08s           2025-11-15T17:52:41                      12
================================================================================
[2025-11-15T17:53:41.881+0000] {manager.py:1008} INFO - 
================================================================================
DAG File Processing Stats

File Path                     PID    Runtime      # DAGs    # Errors  Last Runtime    Last Run               Last # of DB Queries
----------------------------  -----  ---------  --------  ----------  --------------  -------------------  ----------------------
/opt/airflow/dags/php_dag.py                           1           0  0.23s           2025-11-15T17:53:11                      12
================================================================================
[2025-11-15T17:54:04.144+0000] {manager.py:832} INFO - Searching for files in /opt/airflow/dags
[2025-11-15T17:54:04.145+0000] {manager.py:835} INFO - There are 1 files in /opt/airflow/dags
[2025-11-15T17:54:12.192+0000] {manager.py:1008} INFO - 
================================================================================
DAG File Processing Stats

File Path                     PID    Runtime      # DAGs    # Errors  Last Runtime    Last Run               Last # of DB Queries
----------------------------  -----  ---------  --------  ----------  --------------  -------------------  ----------------------
/opt/airflow/dags/php_dag.py                           1           0  0.27s           2025-11-15T17:53:42                      12
================================================================================
[2025-11-15T17:54:42.603+0000] {manager.py:1008} INFO - 
================================================================================
DAG File Processing Stats

File Path                     PID    Runtime      # DAGs    # Errors  Last Runtime    Last Run               Last # of DB Queries
----------------------------  -----  ---------  --------  ----------  --------------  -------------------  ----------------------
/opt/airflow/dags/php_dag.py                           1           0  0.23s           2025-11-15T17:54:12                      12
================================================================================
[2025-11-15T17:55:12.962+0000] {manager.py:1008} INFO - 
================================================================================
DAG File Processing Stats

File Path                       PID  Runtime      # DAGs    # Errors  Last Runtime    Last Run               Last # of DB Queries
----------------------------  -----  ---------  --------  ----------  --------------  -------------------  ----------------------
/opt/airflow/dags/php_dag.py    386  0.00s             1           0  0.09s           2025-11-15T17:54:42                      12
================================================================================
[2025-11-15T17:55:43.165+0000] {manager.py:1008} INFO - 
================================================================================
DAG File Processing Stats

File Path                       PID  Runtime      # DAGs    # Errors  Last Runtime    Last Run               Last # of DB Queries
----------------------------  -----  ---------  --------  ----------  --------------  -------------------  ----------------------
/opt/airflow/dags/php_dag.py    391  0.00s             1           0  0.09s           2025-11-15T17:55:13                      12
================================================================================
[2025-11-15T17:56:13.331+0000] {manager.py:1008} INFO - 
================================================================================
DAG File Processing Stats

File Path                       PID  Runtime      # DAGs    # Errors  Last Runtime    Last Run               Last # of DB Queries
----------------------------  -----  ---------  --------  ----------  --------------  -------------------  ----------------------
/opt/airflow/dags/php_dag.py    396  0.00s             1           0  0.09s           2025-11-15T17:55:43                      12
================================================================================
[2025-11-15T17:56:43.500+0000] {manager.py:1008} INFO - 
================================================================================
DAG File Processing Stats

File Path                     PID    Runtime      # DAGs    # Errors  Last Runtime    Last Run               Last # of DB Queries
----------------------------  -----  ---------  --------  ----------  --------------  -------------------  ----------------------
/opt/airflow/dags/php_dag.py                           1           0  0.23s           2025-11-15T17:56:13                      12
================================================================================
[2025-11-15T17:57:13.833+0000] {manager.py:1008} INFO - 
================================================================================
DAG File Processing Stats

File Path                     PID    Runtime      # DAGs    # Errors  Last Runtime    Last Run               Last # of DB Queries
----------------------------  -----  ---------  --------  ----------  --------------  -------------------  ----------------------
/opt/airflow/dags/php_dag.py                           1           0  0.24s           2025-11-15T17:56:43                      12
================================================================================
[2025-11-15T17:57:44.188+0000] {manager.py:1008} INFO - 
================================================================================
DAG File Processing Stats

File Path                     PID    Runtime      # DAGs    # Errors  Last Runtime    Last Run               Last # of DB Queries
----------------------------  -----  ---------  --------  ----------  --------------  -------------------  ----------------------
/opt/airflow/dags/php_dag.py                           1           0  0.24s           2025-11-15T17:57:14                      12
================================================================================
[2025-11-15T17:58:14.569+0000] {manager.py:1008} INFO - 
================================================================================
DAG File Processing Stats

File Path                       PID  Runtime      # DAGs    # Errors  Last Runtime    Last Run               Last # of DB Queries
----------------------------  -----  ---------  --------  ----------  --------------  -------------------  ----------------------
/opt/airflow/dags/php_dag.py    416  0.00s             1           0  0.09s           2025-11-15T17:57:44                      12
================================================================================
[2025-11-15T17:58:44.783+0000] {manager.py:1008} INFO - 
================================================================================
DAG File Processing Stats

File Path                       PID  Runtime      # DAGs    # Errors  Last Runtime    Last Run               Last # of DB Queries
----------------------------  -----  ---------  --------  ----------  --------------  -------------------  ----------------------
/opt/airflow/dags/php_dag.py    421  0.00s             1           0  0.08s           2025-11-15T17:58:14                      12
================================================================================
[2025-11-15T17:59:04.884+0000] {manager.py:832} INFO - Searching for files in /opt/airflow/dags
[2025-11-15T17:59:04.884+0000] {manager.py:835} INFO - There are 1 files in /opt/airflow/dags
[2025-11-15T17:59:14.943+0000] {manager.py:1008} INFO - 
================================================================================
DAG File Processing Stats

File Path                       PID  Runtime      # DAGs    # Errors  Last Runtime    Last Run               Last # of DB Queries
----------------------------  -----  ---------  --------  ----------  --------------  -------------------  ----------------------
/opt/airflow/dags/php_dag.py    426  0.00s             1           0  0.09s           2025-11-15T17:58:44                      12
================================================================================
[2025-11-15T17:59:45.127+0000] {manager.py:1008} INFO - 
================================================================================
DAG File Processing Stats

File Path                     PID    Runtime      # DAGs    # Errors  Last Runtime    Last Run               Last # of DB Queries
----------------------------  -----  ---------  --------  ----------  --------------  -------------------  ----------------------
/opt/airflow/dags/php_dag.py                           1           0  0.23s           2025-11-15T17:59:15                      12
================================================================================
[2025-11-15T18:00:15.431+0000] {manager.py:1008} INFO - 
================================================================================
DAG File Processing Stats

File Path                     PID    Runtime      # DAGs    # Errors  Last Runtime    Last Run               Last # of DB Queries
----------------------------  -----  ---------  --------  ----------  --------------  -------------------  ----------------------
/opt/airflow/dags/php_dag.py                           1           0  0.23s           2025-11-15T17:59:45                      12
================================================================================
[2025-11-15T18:00:45.810+0000] {manager.py:1008} INFO - 
================================================================================
DAG File Processing Stats

File Path                       PID  Runtime      # DAGs    # Errors  Last Runtime    Last Run               Last # of DB Queries
----------------------------  -----  ---------  --------  ----------  --------------  -------------------  ----------------------
/opt/airflow/dags/php_dag.py    441  0.00s             1           0  0.08s           2025-11-15T18:00:15                      12
================================================================================
[2025-11-15T18:01:16.043+0000] {manager.py:1008} INFO - 
================================================================================
DAG File Processing Stats

File Path                       PID  Runtime      # DAGs    # Errors  Last Runtime    Last Run               Last # of DB Queries
----------------------------  -----  ---------  --------  ----------  --------------  -------------------  ----------------------
/opt/airflow/dags/php_dag.py    446  0.01s             1           0  0.09s           2025-11-15T18:00:45                      12
================================================================================
[2025-11-15T18:01:46.207+0000] {manager.py:1008} INFO - 
================================================================================
DAG File Processing Stats

File Path                       PID  Runtime      # DAGs    # Errors  Last Runtime    Last Run               Last # of DB Queries
----------------------------  -----  ---------  --------  ----------  --------------  -------------------  ----------------------
/opt/airflow/dags/php_dag.py    451  0.00s             1           0  0.11s           2025-11-15T18:01:16                      12
================================================================================
[2025-11-15T18:02:16.413+0000] {manager.py:1008} INFO - 
================================================================================
DAG File Processing Stats

File Path                     PID    Runtime      # DAGs    # Errors  Last Runtime    Last Run               Last # of DB Queries
----------------------------  -----  ---------  --------  ----------  --------------  -------------------  ----------------------
/opt/airflow/dags/php_dag.py                           1           0  0.23s           2025-11-15T18:01:46                      12
================================================================================
[2025-11-15T18:02:46.697+0000] {manager.py:1008} INFO - 
================================================================================
DAG File Processing Stats

File Path                     PID    Runtime      # DAGs    # Errors  Last Runtime    Last Run               Last # of DB Queries
----------------------------  -----  ---------  --------  ----------  --------------  -------------------  ----------------------
/opt/airflow/dags/php_dag.py                           1           0  0.23s           2025-11-15T18:02:16                      12
================================================================================
[2025-11-15T18:03:17.080+0000] {manager.py:1008} INFO - 
================================================================================
DAG File Processing Stats

File Path                     PID    Runtime      # DAGs    # Errors  Last Runtime    Last Run               Last # of DB Queries
----------------------------  -----  ---------  --------  ----------  --------------  -------------------  ----------------------
/opt/airflow/dags/php_dag.py                           1           0  0.23s           2025-11-15T18:02:47                      12
================================================================================
[2025-11-15T18:03:47.434+0000] {manager.py:1008} INFO - 
================================================================================
DAG File Processing Stats

File Path                       PID  Runtime      # DAGs    # Errors  Last Runtime    Last Run               Last # of DB Queries
----------------------------  -----  ---------  --------  ----------  --------------  -------------------  ----------------------
/opt/airflow/dags/php_dag.py    471  0.01s             1           0  0.09s           2025-11-15T18:03:17                      12
================================================================================
[2025-11-15T18:04:05.571+0000] {manager.py:832} INFO - Searching for files in /opt/airflow/dags
[2025-11-15T18:04:05.571+0000] {manager.py:835} INFO - There are 1 files in /opt/airflow/dags
[2025-11-15T18:04:17.643+0000] {manager.py:1008} INFO - 
================================================================================
DAG File Processing Stats

File Path                       PID  Runtime      # DAGs    # Errors  Last Runtime    Last Run               Last # of DB Queries
----------------------------  -----  ---------  --------  ----------  --------------  -------------------  ----------------------
/opt/airflow/dags/php_dag.py    476  0.00s             1           0  0.09s           2025-11-15T18:03:47                      12
================================================================================
[2025-11-15T18:04:47.795+0000] {manager.py:1008} INFO - 
================================================================================
DAG File Processing Stats

File Path                       PID  Runtime      # DAGs    # Errors  Last Runtime    Last Run               Last # of DB Queries
----------------------------  -----  ---------  --------  ----------  --------------  -------------------  ----------------------
/opt/airflow/dags/php_dag.py    481  0.00s             1           0  0.08s           2025-11-15T18:04:17                      12
================================================================================
[2025-11-15T18:05:17.998+0000] {manager.py:1008} INFO - 
================================================================================
DAG File Processing Stats

File Path                     PID    Runtime      # DAGs    # Errors  Last Runtime    Last Run               Last # of DB Queries
----------------------------  -----  ---------  --------  ----------  --------------  -------------------  ----------------------
/opt/airflow/dags/php_dag.py                           1           0  0.23s           2025-11-15T18:04:48                      12
================================================================================
[2025-11-15T18:05:48.279+0000] {manager.py:1008} INFO - 
================================================================================
DAG File Processing Stats

File Path                     PID    Runtime      # DAGs    # Errors  Last Runtime    Last Run               Last # of DB Queries
----------------------------  -----  ---------  --------  ----------  --------------  -------------------  ----------------------
/opt/airflow/dags/php_dag.py                           1           0  0.24s           2025-11-15T18:05:18                      12
================================================================================
[2025-11-15T18:06:18.659+0000] {manager.py:1008} INFO - 
================================================================================
DAG File Processing Stats

File Path                     PID    Runtime      # DAGs    # Errors  Last Runtime    Last Run               Last # of DB Queries
----------------------------  -----  ---------  --------  ----------  --------------  -------------------  ----------------------
/opt/airflow/dags/php_dag.py                           1           0  0.23s           2025-11-15T18:05:48                      12
================================================================================
[2025-11-15T18:06:49.010+0000] {manager.py:1008} INFO - 
================================================================================
DAG File Processing Stats

File Path                       PID  Runtime      # DAGs    # Errors  Last Runtime    Last Run               Last # of DB Queries
----------------------------  -----  ---------  --------  ----------  --------------  -------------------  ----------------------
/opt/airflow/dags/php_dag.py    501  0.00s             1           0  0.09s           2025-11-15T18:06:18                      12
================================================================================
[2025-11-15T18:07:19.230+0000] {manager.py:1008} INFO - 
================================================================================
DAG File Processing Stats

File Path                       PID  Runtime      # DAGs    # Errors  Last Runtime    Last Run               Last # of DB Queries
----------------------------  -----  ---------  --------  ----------  --------------  -------------------  ----------------------
/opt/airflow/dags/php_dag.py    506  0.00s             1           0  0.08s           2025-11-15T18:06:49                      12
================================================================================
[2025-11-15T18:07:49.378+0000] {manager.py:1008} INFO - 
================================================================================
DAG File Processing Stats

File Path                       PID  Runtime      # DAGs    # Errors  Last Runtime    Last Run               Last # of DB Queries
----------------------------  -----  ---------  --------  ----------  --------------  -------------------  ----------------------
/opt/airflow/dags/php_dag.py    511  0.00s             1           0  0.09s           2025-11-15T18:07:19                      12
================================================================================
[2025-11-15T18:08:19.570+0000] {manager.py:1008} INFO - 
================================================================================
DAG File Processing Stats

File Path                     PID    Runtime      # DAGs    # Errors  Last Runtime    Last Run               Last # of DB Queries
----------------------------  -----  ---------  --------  ----------  --------------  -------------------  ----------------------
/opt/airflow/dags/php_dag.py                           1           0  0.23s           2025-11-15T18:07:49                      12
================================================================================
[2025-11-15T18:08:49.881+0000] {manager.py:1008} INFO - 
================================================================================
DAG File Processing Stats

File Path                     PID    Runtime      # DAGs    # Errors  Last Runtime    Last Run               Last # of DB Queries
----------------------------  -----  ---------  --------  ----------  --------------  -------------------  ----------------------
/opt/airflow/dags/php_dag.py                           1           0  0.23s           2025-11-15T18:08:19                      12
================================================================================
[2025-11-15T18:09:06.166+0000] {manager.py:832} INFO - Searching for files in /opt/airflow/dags
[2025-11-15T18:09:06.166+0000] {manager.py:835} INFO - There are 1 files in /opt/airflow/dags
[2025-11-15T18:09:20.237+0000] {manager.py:1008} INFO - 
================================================================================
DAG File Processing Stats

File Path                     PID    Runtime      # DAGs    # Errors  Last Runtime    Last Run               Last # of DB Queries
----------------------------  -----  ---------  --------  ----------  --------------  -------------------  ----------------------
/opt/airflow/dags/php_dag.py                           1           0  0.23s           2025-11-15T18:08:50                      12
================================================================================
[2025-11-15T18:09:50.603+0000] {manager.py:1008} INFO - 
================================================================================
DAG File Processing Stats

File Path                       PID  Runtime      # DAGs    # Errors  Last Runtime    Last Run               Last # of DB Queries
----------------------------  -----  ---------  --------  ----------  --------------  -------------------  ----------------------
/opt/airflow/dags/php_dag.py    531  0.00s             1           0  0.09s           2025-11-15T18:09:20                      12
================================================================================
[2025-11-15T18:10:20.799+0000] {manager.py:1008} INFO - 
================================================================================
DAG File Processing Stats

File Path                       PID  Runtime      # DAGs    # Errors  Last Runtime    Last Run               Last # of DB Queries
----------------------------  -----  ---------  --------  ----------  --------------  -------------------  ----------------------
/opt/airflow/dags/php_dag.py    536  0.00s             1           0  0.09s           2025-11-15T18:09:50                      12
================================================================================
[2025-11-15T18:10:50.946+0000] {manager.py:1008} INFO - 
================================================================================
DAG File Processing Stats

File Path                     PID    Runtime      # DAGs    # Errors  Last Runtime    Last Run               Last # of DB Queries
----------------------------  -----  ---------  --------  ----------  --------------  -------------------  ----------------------
/opt/airflow/dags/php_dag.py                           1           0  0.23s           2025-11-15T18:10:21                      12
================================================================================
[2025-11-15T18:11:21.304+0000] {manager.py:1008} INFO - 
================================================================================
DAG File Processing Stats

File Path                     PID    Runtime      # DAGs    # Errors  Last Runtime    Last Run               Last # of DB Queries
----------------------------  -----  ---------  --------  ----------  --------------  -------------------  ----------------------
/opt/airflow/dags/php_dag.py                           1           0  0.23s           2025-11-15T18:10:51                      12
================================================================================
[2025-11-15T18:11:51.652+0000] {manager.py:1008} INFO - 
================================================================================
DAG File Processing Stats

File Path                     PID    Runtime      # DAGs    # Errors  Last Runtime    Last Run               Last # of DB Queries
----------------------------  -----  ---------  --------  ----------  --------------  -------------------  ----------------------
/opt/airflow/dags/php_dag.py                           1           0  0.23s           2025-11-15T18:11:21                      12
================================================================================
[2025-11-15T18:12:22.020+0000] {manager.py:1008} INFO - 
================================================================================
DAG File Processing Stats

File Path                       PID  Runtime      # DAGs    # Errors  Last Runtime    Last Run               Last # of DB Queries
----------------------------  -----  ---------  --------  ----------  --------------  -------------------  ----------------------
/opt/airflow/dags/php_dag.py    556  0.00s             1           0  0.08s           2025-11-15T18:11:51                      12
================================================================================
[2025-11-15T18:12:52.202+0000] {manager.py:1008} INFO - 
================================================================================
DAG File Processing Stats

File Path                       PID  Runtime      # DAGs    # Errors  Last Runtime    Last Run               Last # of DB Queries
----------------------------  -----  ---------  --------  ----------  --------------  -------------------  ----------------------
/opt/airflow/dags/php_dag.py    561  0.00s             1           0  0.08s           2025-11-15T18:12:22                      12
================================================================================
[2025-11-15T18:13:22.368+0000] {manager.py:1008} INFO - 
================================================================================
DAG File Processing Stats

File Path                       PID  Runtime      # DAGs    # Errors  Last Runtime    Last Run               Last # of DB Queries
----------------------------  -----  ---------  --------  ----------  --------------  -------------------  ----------------------
/opt/airflow/dags/php_dag.py    566  0.00s             1           0  0.08s           2025-11-15T18:12:52                      12
================================================================================
[2025-11-15T18:13:52.538+0000] {manager.py:1008} INFO - 
================================================================================
DAG File Processing Stats

File Path                     PID    Runtime      # DAGs    # Errors  Last Runtime    Last Run               Last # of DB Queries
----------------------------  -----  ---------  --------  ----------  --------------  -------------------  ----------------------
/opt/airflow/dags/php_dag.py                           1           0  0.23s           2025-11-15T18:13:22                      12
================================================================================
[2025-11-15T18:14:06.800+0000] {manager.py:832} INFO - Searching for files in /opt/airflow/dags
[2025-11-15T18:14:06.801+0000] {manager.py:835} INFO - There are 1 files in /opt/airflow/dags
[2025-11-15T18:14:22.884+0000] {manager.py:1008} INFO - 
================================================================================
DAG File Processing Stats

File Path                     PID    Runtime      # DAGs    # Errors  Last Runtime    Last Run               Last # of DB Queries
----------------------------  -----  ---------  --------  ----------  --------------  -------------------  ----------------------
/opt/airflow/dags/php_dag.py                           1           0  0.24s           2025-11-15T18:13:52                      12
================================================================================
[2025-11-15T18:14:53.255+0000] {manager.py:1008} INFO - 
================================================================================
DAG File Processing Stats

File Path                     PID    Runtime      # DAGs    # Errors  Last Runtime    Last Run               Last # of DB Queries
----------------------------  -----  ---------  --------  ----------  --------------  -------------------  ----------------------
/opt/airflow/dags/php_dag.py                           1           0  0.23s           2025-11-15T18:14:23                      12
================================================================================
[2025-11-15T18:15:23.644+0000] {manager.py:1008} INFO - 
================================================================================
DAG File Processing Stats

File Path                       PID  Runtime      # DAGs    # Errors  Last Runtime    Last Run               Last # of DB Queries
----------------------------  -----  ---------  --------  ----------  --------------  -------------------  ----------------------
/opt/airflow/dags/php_dag.py    586  0.01s             1           0  0.09s           2025-11-15T18:14:53                      12
================================================================================
[2025-11-15T18:15:53.851+0000] {manager.py:1008} INFO - 
================================================================================
DAG File Processing Stats

File Path                       PID  Runtime      # DAGs    # Errors  Last Runtime    Last Run               Last # of DB Queries
----------------------------  -----  ---------  --------  ----------  --------------  -------------------  ----------------------
/opt/airflow/dags/php_dag.py    591  0.00s             1           0  0.09s           2025-11-15T18:15:23                      12
================================================================================
[2025-11-15T18:16:24.020+0000] {manager.py:1008} INFO - 
================================================================================
DAG File Processing Stats

File Path                       PID  Runtime      # DAGs    # Errors  Last Runtime    Last Run               Last # of DB Queries
----------------------------  -----  ---------  --------  ----------  --------------  -------------------  ----------------------
/opt/airflow/dags/php_dag.py    596  0.00s             1           0  0.09s           2025-11-15T18:15:53                      12
================================================================================
[2025-11-15T18:16:54.189+0000] {manager.py:1008} INFO - 
================================================================================
DAG File Processing Stats

File Path                     PID    Runtime      # DAGs    # Errors  Last Runtime    Last Run               Last # of DB Queries
----------------------------  -----  ---------  --------  ----------  --------------  -------------------  ----------------------
/opt/airflow/dags/php_dag.py                           1           0  0.24s           2025-11-15T18:16:24                      12
================================================================================
[2025-11-15T18:17:24.533+0000] {manager.py:1008} INFO - 
================================================================================
DAG File Processing Stats

File Path                     PID    Runtime      # DAGs    # Errors  Last Runtime    Last Run               Last # of DB Queries
----------------------------  -----  ---------  --------  ----------  --------------  -------------------  ----------------------
/opt/airflow/dags/php_dag.py                           1           0  0.23s           2025-11-15T18:16:54                      12
================================================================================
[2025-11-15T18:17:54.899+0000] {manager.py:1008} INFO - 
================================================================================
DAG File Processing Stats

File Path                     PID    Runtime      # DAGs    # Errors  Last Runtime    Last Run               Last # of DB Queries
----------------------------  -----  ---------  --------  ----------  --------------  -------------------  ----------------------
/opt/airflow/dags/php_dag.py                           1           0  0.23s           2025-11-15T18:17:24                      12
================================================================================
[2025-11-15T18:18:25.247+0000] {manager.py:1008} INFO - 
================================================================================
DAG File Processing Stats

File Path                       PID  Runtime      # DAGs    # Errors  Last Runtime    Last Run               Last # of DB Queries
----------------------------  -----  ---------  --------  ----------  --------------  -------------------  ----------------------
/opt/airflow/dags/php_dag.py    616  0.00s             1           0  0.09s           2025-11-15T18:17:55                      12
================================================================================
[2025-11-15T18:18:55.467+0000] {manager.py:1008} INFO - 
================================================================================
DAG File Processing Stats

File Path                       PID  Runtime      # DAGs    # Errors  Last Runtime    Last Run               Last # of DB Queries
----------------------------  -----  ---------  --------  ----------  --------------  -------------------  ----------------------
/opt/airflow/dags/php_dag.py    621  0.00s             1           0  0.09s           2025-11-15T18:18:25                      12
================================================================================
[2025-11-15T18:19:07.531+0000] {manager.py:832} INFO - Searching for files in /opt/airflow/dags
[2025-11-15T18:19:07.531+0000] {manager.py:835} INFO - There are 1 files in /opt/airflow/dags
[2025-11-15T18:19:25.627+0000] {manager.py:1008} INFO - 
================================================================================
DAG File Processing Stats

File Path                     PID    Runtime      # DAGs    # Errors  Last Runtime    Last Run               Last # of DB Queries
----------------------------  -----  ---------  --------  ----------  --------------  -------------------  ----------------------
/opt/airflow/dags/php_dag.py                           1           0  0.24s           2025-11-15T18:18:55                      12
================================================================================
[2025-11-15T18:19:55.959+0000] {manager.py:1008} INFO - 
================================================================================
DAG File Processing Stats

File Path                     PID    Runtime      # DAGs    # Errors  Last Runtime    Last Run               Last # of DB Queries
----------------------------  -----  ---------  --------  ----------  --------------  -------------------  ----------------------
/opt/airflow/dags/php_dag.py                           1           0  0.23s           2025-11-15T18:19:26                      12
================================================================================
[2025-11-15T18:20:26.319+0000] {manager.py:1008} INFO - 
================================================================================
DAG File Processing Stats

File Path                     PID    Runtime      # DAGs    # Errors  Last Runtime    Last Run               Last # of DB Queries
----------------------------  -----  ---------  --------  ----------  --------------  -------------------  ----------------------
/opt/airflow/dags/php_dag.py                           1           0  0.24s           2025-11-15T18:19:56                      12
================================================================================
[2025-11-15T18:20:56.683+0000] {manager.py:1008} INFO - 
================================================================================
DAG File Processing Stats

File Path                     PID    Runtime      # DAGs    # Errors  Last Runtime    Last Run               Last # of DB Queries
----------------------------  -----  ---------  --------  ----------  --------------  -------------------  ----------------------
/opt/airflow/dags/php_dag.py                           1           0  0.23s           2025-11-15T18:20:26                      12
================================================================================
[2025-11-15T18:21:27.058+0000] {manager.py:1008} INFO - 
================================================================================
DAG File Processing Stats

File Path                       PID  Runtime      # DAGs    # Errors  Last Runtime    Last Run               Last # of DB Queries
----------------------------  -----  ---------  --------  ----------  --------------  -------------------  ----------------------
/opt/airflow/dags/php_dag.py    646  0.00s             1           0  0.09s           2025-11-15T18:20:56                      12
================================================================================
[2025-11-15T18:21:57.263+0000] {manager.py:1008} INFO - 
================================================================================
DAG File Processing Stats

File Path                       PID  Runtime      # DAGs    # Errors  Last Runtime    Last Run               Last # of DB Queries
----------------------------  -----  ---------  --------  ----------  --------------  -------------------  ----------------------
/opt/airflow/dags/php_dag.py    651  0.00s             1           0  0.09s           2025-11-15T18:21:27                      12
================================================================================
[2025-11-15T18:22:27.414+0000] {manager.py:1008} INFO - 
================================================================================
DAG File Processing Stats

File Path                     PID    Runtime      # DAGs    # Errors  Last Runtime    Last Run               Last # of DB Queries
----------------------------  -----  ---------  --------  ----------  --------------  -------------------  ----------------------
/opt/airflow/dags/php_dag.py                           1           0  0.23s           2025-11-15T18:21:57                      12
================================================================================
[2025-11-15T18:22:57.755+0000] {manager.py:1008} INFO - 
================================================================================
DAG File Processing Stats

File Path                     PID    Runtime      # DAGs    # Errors  Last Runtime    Last Run               Last # of DB Queries
----------------------------  -----  ---------  --------  ----------  --------------  -------------------  ----------------------
/opt/airflow/dags/php_dag.py                           1           0  0.23s           2025-11-15T18:22:27                      12
================================================================================
[2025-11-15T18:23:28.120+0000] {manager.py:1008} INFO - 
================================================================================
DAG File Processing Stats

File Path                     PID    Runtime      # DAGs    # Errors  Last Runtime    Last Run               Last # of DB Queries
----------------------------  -----  ---------  --------  ----------  --------------  -------------------  ----------------------
/opt/airflow/dags/php_dag.py                           1           0  0.23s           2025-11-15T18:22:58                      12
================================================================================
[2025-11-15T18:23:58.467+0000] {manager.py:1008} INFO - 
================================================================================
DAG File Processing Stats

File Path                     PID    Runtime      # DAGs    # Errors  Last Runtime    Last Run               Last # of DB Queries
----------------------------  -----  ---------  --------  ----------  --------------  -------------------  ----------------------
/opt/airflow/dags/php_dag.py                           1           0  0.23s           2025-11-15T18:23:28                      12
================================================================================
[2025-11-15T18:24:07.734+0000] {manager.py:832} INFO - Searching for files in /opt/airflow/dags
[2025-11-15T18:24:07.734+0000] {manager.py:835} INFO - There are 1 files in /opt/airflow/dags
[2025-11-15T18:24:28.854+0000] {manager.py:1008} INFO - 
================================================================================
DAG File Processing Stats

File Path                       PID  Runtime      # DAGs    # Errors  Last Runtime    Last Run               Last # of DB Queries
----------------------------  -----  ---------  --------  ----------  --------------  -------------------  ----------------------
/opt/airflow/dags/php_dag.py    682  0.00s             1           0  0.09s           2025-11-15T18:23:58                      12
================================================================================
[2025-11-15T18:24:59.064+0000] {manager.py:1008} INFO - 
================================================================================
DAG File Processing Stats

File Path                       PID  Runtime      # DAGs    # Errors  Last Runtime    Last Run               Last # of DB Queries
----------------------------  -----  ---------  --------  ----------  --------------  -------------------  ----------------------
/opt/airflow/dags/php_dag.py    687  0.00s             1           0  0.09s           2025-11-15T18:24:28                      12
================================================================================
[2025-11-15T18:25:29.215+0000] {manager.py:1008} INFO - 
================================================================================
DAG File Processing Stats

File Path                     PID    Runtime      # DAGs    # Errors  Last Runtime    Last Run               Last # of DB Queries
----------------------------  -----  ---------  --------  ----------  --------------  -------------------  ----------------------
/opt/airflow/dags/php_dag.py                           1           0  0.21s           2025-11-15T18:24:59                      12
================================================================================
[2025-11-15T18:25:59.611+0000] {manager.py:1008} INFO - 
================================================================================
DAG File Processing Stats

File Path                     PID    Runtime      # DAGs    # Errors  Last Runtime    Last Run               Last # of DB Queries
----------------------------  -----  ---------  --------  ----------  --------------  -------------------  ----------------------
/opt/airflow/dags/php_dag.py                           1           0  0.22s           2025-11-15T18:25:29                      12
================================================================================
[2025-11-15T18:26:29.954+0000] {manager.py:1008} INFO - 
================================================================================
DAG File Processing Stats

File Path                     PID    Runtime      # DAGs    # Errors  Last Runtime    Last Run               Last # of DB Queries
----------------------------  -----  ---------  --------  ----------  --------------  -------------------  ----------------------
/opt/airflow/dags/php_dag.py                           1           0  0.21s           2025-11-15T18:25:59                      12
================================================================================
[2025-11-15T18:27:00.328+0000] {manager.py:1008} INFO - 
================================================================================
DAG File Processing Stats

File Path                       PID  Runtime      # DAGs    # Errors  Last Runtime    Last Run               Last # of DB Queries
----------------------------  -----  ---------  --------  ----------  --------------  -------------------  ----------------------
/opt/airflow/dags/php_dag.py    719  0.00s             1           0  0.08s           2025-11-15T18:26:30                      12
================================================================================
[2025-11-15T18:27:30.566+0000] {manager.py:1008} INFO - 
================================================================================
DAG File Processing Stats

File Path                       PID  Runtime      # DAGs    # Errors  Last Runtime    Last Run               Last # of DB Queries
----------------------------  -----  ---------  --------  ----------  --------------  -------------------  ----------------------
/opt/airflow/dags/php_dag.py    724  0.00s             1           0  0.08s           2025-11-15T18:27:00                      12
================================================================================
[2025-11-15T18:28:00.748+0000] {manager.py:1008} INFO - 
================================================================================
DAG File Processing Stats

File Path                     PID    Runtime      # DAGs    # Errors  Last Runtime    Last Run               Last # of DB Queries
----------------------------  -----  ---------  --------  ----------  --------------  -------------------  ----------------------
/opt/airflow/dags/php_dag.py                           1           0  0.20s           2025-11-15T18:27:30                      12
================================================================================
[2025-11-15T18:28:31.099+0000] {manager.py:1008} INFO - 
================================================================================
DAG File Processing Stats

File Path                     PID    Runtime      # DAGs    # Errors  Last Runtime    Last Run               Last # of DB Queries
----------------------------  -----  ---------  --------  ----------  --------------  -------------------  ----------------------
/opt/airflow/dags/php_dag.py                           1           0  0.23s           2025-11-15T18:28:01                      12
================================================================================
[2025-11-15T18:29:01.434+0000] {manager.py:1008} INFO - 
================================================================================
DAG File Processing Stats

File Path                     PID    Runtime      # DAGs    # Errors  Last Runtime    Last Run               Last # of DB Queries
----------------------------  -----  ---------  --------  ----------  --------------  -------------------  ----------------------
/opt/airflow/dags/php_dag.py                           1           0  0.23s           2025-11-15T18:28:31                      12
================================================================================
[2025-11-15T18:29:07.908+0000] {manager.py:832} INFO - Searching for files in /opt/airflow/dags
[2025-11-15T18:29:07.910+0000] {manager.py:835} INFO - There are 1 files in /opt/airflow/dags
[2025-11-15T18:29:31.864+0000] {manager.py:1008} INFO - 
================================================================================
DAG File Processing Stats

File Path                     PID    Runtime      # DAGs    # Errors  Last Runtime    Last Run               Last # of DB Queries
----------------------------  -----  ---------  --------  ----------  --------------  -------------------  ----------------------
/opt/airflow/dags/php_dag.py                           1           0  0.21s           2025-11-15T18:29:01                      12
================================================================================
[2025-11-15T18:30:02.237+0000] {manager.py:1008} INFO - 
================================================================================
DAG File Processing Stats

File Path                       PID  Runtime      # DAGs    # Errors  Last Runtime    Last Run               Last # of DB Queries
----------------------------  -----  ---------  --------  ----------  --------------  -------------------  ----------------------
/opt/airflow/dags/php_dag.py    749  0.00s             1           0  0.08s           2025-11-15T18:29:32                      12
================================================================================
[2025-11-15T18:30:32.452+0000] {manager.py:1008} INFO - 
================================================================================
DAG File Processing Stats

File Path                       PID  Runtime      # DAGs    # Errors  Last Runtime    Last Run               Last # of DB Queries
----------------------------  -----  ---------  --------  ----------  --------------  -------------------  ----------------------
/opt/airflow/dags/php_dag.py    754  0.00s             1           0  0.09s           2025-11-15T18:30:02                      12
================================================================================
[2025-11-15T18:31:02.616+0000] {manager.py:1008} INFO - 
================================================================================
DAG File Processing Stats

File Path                     PID    Runtime      # DAGs    # Errors  Last Runtime    Last Run               Last # of DB Queries
----------------------------  -----  ---------  --------  ----------  --------------  -------------------  ----------------------
/opt/airflow/dags/php_dag.py                           1           0  0.22s           2025-11-15T18:30:32                      12
================================================================================
[2025-11-15T18:31:32.980+0000] {manager.py:1008} INFO - 
================================================================================
DAG File Processing Stats

File Path                     PID    Runtime      # DAGs    # Errors  Last Runtime    Last Run               Last # of DB Queries
----------------------------  -----  ---------  --------  ----------  --------------  -------------------  ----------------------
/opt/airflow/dags/php_dag.py                           1           0  0.21s           2025-11-15T18:31:03                      12
================================================================================
[2025-11-15T18:32:03.367+0000] {manager.py:1008} INFO - 
================================================================================
DAG File Processing Stats

File Path                     PID    Runtime      # DAGs    # Errors  Last Runtime    Last Run               Last # of DB Queries
----------------------------  -----  ---------  --------  ----------  --------------  -------------------  ----------------------
/opt/airflow/dags/php_dag.py                           1           0  0.22s           2025-11-15T18:31:33                      12
================================================================================
[2025-11-15T18:32:33.750+0000] {manager.py:1008} INFO - 
================================================================================
DAG File Processing Stats

File Path                     PID    Runtime      # DAGs    # Errors  Last Runtime    Last Run               Last # of DB Queries
----------------------------  -----  ---------  --------  ----------  --------------  -------------------  ----------------------
/opt/airflow/dags/php_dag.py                           1           0  0.21s           2025-11-15T18:32:03                      12
================================================================================
[2025-11-15T18:33:04.243+0000] {manager.py:1008} INFO - 
================================================================================
DAG File Processing Stats

File Path                       PID  Runtime      # DAGs    # Errors  Last Runtime    Last Run               Last # of DB Queries
----------------------------  -----  ---------  --------  ----------  --------------  -------------------  ----------------------
/opt/airflow/dags/php_dag.py    779  0.00s             1           0  0.08s           2025-11-15T18:32:34                      12
================================================================================
[2025-11-15T18:33:34.456+0000] {manager.py:1008} INFO - 
================================================================================
DAG File Processing Stats

File Path                       PID  Runtime      # DAGs    # Errors  Last Runtime    Last Run               Last # of DB Queries
----------------------------  -----  ---------  --------  ----------  --------------  -------------------  ----------------------
/opt/airflow/dags/php_dag.py    784  0.00s             1           0  0.10s           2025-11-15T18:33:04                      12
================================================================================
[2025-11-15T18:33:50.486+0000] {manager.py:468} INFO - Exiting gracefully upon receiving signal 15
[2025-11-15T18:34:10.670+0000] {manager.py:486} INFO - Processing files using up to 2 processes at a time 
[2025-11-15T18:34:10.670+0000] {manager.py:487} INFO - Process each file at most once every 30 seconds
[2025-11-15T18:34:10.671+0000] {manager.py:488} INFO - Checking for new files in /opt/airflow/dags every 300 seconds
[2025-11-15T18:34:10.671+0000] {manager.py:832} INFO - Searching for files in /opt/airflow/dags
[2025-11-15T18:34:10.671+0000] {manager.py:835} INFO - There are 1 files in /opt/airflow/dags
[2025-11-15T18:34:10.942+0000] {manager.py:1008} INFO - 
================================================================================
DAG File Processing Stats

File Path                       PID  Runtime      # DAGs    # Errors  Last Runtime    Last Run      Last # of DB Queries
----------------------------  -----  ---------  --------  ----------  --------------  ----------  ----------------------
/opt/airflow/dags/php_dag.py    176  0.02s             0           0                                                   0
================================================================================
[2025-11-15T18:34:41.120+0000] {manager.py:1008} INFO - 
================================================================================
DAG File Processing Stats

File Path                       PID  Runtime      # DAGs    # Errors  Last Runtime    Last Run               Last # of DB Queries
----------------------------  -----  ---------  --------  ----------  --------------  -------------------  ----------------------
/opt/airflow/dags/php_dag.py    181  0.00s             1           0  0.12s           2025-11-15T18:34:11                      12
================================================================================
[2025-11-15T18:35:11.326+0000] {manager.py:1008} INFO - 
================================================================================
DAG File Processing Stats

File Path                       PID  Runtime      # DAGs    # Errors  Last Runtime    Last Run               Last # of DB Queries
----------------------------  -----  ---------  --------  ----------  --------------  -------------------  ----------------------
/opt/airflow/dags/php_dag.py    186  0.00s             1           0  0.07s           2025-11-15T18:34:41                      12
================================================================================
[2025-11-15T18:35:41.511+0000] {manager.py:1008} INFO - 
================================================================================
DAG File Processing Stats

File Path                       PID  Runtime      # DAGs    # Errors  Last Runtime    Last Run               Last # of DB Queries
----------------------------  -----  ---------  --------  ----------  --------------  -------------------  ----------------------
/opt/airflow/dags/php_dag.py    194  0.00s             1           0  0.09s           2025-11-15T18:35:11                      12
================================================================================
[2025-11-15T18:36:11.719+0000] {manager.py:1008} INFO - 
================================================================================
DAG File Processing Stats

File Path                       PID  Runtime      # DAGs    # Errors  Last Runtime    Last Run               Last # of DB Queries
----------------------------  -----  ---------  --------  ----------  --------------  -------------------  ----------------------
/opt/airflow/dags/php_dag.py    199  0.00s             1           0  0.08s           2025-11-15T18:35:41                      12
================================================================================
[2025-11-15T18:36:41.948+0000] {manager.py:1008} INFO - 
================================================================================
DAG File Processing Stats

File Path                       PID  Runtime      # DAGs    # Errors  Last Runtime    Last Run               Last # of DB Queries
----------------------------  -----  ---------  --------  ----------  --------------  -------------------  ----------------------
/opt/airflow/dags/php_dag.py    204  0.00s             1           0  0.09s           2025-11-15T18:36:11                      12
================================================================================
[2025-11-15T18:37:12.163+0000] {manager.py:1008} INFO - 
================================================================================
DAG File Processing Stats

File Path                       PID  Runtime      # DAGs    # Errors  Last Runtime    Last Run               Last # of DB Queries
----------------------------  -----  ---------  --------  ----------  --------------  -------------------  ----------------------
/opt/airflow/dags/php_dag.py    212  0.00s             1           0  0.09s           2025-11-15T18:36:42                      12
================================================================================
[2025-11-15T18:37:42.360+0000] {manager.py:1008} INFO - 
================================================================================
DAG File Processing Stats

File Path                       PID  Runtime      # DAGs    # Errors  Last Runtime    Last Run               Last # of DB Queries
----------------------------  -----  ---------  --------  ----------  --------------  -------------------  ----------------------
/opt/airflow/dags/php_dag.py    217  0.00s             1           0  0.08s           2025-11-15T18:37:12                      12
================================================================================
[2025-11-15T18:38:12.528+0000] {manager.py:1008} INFO - 
================================================================================
DAG File Processing Stats

File Path                       PID  Runtime      # DAGs    # Errors  Last Runtime    Last Run               Last # of DB Queries
----------------------------  -----  ---------  --------  ----------  --------------  -------------------  ----------------------
/opt/airflow/dags/php_dag.py    222  0.00s             1           0  0.08s           2025-11-15T18:37:42                      12
================================================================================
[2025-11-15T18:38:42.749+0000] {manager.py:1008} INFO - 
================================================================================
DAG File Processing Stats

File Path                       PID  Runtime      # DAGs    # Errors  Last Runtime    Last Run               Last # of DB Queries
----------------------------  -----  ---------  --------  ----------  --------------  -------------------  ----------------------
/opt/airflow/dags/php_dag.py    227  0.00s             1           0  0.09s           2025-11-15T18:38:12                      12
================================================================================
[2025-11-15T18:39:10.912+0000] {manager.py:832} INFO - Searching for files in /opt/airflow/dags
[2025-11-15T18:39:10.913+0000] {manager.py:835} INFO - There are 1 files in /opt/airflow/dags
[2025-11-15T18:39:12.932+0000] {manager.py:1008} INFO - 
================================================================================
DAG File Processing Stats

File Path                       PID  Runtime      # DAGs    # Errors  Last Runtime    Last Run               Last # of DB Queries
----------------------------  -----  ---------  --------  ----------  --------------  -------------------  ----------------------
/opt/airflow/dags/php_dag.py    232  0.00s             1           0  0.08s           2025-11-15T18:38:42                      12
================================================================================
[2025-11-15T18:39:43.123+0000] {manager.py:1008} INFO - 
================================================================================
DAG File Processing Stats

File Path                     PID    Runtime      # DAGs    # Errors  Last Runtime    Last Run               Last # of DB Queries
----------------------------  -----  ---------  --------  ----------  --------------  -------------------  ----------------------
/opt/airflow/dags/php_dag.py                           1           0  0.22s           2025-11-15T18:39:13                      12
================================================================================
[2025-11-15T18:40:13.439+0000] {manager.py:1008} INFO - 
================================================================================
DAG File Processing Stats

File Path                     PID    Runtime      # DAGs    # Errors  Last Runtime    Last Run               Last # of DB Queries
----------------------------  -----  ---------  --------  ----------  --------------  -------------------  ----------------------
/opt/airflow/dags/php_dag.py                           1           0  0.22s           2025-11-15T18:39:43                      12
================================================================================
[2025-11-15T18:40:43.881+0000] {manager.py:1008} INFO - 
================================================================================
DAG File Processing Stats

File Path                       PID  Runtime      # DAGs    # Errors  Last Runtime    Last Run               Last # of DB Queries
----------------------------  -----  ---------  --------  ----------  --------------  -------------------  ----------------------
/opt/airflow/dags/php_dag.py    247  0.00s             1           0  0.08s           2025-11-15T18:40:13                      12
================================================================================
[2025-11-15T18:41:14.073+0000] {manager.py:1008} INFO - 
================================================================================
DAG File Processing Stats

File Path                       PID  Runtime      # DAGs    # Errors  Last Runtime    Last Run               Last # of DB Queries
----------------------------  -----  ---------  --------  ----------  --------------  -------------------  ----------------------
/opt/airflow/dags/php_dag.py    252  0.00s             1           0  0.08s           2025-11-15T18:40:43                      12
================================================================================
[2025-11-15T18:41:44.323+0000] {manager.py:1008} INFO - 
================================================================================
DAG File Processing Stats

File Path                       PID  Runtime      # DAGs    # Errors  Last Runtime    Last Run               Last # of DB Queries
----------------------------  -----  ---------  --------  ----------  --------------  -------------------  ----------------------
/opt/airflow/dags/php_dag.py    257  0.00s             1           0  0.09s           2025-11-15T18:41:14                      12
================================================================================
[2025-11-15T18:42:14.538+0000] {manager.py:1008} INFO - 
================================================================================
DAG File Processing Stats

File Path                       PID  Runtime      # DAGs    # Errors  Last Runtime    Last Run               Last # of DB Queries
----------------------------  -----  ---------  --------  ----------  --------------  -------------------  ----------------------
/opt/airflow/dags/php_dag.py    262  0.00s             1           0  0.11s           2025-11-15T18:41:44                      12
================================================================================
[2025-11-15T18:42:44.828+0000] {manager.py:1008} INFO - 
================================================================================
DAG File Processing Stats

File Path                       PID  Runtime      # DAGs    # Errors  Last Runtime    Last Run               Last # of DB Queries
----------------------------  -----  ---------  --------  ----------  --------------  -------------------  ----------------------
/opt/airflow/dags/php_dag.py    267  0.00s             1           0  0.22s           2025-11-15T18:42:14                      12
================================================================================
[2025-11-15T18:43:15.106+0000] {manager.py:1008} INFO - 
================================================================================
DAG File Processing Stats

File Path                       PID  Runtime      # DAGs    # Errors  Last Runtime    Last Run               Last # of DB Queries
----------------------------  -----  ---------  --------  ----------  --------------  -------------------  ----------------------
/opt/airflow/dags/php_dag.py    272  0.00s             1           0  0.20s           2025-11-15T18:42:45                      12
================================================================================
[2025-11-15T18:43:45.248+0000] {manager.py:1008} INFO - 
================================================================================
DAG File Processing Stats

File Path                       PID  Runtime      # DAGs    # Errors  Last Runtime    Last Run               Last # of DB Queries
----------------------------  -----  ---------  --------  ----------  --------------  -------------------  ----------------------
/opt/airflow/dags/php_dag.py    277  0.00s             1           0  0.08s           2025-11-15T18:43:15                      12
================================================================================
[2025-11-15T18:44:11.432+0000] {manager.py:832} INFO - Searching for files in /opt/airflow/dags
[2025-11-15T18:44:11.434+0000] {manager.py:835} INFO - There are 1 files in /opt/airflow/dags
[2025-11-15T18:44:15.463+0000] {manager.py:1008} INFO - 
================================================================================
DAG File Processing Stats

File Path                       PID  Runtime      # DAGs    # Errors  Last Runtime    Last Run               Last # of DB Queries
----------------------------  -----  ---------  --------  ----------  --------------  -------------------  ----------------------
/opt/airflow/dags/php_dag.py    282  0.00s             1           0  0.08s           2025-11-15T18:43:45                      12
================================================================================
[2025-11-15T18:44:45.640+0000] {manager.py:1008} INFO - 
================================================================================
DAG File Processing Stats

File Path                       PID  Runtime      # DAGs    # Errors  Last Runtime    Last Run               Last # of DB Queries
----------------------------  -----  ---------  --------  ----------  --------------  -------------------  ----------------------
/opt/airflow/dags/php_dag.py    287  0.00s             1           0  0.09s           2025-11-15T18:44:15                      12
================================================================================
[2025-11-15T18:45:15.855+0000] {manager.py:1008} INFO - 
================================================================================
DAG File Processing Stats

File Path                       PID  Runtime      # DAGs    # Errors  Last Runtime    Last Run               Last # of DB Queries
----------------------------  -----  ---------  --------  ----------  --------------  -------------------  ----------------------
/opt/airflow/dags/php_dag.py    292  0.00s             1           0  0.20s           2025-11-15T18:44:45                      12
================================================================================
[2025-11-15T18:45:19.347+0000] {manager.py:468} INFO - Exiting gracefully upon receiving signal 15
[2025-11-15T18:45:40.877+0000] {manager.py:486} INFO - Processing files using up to 2 processes at a time 
[2025-11-15T18:45:40.878+0000] {manager.py:487} INFO - Process each file at most once every 30 seconds
[2025-11-15T18:45:40.878+0000] {manager.py:488} INFO - Checking for new files in /opt/airflow/dags every 300 seconds
[2025-11-15T18:45:40.878+0000] {manager.py:832} INFO - Searching for files in /opt/airflow/dags
[2025-11-15T18:45:40.879+0000] {manager.py:835} INFO - There are 1 files in /opt/airflow/dags
[2025-11-15T18:45:41.182+0000] {manager.py:1008} INFO - 
================================================================================
DAG File Processing Stats

File Path                       PID  Runtime      # DAGs    # Errors  Last Runtime    Last Run      Last # of DB Queries
----------------------------  -----  ---------  --------  ----------  --------------  ----------  ----------------------
/opt/airflow/dags/php_dag.py    176  0.02s             0           0                                                   0
================================================================================
[2025-11-15T18:46:11.348+0000] {manager.py:1008} INFO - 
================================================================================
DAG File Processing Stats

File Path                       PID  Runtime      # DAGs    # Errors  Last Runtime    Last Run               Last # of DB Queries
----------------------------  -----  ---------  --------  ----------  --------------  -------------------  ----------------------
/opt/airflow/dags/php_dag.py    181  0.00s             1           0  0.12s           2025-11-15T18:45:41                      12
================================================================================
[2025-11-15T18:46:41.600+0000] {manager.py:1008} INFO - 
================================================================================
DAG File Processing Stats

File Path                       PID  Runtime      # DAGs    # Errors  Last Runtime    Last Run               Last # of DB Queries
----------------------------  -----  ---------  --------  ----------  --------------  -------------------  ----------------------
/opt/airflow/dags/php_dag.py    189  0.00s             1           0  0.08s           2025-11-15T18:46:11                      12
================================================================================
[2025-11-15T18:47:11.815+0000] {manager.py:1008} INFO - 
================================================================================
DAG File Processing Stats

File Path                       PID  Runtime      # DAGs    # Errors  Last Runtime    Last Run               Last # of DB Queries
----------------------------  -----  ---------  --------  ----------  --------------  -------------------  ----------------------
/opt/airflow/dags/php_dag.py    194  0.00s             1           0  0.08s           2025-11-15T18:46:41                      12
================================================================================
[2025-11-15T18:47:42.070+0000] {manager.py:1008} INFO - 
================================================================================
DAG File Processing Stats

File Path                       PID  Runtime      # DAGs    # Errors  Last Runtime    Last Run               Last # of DB Queries
----------------------------  -----  ---------  --------  ----------  --------------  -------------------  ----------------------
/opt/airflow/dags/php_dag.py    202  0.00s             1           0  0.08s           2025-11-15T18:47:11                      12
================================================================================
[2025-11-15T18:48:12.226+0000] {manager.py:1008} INFO - 
================================================================================
DAG File Processing Stats

File Path                       PID  Runtime      # DAGs    # Errors  Last Runtime    Last Run               Last # of DB Queries
----------------------------  -----  ---------  --------  ----------  --------------  -------------------  ----------------------
/opt/airflow/dags/php_dag.py    210  0.00s             1           0  0.08s           2025-11-15T18:47:42                      12
================================================================================
[2025-11-15T18:48:42.417+0000] {manager.py:1008} INFO - 
================================================================================
DAG File Processing Stats

File Path                       PID  Runtime      # DAGs    # Errors  Last Runtime    Last Run               Last # of DB Queries
----------------------------  -----  ---------  --------  ----------  --------------  -------------------  ----------------------
/opt/airflow/dags/php_dag.py    215  0.00s             1           0  0.08s           2025-11-15T18:48:12                      12
================================================================================
[2025-11-15T18:49:12.592+0000] {manager.py:1008} INFO - 
================================================================================
DAG File Processing Stats

File Path                       PID  Runtime      # DAGs    # Errors  Last Runtime    Last Run               Last # of DB Queries
----------------------------  -----  ---------  --------  ----------  --------------  -------------------  ----------------------
/opt/airflow/dags/php_dag.py    223  0.00s             1           0  0.08s           2025-11-15T18:48:42                      12
================================================================================
[2025-11-15T18:49:42.780+0000] {manager.py:1008} INFO - 
================================================================================
DAG File Processing Stats

File Path                       PID  Runtime      # DAGs    # Errors  Last Runtime    Last Run               Last # of DB Queries
----------------------------  -----  ---------  --------  ----------  --------------  -------------------  ----------------------
/opt/airflow/dags/php_dag.py    228  0.00s             1           0  0.09s           2025-11-15T18:49:12                      12
================================================================================
[2025-11-15T18:50:12.962+0000] {manager.py:1008} INFO - 
================================================================================
DAG File Processing Stats

File Path                       PID  Runtime      # DAGs    # Errors  Last Runtime    Last Run               Last # of DB Queries
----------------------------  -----  ---------  --------  ----------  --------------  -------------------  ----------------------
/opt/airflow/dags/php_dag.py    233  0.00s             1           0  0.09s           2025-11-15T18:49:42                      12
================================================================================
[2025-11-15T18:50:41.127+0000] {manager.py:832} INFO - Searching for files in /opt/airflow/dags
[2025-11-15T18:50:41.128+0000] {manager.py:835} INFO - There are 1 files in /opt/airflow/dags
[2025-11-15T18:50:43.149+0000] {manager.py:1008} INFO - 
================================================================================
DAG File Processing Stats

File Path                       PID  Runtime      # DAGs    # Errors  Last Runtime    Last Run               Last # of DB Queries
----------------------------  -----  ---------  --------  ----------  --------------  -------------------  ----------------------
/opt/airflow/dags/php_dag.py    238  0.00s             1           0  0.09s           2025-11-15T18:50:13                      12
================================================================================
[2025-11-15T18:51:13.335+0000] {manager.py:1008} INFO - 
================================================================================
DAG File Processing Stats

File Path                     PID    Runtime      # DAGs    # Errors  Last Runtime    Last Run               Last # of DB Queries
----------------------------  -----  ---------  --------  ----------  --------------  -------------------  ----------------------
/opt/airflow/dags/php_dag.py                           1           0  0.24s           2025-11-15T18:50:43                      12
================================================================================
[2025-11-15T18:51:43.676+0000] {manager.py:1008} INFO - 
================================================================================
DAG File Processing Stats

File Path                     PID    Runtime      # DAGs    # Errors  Last Runtime    Last Run               Last # of DB Queries
----------------------------  -----  ---------  --------  ----------  --------------  -------------------  ----------------------
/opt/airflow/dags/php_dag.py                           1           0  0.22s           2025-11-15T18:51:13                      12
================================================================================
[2025-11-15T18:52:14.042+0000] {manager.py:1008} INFO - 
================================================================================
DAG File Processing Stats

File Path                       PID  Runtime      # DAGs    # Errors  Last Runtime    Last Run               Last # of DB Queries
----------------------------  -----  ---------  --------  ----------  --------------  -------------------  ----------------------
/opt/airflow/dags/php_dag.py    253  0.00s             1           0  0.09s           2025-11-15T18:51:43                      12
================================================================================
[2025-11-15T18:52:44.271+0000] {manager.py:1008} INFO - 
================================================================================
DAG File Processing Stats

File Path                       PID  Runtime      # DAGs    # Errors  Last Runtime    Last Run               Last # of DB Queries
----------------------------  -----  ---------  --------  ----------  --------------  -------------------  ----------------------
/opt/airflow/dags/php_dag.py    258  0.01s             1           0  0.09s           2025-11-15T18:52:14                      12
================================================================================
[2025-11-15T18:53:14.446+0000] {manager.py:1008} INFO - 
================================================================================
DAG File Processing Stats

File Path                       PID  Runtime      # DAGs    # Errors  Last Runtime    Last Run               Last # of DB Queries
----------------------------  -----  ---------  --------  ----------  --------------  -------------------  ----------------------
/opt/airflow/dags/php_dag.py    263  0.00s             1           0  0.12s           2025-11-15T18:52:44                      12
================================================================================
[2025-11-15T18:53:44.658+0000] {manager.py:1008} INFO - 
================================================================================
DAG File Processing Stats

File Path                       PID  Runtime      # DAGs    # Errors  Last Runtime    Last Run               Last # of DB Queries
----------------------------  -----  ---------  --------  ----------  --------------  -------------------  ----------------------
/opt/airflow/dags/php_dag.py    268  0.00s             1           0  0.11s           2025-11-15T18:53:14                      12
================================================================================
[2025-11-15T18:54:14.801+0000] {manager.py:1008} INFO - 
================================================================================
DAG File Processing Stats

File Path                     PID    Runtime      # DAGs    # Errors  Last Runtime    Last Run               Last # of DB Queries
----------------------------  -----  ---------  --------  ----------  --------------  -------------------  ----------------------
/opt/airflow/dags/php_dag.py                           1           0  0.25s           2025-11-15T18:53:44                      12
================================================================================
[2025-11-15T18:54:45.169+0000] {manager.py:1008} INFO - 
================================================================================
DAG File Processing Stats

File Path                     PID    Runtime      # DAGs    # Errors  Last Runtime    Last Run               Last # of DB Queries
----------------------------  -----  ---------  --------  ----------  --------------  -------------------  ----------------------
/opt/airflow/dags/php_dag.py                           1           0  0.25s           2025-11-15T18:54:15                      12
================================================================================
[2025-11-15T18:55:15.540+0000] {manager.py:1008} INFO - 
================================================================================
DAG File Processing Stats

File Path                       PID  Runtime      # DAGs    # Errors  Last Runtime    Last Run               Last # of DB Queries
----------------------------  -----  ---------  --------  ----------  --------------  -------------------  ----------------------
/opt/airflow/dags/php_dag.py    283  0.00s             1           0  0.09s           2025-11-15T18:54:45                      12
================================================================================
[2025-11-15T18:55:41.721+0000] {manager.py:832} INFO - Searching for files in /opt/airflow/dags
[2025-11-15T18:55:41.723+0000] {manager.py:835} INFO - There are 1 files in /opt/airflow/dags
[2025-11-15T18:55:45.756+0000] {manager.py:1008} INFO - 
================================================================================
DAG File Processing Stats

File Path                       PID  Runtime      # DAGs    # Errors  Last Runtime    Last Run               Last # of DB Queries
----------------------------  -----  ---------  --------  ----------  --------------  -------------------  ----------------------
/opt/airflow/dags/php_dag.py    288  0.00s             1           0  0.08s           2025-11-15T18:55:15                      12
================================================================================
[2025-11-15T18:56:15.909+0000] {manager.py:1008} INFO - 
================================================================================
DAG File Processing Stats

File Path                       PID  Runtime      # DAGs    # Errors  Last Runtime    Last Run               Last # of DB Queries
----------------------------  -----  ---------  --------  ----------  --------------  -------------------  ----------------------
/opt/airflow/dags/php_dag.py    293  0.00s             1           0  0.09s           2025-11-15T18:55:45                      12
================================================================================
[2025-11-15T18:56:46.112+0000] {manager.py:1008} INFO - 
================================================================================
DAG File Processing Stats

File Path                     PID    Runtime      # DAGs    # Errors  Last Runtime    Last Run               Last # of DB Queries
----------------------------  -----  ---------  --------  ----------  --------------  -------------------  ----------------------
/opt/airflow/dags/php_dag.py                           1           0  0.25s           2025-11-15T18:56:16                      12
================================================================================
[2025-11-15T18:57:16.433+0000] {manager.py:1008} INFO - 
================================================================================
DAG File Processing Stats

File Path                     PID    Runtime      # DAGs    # Errors  Last Runtime    Last Run               Last # of DB Queries
----------------------------  -----  ---------  --------  ----------  --------------  -------------------  ----------------------
/opt/airflow/dags/php_dag.py                           1           0  0.21s           2025-11-15T18:56:46                      12
================================================================================
[2025-11-15T18:57:46.812+0000] {manager.py:1008} INFO - 
================================================================================
DAG File Processing Stats

File Path                     PID    Runtime      # DAGs    # Errors  Last Runtime    Last Run               Last # of DB Queries
----------------------------  -----  ---------  --------  ----------  --------------  -------------------  ----------------------
/opt/airflow/dags/php_dag.py                           1           0  0.20s           2025-11-15T18:57:16                      12
================================================================================
[2025-11-15T18:58:17.148+0000] {manager.py:1008} INFO - 
================================================================================
DAG File Processing Stats

File Path                       PID  Runtime      # DAGs    # Errors  Last Runtime    Last Run               Last # of DB Queries
----------------------------  -----  ---------  --------  ----------  --------------  -------------------  ----------------------
/opt/airflow/dags/php_dag.py    313  0.00s             1           0  0.08s           2025-11-15T18:57:47                      12
================================================================================
[2025-11-15T18:58:47.336+0000] {manager.py:1008} INFO - 
================================================================================
DAG File Processing Stats

File Path                       PID  Runtime      # DAGs    # Errors  Last Runtime    Last Run               Last # of DB Queries
----------------------------  -----  ---------  --------  ----------  --------------  -------------------  ----------------------
/opt/airflow/dags/php_dag.py    318  0.00s             1           0  0.09s           2025-11-15T18:58:17                      12
================================================================================
[2025-11-15T18:59:17.528+0000] {manager.py:1008} INFO - 
================================================================================
DAG File Processing Stats

File Path                       PID  Runtime      # DAGs    # Errors  Last Runtime    Last Run               Last # of DB Queries
----------------------------  -----  ---------  --------  ----------  --------------  -------------------  ----------------------
/opt/airflow/dags/php_dag.py    323  0.00s             1           0  0.08s           2025-11-15T18:58:47                      12
================================================================================
[2025-11-15T18:59:47.708+0000] {manager.py:1008} INFO - 
================================================================================
DAG File Processing Stats

File Path                     PID    Runtime      # DAGs    # Errors  Last Runtime    Last Run               Last # of DB Queries
----------------------------  -----  ---------  --------  ----------  --------------  -------------------  ----------------------
/opt/airflow/dags/php_dag.py                           1           0  0.22s           2025-11-15T18:59:17                      12
================================================================================
[2025-11-15T19:00:18.063+0000] {manager.py:1008} INFO - 
================================================================================
DAG File Processing Stats

File Path                     PID    Runtime      # DAGs    # Errors  Last Runtime    Last Run               Last # of DB Queries
----------------------------  -----  ---------  --------  ----------  --------------  -------------------  ----------------------
/opt/airflow/dags/php_dag.py                           1           0  0.21s           2025-11-15T18:59:48                      12
================================================================================
[2025-11-15T19:00:42.411+0000] {manager.py:832} INFO - Searching for files in /opt/airflow/dags
[2025-11-15T19:00:42.412+0000] {manager.py:835} INFO - There are 1 files in /opt/airflow/dags
[2025-11-15T19:00:48.459+0000] {manager.py:1008} INFO - 
================================================================================
DAG File Processing Stats

File Path                       PID  Runtime      # DAGs    # Errors  Last Runtime    Last Run               Last # of DB Queries
----------------------------  -----  ---------  --------  ----------  --------------  -------------------  ----------------------
/opt/airflow/dags/php_dag.py    353  0.00s             1           0  0.08s           2025-11-15T19:00:18                      12
================================================================================
[2025-11-15T19:00:51.410+0000] {manager.py:468} INFO - Exiting gracefully upon receiving signal 15
[2025-11-15T19:02:39.635+0000] {manager.py:486} INFO - Processing files using up to 2 processes at a time 
[2025-11-15T19:02:39.635+0000] {manager.py:487} INFO - Process each file at most once every 30 seconds
[2025-11-15T19:02:39.636+0000] {manager.py:488} INFO - Checking for new files in /opt/airflow/dags every 300 seconds
[2025-11-15T19:02:39.636+0000] {manager.py:832} INFO - Searching for files in /opt/airflow/dags
[2025-11-15T19:02:39.637+0000] {manager.py:835} INFO - There are 1 files in /opt/airflow/dags
[2025-11-15T19:02:39.917+0000] {manager.py:1008} INFO - 
================================================================================
DAG File Processing Stats

File Path                       PID  Runtime      # DAGs    # Errors  Last Runtime    Last Run      Last # of DB Queries
----------------------------  -----  ---------  --------  ----------  --------------  ----------  ----------------------
/opt/airflow/dags/php_dag.py    176  0.02s             0           0                                                   0
================================================================================
[2025-11-15T19:03:10.078+0000] {manager.py:1008} INFO - 
================================================================================
DAG File Processing Stats

File Path                       PID  Runtime      # DAGs    # Errors  Last Runtime    Last Run               Last # of DB Queries
----------------------------  -----  ---------  --------  ----------  --------------  -------------------  ----------------------
/opt/airflow/dags/php_dag.py    184  0.00s             1           0  0.12s           2025-11-15T19:02:40                      12
================================================================================
[2025-11-15T19:03:40.311+0000] {manager.py:1008} INFO - 
================================================================================
DAG File Processing Stats

File Path                       PID  Runtime      # DAGs    # Errors  Last Runtime    Last Run               Last # of DB Queries
----------------------------  -----  ---------  --------  ----------  --------------  -------------------  ----------------------
/opt/airflow/dags/php_dag.py    189  0.00s             1           0  0.08s           2025-11-15T19:03:10                      12
================================================================================
[2025-11-15T19:04:10.462+0000] {manager.py:1008} INFO - 
================================================================================
DAG File Processing Stats

File Path                       PID  Runtime      # DAGs    # Errors  Last Runtime    Last Run               Last # of DB Queries
----------------------------  -----  ---------  --------  ----------  --------------  -------------------  ----------------------
/opt/airflow/dags/php_dag.py    194  0.00s             1           0  0.09s           2025-11-15T19:03:40                      12
================================================================================
[2025-11-15T19:04:40.661+0000] {manager.py:1008} INFO - 
================================================================================
DAG File Processing Stats

File Path                       PID  Runtime      # DAGs    # Errors  Last Runtime    Last Run               Last # of DB Queries
----------------------------  -----  ---------  --------  ----------  --------------  -------------------  ----------------------
/opt/airflow/dags/php_dag.py    199  0.00s             1           0  0.10s           2025-11-15T19:04:10                      12
================================================================================
[2025-11-15T19:05:10.828+0000] {manager.py:1008} INFO - 
================================================================================
DAG File Processing Stats

File Path                       PID  Runtime      # DAGs    # Errors  Last Runtime    Last Run               Last # of DB Queries
----------------------------  -----  ---------  --------  ----------  --------------  -------------------  ----------------------
/opt/airflow/dags/php_dag.py    204  0.00s             1           0  0.08s           2025-11-15T19:04:40                      12
================================================================================
[2025-11-15T19:05:41.022+0000] {manager.py:1008} INFO - 
================================================================================
DAG File Processing Stats

File Path                       PID  Runtime      # DAGs    # Errors  Last Runtime    Last Run               Last # of DB Queries
----------------------------  -----  ---------  --------  ----------  --------------  -------------------  ----------------------
/opt/airflow/dags/php_dag.py    209  0.00s             1           0  0.08s           2025-11-15T19:05:10                      12
================================================================================
[2025-11-15T19:06:11.191+0000] {manager.py:1008} INFO - 
================================================================================
DAG File Processing Stats

File Path                       PID  Runtime      # DAGs    # Errors  Last Runtime    Last Run               Last # of DB Queries
----------------------------  -----  ---------  --------  ----------  --------------  -------------------  ----------------------
/opt/airflow/dags/php_dag.py    214  0.00s             1           0  0.10s           2025-11-15T19:05:41                      12
================================================================================
[2025-11-15T19:06:41.413+0000] {manager.py:1008} INFO - 
================================================================================
DAG File Processing Stats

File Path                       PID  Runtime      # DAGs    # Errors  Last Runtime    Last Run               Last # of DB Queries
----------------------------  -----  ---------  --------  ----------  --------------  -------------------  ----------------------
/opt/airflow/dags/php_dag.py    219  0.00s             1           0  0.10s           2025-11-15T19:06:11                      12
================================================================================
[2025-11-15T19:07:11.586+0000] {manager.py:1008} INFO - 
================================================================================
DAG File Processing Stats

File Path                       PID  Runtime      # DAGs    # Errors  Last Runtime    Last Run               Last # of DB Queries
----------------------------  -----  ---------  --------  ----------  --------------  -------------------  ----------------------
/opt/airflow/dags/php_dag.py    224  0.00s             1           0  0.09s           2025-11-15T19:06:41                      12
================================================================================
[2025-11-15T19:07:39.769+0000] {manager.py:832} INFO - Searching for files in /opt/airflow/dags
[2025-11-15T19:07:39.770+0000] {manager.py:835} INFO - There are 1 files in /opt/airflow/dags
[2025-11-15T19:07:41.790+0000] {manager.py:1008} INFO - 
================================================================================
DAG File Processing Stats

File Path                       PID  Runtime      # DAGs    # Errors  Last Runtime    Last Run               Last # of DB Queries
----------------------------  -----  ---------  --------  ----------  --------------  -------------------  ----------------------
/opt/airflow/dags/php_dag.py    229  0.00s             1           0  0.08s           2025-11-15T19:07:11                      12
================================================================================
[2025-11-15T19:08:11.950+0000] {manager.py:1008} INFO - 
================================================================================
DAG File Processing Stats

File Path                     PID    Runtime      # DAGs    # Errors  Last Runtime    Last Run               Last # of DB Queries
----------------------------  -----  ---------  --------  ----------  --------------  -------------------  ----------------------
/opt/airflow/dags/php_dag.py                           1           0  0.22s           2025-11-15T19:07:42                      12
================================================================================
